group_id,change_class,n_columns,n_question_groups,question_groups,columns,source_columns,mapping_pattern_json
G01,label_to_numeric_plus_missing_standardization,153,29,v10;v11;v12;v19;v22;v23;v24;v25;v26;v27;v28;v29;v30;v31;v32;v33;v4;v43;v44;v45;v49;v5;v51;v52;v54;v59;v6;v7;v9,v4_1;v4_2;v4_3;v5_1;v5_2;v5_3;v5_4;v5_5;v5_6;v6_1;v6_2;v6_3;v6_4;v6_5;v6_6;v6_7;v6_8;v6_9;v6_10;v7a_1;v7a_2;v7a_3;v7a_4;v7a_5;v7a_6;v7b_1;v7b_2;v7b_3;v7b_4;v7b_5;v7b_6;v9_1;v9_2;v9_3;v10_1;v10_2;v11_1;v11_2;v12_1;v12_2;v12_3;v19_1;v19_2;v19_3;v19_4;v19_5;v19_6;v19_7;v19_8;v19_9;v19_10;v22_1;v22_2;v22_3;v22_4;v22_5;v22_6;v23_1;v23_2;v23_3;v23_4;v23_5;v23_6;v23_7;v23_8;v23_9;v24_1;v24_2;v24_3;v24_4;v24_5;v24_6;v25_1;v25_2;v25_3;v25_4;v25_5;v25_6;v25_7;v25_8;v25_9;v25_10;v25_11;v25_12;v25_13;v25_14;v25_15;v26_1;v26_2;v26_3;v26_4;v26_5;v26_6;v27_1;v27_2;v27_3;v27_4;v28_1;v28_2;v28_3;v28_4;v28_5;v28_6;v28_7;v28_8;v28_9;v28_10;v29_1;v29_2;v29_3;v29_4;v29_5;v30;v31;v32;v33;v43_1;v43_2;v44_1;v44_2;v44_3;v44_4;v44_5;v45_1;v45_2;v45_3;v45_4;v49;v51;v52_1;v52_2;v52_3;v54_1;v54_2;v54_3;v54_4;v54_5;v54_6;v54_7;v54_8;v54_9;v54_10;v54_11;v54_12;v54_13;v54_14;v54_15;v54_16;v54_17;v54_18;v54_19;v54_20;v59_5,v4_1;v4_2;v4_3;v5_1;v5_2;v5_3;v5_4;v5_5;v5_6;v6_1;v6_2;v6_3;v6_4;v6_5;v6_6;v6_7;v6_8;v6_9;v6_10;v7a_1;v7a_2;v7a_3;v7a_4;v7a_5;v7a_6;v7b_1;v7b_2;v7b_3;v7b_4;v7b_5;v7b_6;v9_1;v9_2;v9_3;v10_1;v10_2;v11_1;v11_2;v12_1;v12_2;v12_3;v19_1;v19_2;v19_3;v19_4;v19_5;v19_6;v19_7;v19_8;v19_9;v19_10;v22_1;v22_2;v22_3;v22_4;v22_5;v22_6;v23_1;v23_2;v23_3;v23_4;v23_5;v23_6;v23_7;v23_8;v23_9;v24_1;v24_2;v24_3;v24_4;v24_5;v24_6;v25_1;v25_2;v25_3;v25_4;v25_5;v25_6;v25_7;v25_8;v25_9;v25_10;v25_11;v25_12;v25_13;v25_14;v25_15;v26_1;v26_2;v26_3;v26_4;v26_5;v26_6;v27_1;v27_2;v27_3;v27_4;v28_1;v28_2;v28_3;v28_4;v28_5;v28_6;v28_7;v28_8;v28_9;v28_10;v29_1;v29_2;v29_3;v29_4;v29_5;v30;v31;v32;v33;v43_1;v43_2;v44_1;v44_2;v44_3;v44_4;v44_5;v45_1;v45_2;v45_3;v45_4;v49;v51;v52_1;v52_2;v52_3;v54_1;v54_2;v54_3;v54_4;v54_5;v54_6;v54_7;v54_8;v54_9;v54_10;v54_11;v54_12;v54_13;v54_14;v54_15;v54_16;v54_17;v54_18;v54_19;v54_20;v59_5,"{""RAW_NUMPREFIX:4"": ""CLEAN_NUM:4"", ""RAW_NUMPREFIX:3"": ""CLEAN_NUM:3"", ""RAW_NUMPREFIX:2"": ""CLEAN_NUM:2"", ""RAW_SENT:-9"": ""CLEAN_EMPTY"", ""RAW_NUMPREFIX:1"": ""CLEAN_NUM:1""}"
G02,label_to_numeric_plus_missing_standardization,35,3,v42;v48;v8,v8_01;v8_02;v8_03;v8_04;v8_05;v8_06;v8_07;v8_08;v8_09;v8_10;v8_11;v8_12;v8_13;v42_01;v42_02;v42_03;v42_04;v42_05;v42_06;v42_07;v42_08;v42_09;v42_10;v42_11;v42_12;v42_13;v42_14;v48_01;v48_02;v48_03;v48_04;v48_05;v48_06;v48_07;v48_08,v8_01;v8_02;v8_03;v8_04;v8_05;v8_06;v8_07;v8_08;v8_09;v8_10;v8_11;v8_12;v8_13;v42_01;v42_02;v42_03;v42_04;v42_05;v42_06;v42_07;v42_08;v42_09;v42_10;v42_11;v42_12;v42_13;v42_14;v48_01;v48_02;v48_03;v48_04;v48_05;v48_06;v48_07;v48_08,"{""RAW_NUMPREFIX:0"": ""CLEAN_NUM:0"", ""RAW_NUMPREFIX:1"": ""CLEAN_NUM:1"", ""RAW_SENT:-9"": ""CLEAN_EMPTY""}"
G03,label_to_numeric_plus_missing_standardization,30,4,v35;v37;v39;v41,v35_1;v35_2;v35_3;v35_4;v35_5;v35_6;v35_7;v35_8;v37_1;v37_2;v37_3;v37_4;v37_5;v37_6;v37_7;v37_8;v39_1;v39_2;v39_3;v39_4;v39_5;v39_6;v39_7;v41_1;v41_2;v41_3;v41_4;v41_5;v41_6;v41_7,v35_1;v35_2;v35_3;v35_4;v35_5;v35_6;v35_7;v35_8;v37_1;v37_2;v37_3;v37_4;v37_5;v37_6;v37_7;v37_8;v39_1;v39_2;v39_3;v39_4;v39_5;v39_6;v39_7;v41_1;v41_2;v41_3;v41_4;v41_5;v41_6;v41_7,"{""RAW_NUMPREFIX:3"": ""CLEAN_NUM:3"", ""RAW_SENT:-6"": ""CLEAN_EMPTY"", ""RAW_NUMPREFIX:2"": ""CLEAN_NUM:2"", ""RAW_NUMPREFIX:1"": ""CLEAN_NUM:1"", ""RAW_NUMPREFIX:4"": ""CLEAN_NUM:4"", ""RAW_SENT:-9"": ""CLEAN_EMPTY""}"
G04,label_to_numeric_plus_missing_standardization,22,3,v15;v20;v47,v15;v20_1_1;v20_1_2;v20_1_3;v20_1_4;v20_1_5;v20_1_6;v20_1_7;v20_1_8;v20_1_9;v20_1_10;v20_1_11;v20_1_12;v47_1;v47_2;v47_3;v47_4;v47_5;v47_6;v47_7;v47_8;v47_9,v15;v20_1_1;v20_1_2;v20_1_3;v20_1_4;v20_1_5;v20_1_6;v20_1_7;v20_1_8;v20_1_9;v20_1_10;v20_1_11;v20_1_12;v47_1;v47_2;v47_3;v47_4;v47_5;v47_6;v47_7;v47_8;v47_9,"{""RAW_NUMPREFIX:2"": ""CLEAN_NUM:2"", ""RAW_NUMPREFIX:1"": ""CLEAN_NUM:1"", ""RAW_NUMPREFIX:3"": ""CLEAN_NUM:3"", ""RAW_NUMPREFIX:4"": ""CLEAN_NUM:4"", ""RAW_NUMPREFIX:5"": ""CLEAN_NUM:5"", ""RAW_SENT:-9"": ""CLEAN_EMPTY""}"
G05,ordinal_shift_plus1,14,1,v55,v55_1;v55_2;v55_3;v55_4;v55_5;v55_6;v55_7;v55_8;v55_9;v55_10;v55_11;v55_12;v55_13;v55_14,v55_1;v55_2;v55_3;v55_4;v55_5;v55_6;v55_7;v55_8;v55_9;v55_10;v55_11;v55_12;v55_13;v55_14,"{""RAW_NUMPREFIX:1"": ""CLEAN_NUM:2"", ""RAW_NUMPREFIX:0"": ""CLEAN_NUM:1"", ""RAW_NUMPREFIX:3"": ""CLEAN_NUM:4"", ""RAW_NUMPREFIX:2"": ""CLEAN_NUM:3"", ""RAW_NUMPREFIX:4"": ""CLEAN_NUM:5""}"
G06,label_to_numeric_plus_missing_standardization,12,1,v20,v20_2_1;v20_2_2;v20_2_3;v20_2_4;v20_2_5;v20_2_6;v20_2_7;v20_2_8;v20_2_9;v20_2_10;v20_2_11;v20_2_12,v20_2_1;v20_2_2;v20_2_3;v20_2_4;v20_2_5;v20_2_6;v20_2_7;v20_2_8;v20_2_9;v20_2_10;v20_2_11;v20_2_12,"{""RAW_NUMPREFIX:2"": ""CLEAN_NUM:2"", ""RAW_NUMPREFIX:4"": ""CLEAN_NUM:4"", ""RAW_NUMPREFIX:3"": ""CLEAN_NUM:3"", ""RAW_NUMPREFIX:1"": ""CLEAN_NUM:1"", ""RAW_NUMPREFIX:5"": ""CLEAN_NUM:5"", ""RAW_SENT:-9"": ""CLEAN_EMPTY"", ""RAW_SENT:-4"": ""CLEAN_EMPTY""}"
G07,label_to_numeric_plus_missing_standardization,7,1,v17,v17_01;v17_02;v17_03;v17_04;v17_05;v17_06;v17_07,v17_01;v17_02;v17_03;v17_04;v17_05;v17_06;v17_07,"{""RAW_NUMPREFIX:1"": ""CLEAN_NUM:1"", ""RAW_SENT:-6"": ""CLEAN_EMPTY"", ""RAW_NUMPREFIX:0"": ""CLEAN_NUM:0"", ""RAW_SENT:-9"": ""CLEAN_EMPTY""}"
G08,label_to_numeric_plus_missing_standardization,6,1,v21,v21_1;v21_2;v21_3;v21_4;v21_5;v21_6,v21_1;v21_2;v21_3;v21_4;v21_5;v21_6,"{""RAW_NUMPREFIX:2"": ""CLEAN_NUM:2"", ""RAW_NUMPREFIX:1"": ""CLEAN_NUM:1"", ""RAW_NUMPREFIX:3"": ""CLEAN_NUM:3"", ""RAW_NUMPREFIX:4"": ""CLEAN_NUM:4"", ""RAW_NUMPREFIX:6"": ""CLEAN_NUM:6"", ""RAW_NUMPREFIX:5"": ""CLEAN_NUM:5"", ""RAW_NUMPREFIX:7"": ""CLEAN_NUM:7"", ""RAW_NUMPREFIX:10"": ""CLEAN_NUM:10"", ""RAW_NUMPREFIX:11"": ""CLEAN_NUM:11"", ""RAW_NUMPREFIX:12"": ""CLEAN_NUM:12"", ""RAW_NUMPREFIX:8"": ""CLEAN_NUM:8"", ""RAW_NUMPREFIX:9"": ""CLEAN_NUM:9"", ""RAW_SENT:-9"": ""CLEAN_EMPTY""}"
G09,label_to_numeric_plus_missing_standardization,6,1,v56,v56_1;v56_2;v56_3;v56_4;v56_5;v56_6,v56_1;v56_2;v56_3;v56_4;v56_5;v56_6,"{""RAW_NUMPREFIX:4"": ""CLEAN_NUM:4"", ""RAW_NUMPREFIX:1"": ""CLEAN_NUM:1"", ""RAW_NUMPREFIX:5"": ""CLEAN_NUM:5"", ""RAW_NUMPREFIX:7"": ""CLEAN_NUM:7"", ""RAW_NUMPREFIX:6"": ""CLEAN_NUM:6"", ""RAW_NUMPREFIX:3"": ""CLEAN_NUM:3"", ""RAW_NUMPREFIX:2"": ""CLEAN_NUM:2"", ""RAW_SENT:-9"": ""CLEAN_EMPTY""}"
G10,label_to_numeric_plus_missing_standardization,5,2,v18;v3,v3;v18_1;v18_2;v18_3;v18_4,v3;v18_1;v18_2;v18_3;v18_4,"{""RAW_NUMPREFIX:7"": ""CLEAN_NUM:7"", ""RAW_NUMPREFIX:6"": ""CLEAN_NUM:6"", ""RAW_NUMPREFIX:5"": ""CLEAN_NUM:5"", ""RAW_NUMPREFIX:9"": ""CLEAN_NUM:9"", ""RAW_NUMPREFIX:4"": ""CLEAN_NUM:4"", ""RAW_NUMPREFIX:8"": ""CLEAN_NUM:8"", ""RAW_NUMPREFIX:10"": ""CLEAN_NUM:10"", ""RAW_NUMPREFIX:3"": ""CLEAN_NUM:3"", ""RAW_SENT:-9"": ""CLEAN_EMPTY"", ""RAW_NUMPREFIX:1"": ""CLEAN_NUM:1"", ""RAW_NUMPREFIX:2"": ""CLEAN_NUM:2""}"
G11,label_to_numeric_plus_missing_standardization,5,1,v53,v53_1;v53_2;v53_3;v53_4;v53_5,v53_1;v53_2;v53_3;v53_4;v53_5,"{""RAW_NUMPREFIX:3"": ""CLEAN_NUM:3"", ""RAW_NUMPREFIX:2"": ""CLEAN_NUM:2"", ""RAW_NUMPREFIX:1"": ""CLEAN_NUM:1"", ""RAW_SENT:-9"": ""CLEAN_EMPTY""}"
G12,label_to_numeric_plus_missing_standardization,5,1,v57,v57_1;v57_2;v57_3;v57_4;v57_5,v57_1;v57_2;v57_3;v57_4;v57_5,"{""RAW_NUMPREFIX:3"": ""CLEAN_NUM:3"", ""RAW_NUMPREFIX:1"": ""CLEAN_NUM:1"", ""RAW_NUMPREFIX:0"": ""CLEAN_NUM:0"", ""RAW_NUMPREFIX:4"": ""CLEAN_NUM:4"", ""RAW_NUMPREFIX:2"": ""CLEAN_NUM:2"", ""RAW_SENT:-9"": ""CLEAN_EMPTY""}"
G13,label_to_numeric_plus_missing_standardization,4,2,v17;v46,v17;v46_1;v46_2;v46_3,v17;v46_1;v46_2;v46_3,"{""RAW_NUMPREFIX:1"": ""CLEAN_NUM:1"", ""RAW_NUMPREFIX:2"": ""CLEAN_NUM:2"", ""RAW_SENT:-9"": ""CLEAN_EMPTY""}"
G14,label_to_numeric_plus_missing_standardization,4,2,v58;v59,v58_1m;v58_2m;v59_3m;v59_4m,v58_1m;v58_2m;v59_3m;v59_4m,"{""RAW_NUMPREFIX:15"": ""CLEAN_NUM:15"", ""RAW_NUMPREFIX:30"": ""CLEAN_NUM:30"", ""RAW_NUMPREFIX:20"": ""CLEAN_NUM:20"", ""RAW_NUMPREFIX:10"": ""CLEAN_NUM:10"", ""RAW_NUMPREFIX:25"": ""CLEAN_NUM:25"", ""RAW_NUMPREFIX:5"": ""CLEAN_NUM:5"", ""RAW_NUMPREFIX:0"": ""CLEAN_NUM:0"", ""RAW_NUMPREFIX:50"": ""CLEAN_NUM:50"", ""RAW_NUMPREFIX:55"": ""CLEAN_NUM:55"", ""RAW_NUMPREFIX:40"": ""CLEAN_NUM:40"", ""RAW_NUMPREFIX:35"": ""CLEAN_NUM:35"", ""RAW_NUMPREFIX:45"": ""CLEAN_NUM:45"", ""RAW_SENT:-9"": ""CLEAN_EMPTY""}"
G15,deterministic_categorical_recode,4,4,v34;v36;v38;v40,v34;v36;v38;v40,v34;v36;v38;v40,"{""RAW_NUMPREFIX:1"": ""CLEAN_NUM:1"", ""RAW_NUMPREFIX:2"": ""CLEAN_NUM:0"", ""RAW_SENT:-9"": ""CLEAN_EMPTY""}"
G16,label_to_numeric_plus_missing_standardization,2,1,v59,v59_1m;v59_2m,v59_1m;v59_2m,"{""RAW_NUMPREFIX:0"": ""CLEAN_NUM:0"", ""RAW_NUMPREFIX:30"": ""CLEAN_NUM:30"", ""RAW_NUMPREFIX:20"": ""CLEAN_NUM:20"", ""RAW_NUMPREFIX:10"": ""CLEAN_NUM:10"", ""RAW_NUMPREFIX:35"": ""CLEAN_NUM:35"", ""RAW_NUMPREFIX:15"": ""CLEAN_NUM:15"", ""RAW_NUMPREFIX:5"": ""CLEAN_NUM:5"", ""RAW_NUMPREFIX:40"": ""CLEAN_NUM:40"", ""RAW_NUMPREFIX:50"": ""CLEAN_NUM:50"", ""RAW_NUMPREFIX:45"": ""CLEAN_NUM:45"", ""RAW_NUMPREFIX:25"": ""CLEAN_NUM:25"", ""RAW_NUMPREFIX:55"": ""CLEAN_NUM:55"", ""RAW_SENT:-9"": ""CLEAN_EMPTY"", ""RAW_SENT:-99"": ""CLEAN_EMPTY""}"
G17,label_to_numeric_plus_missing_standardization,2,1,v60,v60_1;v60_2,v60_1;v60_2,"{""RAW_NUMPREFIX:0"": ""CLEAN_NUM:0"", ""RAW_NUMPREFIX:1"": ""CLEAN_NUM:1"", ""RAW_NUMPREFIX:2"": ""CLEAN_NUM:2"", ""RAW_NUMPREFIX:3"": ""CLEAN_NUM:3"", ""RAW_SENT:-9"": ""CLEAN_EMPTY"", ""RAW_NUMPREFIX:6"": ""CLEAN_NUM:6"", ""RAW_NUMPREFIX:4"": ""CLEAN_NUM:4"", ""RAW_NUMPREFIX:5"": ""CLEAN_NUM:5""}"
G18,deterministic_categorical_recode,2,1,v59,v59_3h;v59_4h,v59_3h;v59_4h,"{""RAW_TEXT:凌晨1點"": ""CLEAN_TEXT:凌晨1點"", ""RAW_TEXT:中午12點"": ""CLEAN_TEXT:中午12點"", ""RAW_TEXT:早上10點"": ""CLEAN_TEXT:早上10點"", ""RAW_TEXT:晚上11點"": ""CLEAN_TEXT:晚上11點"", ""RAW_TEXT:晚上10點"": ""CLEAN_TEXT:晚上10點"", ""RAW_TEXT:半夜12點"": ""CLEAN_TEXT:半夜12點"", ""RAW_TEXT:凌晨4點"": ""CLEAN_TEXT:凌晨4點"", ""RAW_TEXT:凌晨2點"": ""CLEAN_TEXT:凌晨2點"", ""RAW_TEXT:早上11點"": ""CLEAN_TEXT:早上11點"", ""RAW_TEXT:早上5點"": ""CLEAN_TEXT:早上5點"", ""RAW_TEXT:凌晨3點"": ""CLEAN_TEXT:凌晨3點"", ""RAW_TEXT:晚上9點"": ""CLEAN_TEXT:晚上9點"", ""RAW_TEXT:下午1點"": ""CLEAN_TEXT:下午1點"", ""RAW_TEXT:下午2點"": ""CLEAN_TEXT:下午2點"", ""RAW_TEXT:早上8點"": ""CLEAN_TEXT:早上8點"", ""RAW_TEXT:晚上8點"": ""CLEAN_TEXT:晚上8點"", ""RAW_TEXT:下午4點"": ""CLEAN_TEXT:下午4點"", ""RAW_TEXT:早上9點"": ""CLEAN_TEXT:早上9點"", ""RAW_TEXT:下午6點"": ""CLEAN_TEXT:下午6點"", ""RAW_TEXT:0X"": ""CLEAN_NUM:0"", ""RAW_TEXT:早上6點"": ""CLEAN_TEXT:早上6點"", ""RAW_TEXT:早上7點"": ""CLEAN_TEXT:早上7點"", ""RAW_TEXT:下午3點"": ""CLEAN_TEXT:下午3點"", ""RAW_TEXT:下午5點"": ""CLEAN_TEXT:下午5點"", ""RAW_TEXT:0T"": ""CLEAN_NUM:0"", ""RAW_TEXT:晚上7點"": ""CLEAN_TEXT:晚上7點""}"
G19,unchanged,1,1,v521,v521,v52,"{""RAW_NUMPREFIX:3"": ""CLEAN_NUM:3"", ""RAW_NUMPREFIX:4"": ""CLEAN_NUM:4"", ""RAW_NUMPREFIX:2"": ""CLEAN_NUM:2"", ""RAW_NUMPREFIX:1"": ""CLEAN_NUM:1"", ""RAW_SENT:-9"": ""CLEAN_EMPTY""}"
G20,label_to_numeric_plus_missing_standardization,1,1,v1,v1,v1,"{""RAW_NUMPREFIX:2"": ""CLEAN_NUM:2"", ""RAW_NUMPREFIX:1"": ""CLEAN_NUM:1""}"
G21,label_to_numeric_plus_missing_standardization,1,1,v2,v2,v2,"{""RAW_NUMPREFIX:1"": ""CLEAN_NUM:1"", ""RAW_NUMPREFIX:4"": ""CLEAN_NUM:4"", ""RAW_NUMPREFIX:2"": ""CLEAN_NUM:2"", ""RAW_NUMPREFIX:8"": ""CLEAN_NUM:8"", ""RAW_NUMPREFIX:6"": ""CLEAN_NUM:6"", ""RAW_NUMPREFIX:3"": ""CLEAN_NUM:3"", ""RAW_NUMPREFIX:5"": ""CLEAN_NUM:5"", ""RAW_SENT:-9"": ""CLEAN_EMPTY"", ""RAW_SENT:-7"": ""CLEAN_EMPTY"", ""RAW_NUMPREFIX:9"": ""CLEAN_NUM:9"", ""RAW_NUMPREFIX:11"": ""CLEAN_NUM:11"", ""RAW_NUMPREFIX:7"": ""CLEAN_NUM:7"", ""RAW_NUMPREFIX:-5"": ""CLEAN_NUM:-5"", ""RAW_NUMPREFIX:10"": ""CLEAN_NUM:10"", ""RAW_SENT:-99"": ""CLEAN_EMPTY""}"
G22,label_to_numeric_plus_missing_standardization,1,1,v16,v16,v16,"{""RAW_NUMPREFIX:2"": ""CLEAN_NUM:2"", ""RAW_NUMPREFIX:6"": ""CLEAN_NUM:6"", ""RAW_NUMPREFIX:5"": ""CLEAN_NUM:5"", ""RAW_NUMPREFIX:1"": ""CLEAN_NUM:1"", ""RAW_SENT:-9"": ""CLEAN_EMPTY"", ""RAW_NUMPREFIX:3"": ""CLEAN_NUM:3"", ""RAW_NUMPREFIX:4"": ""CLEAN_NUM:4"", ""RAW_SENT:-7"": ""CLEAN_EMPTY""}"
G23,label_to_numeric_plus_missing_standardization,1,1,v50,v50,v50,"{""RAW_NUMPREFIX:3"": ""CLEAN_NUM:3"", ""RAW_NUMPREFIX:1"": ""CLEAN_NUM:1"", ""RAW_NUMPREFIX:2"": ""CLEAN_NUM:2"", ""RAW_NUMPREFIX:4"": ""CLEAN_NUM:4""}"
G24,label_to_numeric_plus_missing_standardization,1,1,v58,v58_1h,v58_1h,"{""RAW_NUMPREFIX:7"": ""CLEAN_NUM:7"", ""RAW_NUMPREFIX:6"": ""CLEAN_NUM:6"", ""RAW_NUMPREFIX:10"": ""CLEAN_NUM:10"", ""RAW_NUMPREFIX:9"": ""CLEAN_NUM:9"", ""RAW_NUMPREFIX:8"": ""CLEAN_NUM:8"", ""RAW_NUMPREFIX:5"": ""CLEAN_NUM:5"", ""RAW_SENT:-9"": ""CLEAN_EMPTY""}"
G25,label_to_numeric_plus_missing_standardization,1,1,v58,v58_2h,v58_2h,"{""RAW_NUMPREFIX:20"": ""CLEAN_NUM:20"", ""RAW_NUMPREFIX:17"": ""CLEAN_NUM:17"", ""RAW_NUMPREFIX:19"": ""CLEAN_NUM:19"", ""RAW_NUMPREFIX:18"": ""CLEAN_NUM:18"", ""RAW_NUMPREFIX:21"": ""CLEAN_NUM:21"", ""RAW_NUMPREFIX:16"": ""CLEAN_NUM:16"", ""RAW_NUMPREFIX:15"": ""CLEAN_NUM:15"", ""RAW_SENT:-9"": ""CLEAN_EMPTY"", ""RAW_NUMPREFIX:22"": ""CLEAN_NUM:22""}"
G26,label_to_numeric_plus_missing_standardization,1,1,v59,v59_1h,v59_1h,"{""RAW_NUMPREFIX:24"": ""CLEAN_NUM:24"", ""RAW_NUMPREFIX:22"": ""CLEAN_NUM:22"", ""RAW_NUMPREFIX:23"": ""CLEAN_NUM:23"", ""RAW_NUMPREFIX:3"": ""CLEAN_NUM:3"", ""RAW_NUMPREFIX:2"": ""CLEAN_NUM:2"", ""RAW_NUMPREFIX:1"": ""CLEAN_NUM:1"", ""RAW_NUMPREFIX:21"": ""CLEAN_NUM:21"", ""RAW_NUMPREFIX:20"": ""CLEAN_NUM:20"", ""RAW_SENT:-9"": ""CLEAN_EMPTY"", ""RAW_NUMPREFIX:18"": ""CLEAN_NUM:18"", ""RAW_NUMPREFIX:5"": ""CLEAN_NUM:5"", ""RAW_NUMPREFIX:10"": ""CLEAN_NUM:10"", ""RAW_NUMPREFIX:19"": ""CLEAN_NUM:19"", ""RAW_NUMPREFIX:17"": ""CLEAN_NUM:17"", ""RAW_SENT:-99"": ""CLEAN_EMPTY"", ""RAW_NUMPREFIX:4"": ""CLEAN_NUM:4"", ""RAW_NUMPREFIX:6"": ""CLEAN_NUM:6"", ""RAW_NUMPREFIX:7"": ""CLEAN_NUM:7"", ""RAW_NUMPREFIX:12"": ""CLEAN_NUM:12"", ""RAW_NUMPREFIX:9"": ""CLEAN_NUM:9"", ""RAW_NUMPREFIX:16"": ""CLEAN_NUM:16"", ""RAW_NUMPREFIX:15"": ""CLEAN_NUM:15""}"
G27,label_to_numeric_plus_missing_standardization,1,1,v59,v59_2h,v59_2h,"{""RAW_NUMPREFIX:6"": ""CLEAN_NUM:6"", ""RAW_NUMPREFIX:7"": ""CLEAN_NUM:7"", ""RAW_NUMPREFIX:4"": ""CLEAN_NUM:4"", ""RAW_NUMPREFIX:5"": ""CLEAN_NUM:5"", ""RAW_NUMPREFIX:24"": ""CLEAN_NUM:24"", ""RAW_SENT:-99"": ""CLEAN_EMPTY"", ""RAW_NUMPREFIX:9"": ""CLEAN_NUM:9"", ""RAW_SENT:-9"": ""CLEAN_EMPTY"", ""RAW_NUMPREFIX:22"": ""CLEAN_NUM:22"", ""RAW_NUMPREFIX:3"": ""CLEAN_NUM:3"", ""RAW_NUMPREFIX:8"": ""CLEAN_NUM:8"", ""RAW_NUMPREFIX:1"": ""CLEAN_NUM:1"", ""RAW_NUMPREFIX:23"": ""CLEAN_NUM:23"", ""RAW_NUMPREFIX:10"": ""CLEAN_NUM:10"", ""RAW_NUMPREFIX:16"": ""CLEAN_NUM:16"", ""RAW_NUMPREFIX:2"": ""CLEAN_NUM:2"", ""RAW_NUMPREFIX:21"": ""CLEAN_NUM:21"", ""RAW_NUMPREFIX:19"": ""CLEAN_NUM:19"", ""RAW_NUMPREFIX:20"": ""CLEAN_NUM:20"", ""RAW_NUMPREFIX:18"": ""CLEAN_NUM:18""}"
G28,label_to_numeric_plus_missing_standardization,1,1,v63,v63,v63,"{""RAW_NUMPREFIX:1"": ""CLEAN_NUM:1"", ""RAW_NUMPREFIX:2"": ""CLEAN_NUM:2"", ""RAW_NUMPREFIX:4"": ""CLEAN_NUM:4"", ""RAW_NUMPREFIX:5"": ""CLEAN_NUM:5"", ""RAW_NUMPREFIX:3"": ""CLEAN_NUM:3"", ""RAW_NUMPREFIX:6"": ""CLEAN_NUM:6"", ""RAW_NUMPREFIX:7"": ""CLEAN_NUM:7"", ""RAW_NUMPREFIX:9"": ""CLEAN_NUM:9"", ""RAW_SENT:-9"": ""CLEAN_EMPTY"", ""RAW_NUMPREFIX:8"": ""CLEAN_NUM:8""}"
G29,format_or_numeric_cast_only,1,1,v13,v13,v13,"{""RAW_NUMPREFIX:1"": ""CLEAN_NUM:1"", ""RAW_NUMPREFIX:2"": ""CLEAN_NUM:2"", ""RAW_NUMPREFIX:3"": ""CLEAN_NUM:3"", ""RAW_NUMPREFIX:6"": ""CLEAN_NUM:6"", ""RAW_NUMPREFIX:9"": ""CLEAN_NUM:9"", ""RAW_NUMPREFIX:10"": ""CLEAN_NUM:10"", ""RAW_NUMPREFIX:11"": ""CLEAN_NUM:11"", ""RAW_NUMPREFIX:12"": ""CLEAN_NUM:12"", ""RAW_NUMPREFIX:13"": ""CLEAN_NUM:13"", ""RAW_NUMPREFIX:15"": ""CLEAN_NUM:15"", ""RAW_NUMPREFIX:16"": ""CLEAN_NUM:16"", ""RAW_NUMPREFIX:17"": ""CLEAN_NUM:17"", ""RAW_NUMPREFIX:18"": ""CLEAN_NUM:18"", ""RAW_NUMPREFIX:21"": ""CLEAN_NUM:21"", ""RAW_NUMPREFIX:22"": ""CLEAN_NUM:22"", ""RAW_NUMPREFIX:23"": ""CLEAN_NUM:23"", ""RAW_NUMPREFIX:24"": ""CLEAN_NUM:24"", ""RAW_NUMPREFIX:25"": ""CLEAN_NUM:25"", ""RAW_NUMPREFIX:26"": ""CLEAN_NUM:26"", ""RAW_NUMPREFIX:27"": ""CLEAN_NUM:27"", ""RAW_NUMPREFIX:28"": ""CLEAN_NUM:28"", ""RAW_NUMPREFIX:29"": ""CLEAN_NUM:29"", ""RAW_NUMPREFIX:31"": ""CLEAN_NUM:31"", ""RAW_NUMPREFIX:33"": ""CLEAN_NUM:33"", ""RAW_NUMPREFIX:34"": ""CLEAN_NUM:34"", ""RAW_NUMPREFIX:36"": ""CLEAN_NUM:36"", ""RAW_NUMPREFIX:37"": ""CLEAN_NUM:37"", ""RAW_NUMPREFIX:40"": ""CLEAN_NUM:40"", ""RAW_NUMPREFIX:4"": ""CLEAN_NUM:4"", ""RAW_NUMPREFIX:5"": ""CLEAN_NUM:5"", ""RAW_NUMPREFIX:14"": ""CLEAN_NUM:14"", ""RAW_NUMPREFIX:20"": ""CLEAN_NUM:20"", ""RAW_NUMPREFIX:30"": ""CLEAN_NUM:30"", ""RAW_NUMPREFIX:35"": ""CLEAN_NUM:35"", ""RAW_NUMPREFIX:39"": ""CLEAN_NUM:39"", ""RAW_NUMPREFIX:7"": ""CLEAN_NUM:7"", ""RAW_NUMPREFIX:32"": ""CLEAN_NUM:32"", ""RAW_NUMPREFIX:19"": ""CLEAN_NUM:19"", ""RAW_NUMPREFIX:38"": ""CLEAN_NUM:38"", ""RAW_NUMPREFIX:41"": ""CLEAN_NUM:41"", ""RAW_NUMPREFIX:8"": ""CLEAN_NUM:8"", ""RAW_NUMPREFIX:44"": ""CLEAN_NUM:44"", ""RAW_NUMPREFIX:42"": ""CLEAN_NUM:42"", ""RAW_NUMPREFIX:45"": ""CLEAN_NUM:45"", ""RAW_NUMPREFIX:46"": ""CLEAN_NUM:46"", ""RAW_NUMPREFIX:43"": ""CLEAN_NUM:43"", ""RAW_NUMPREFIX:48"": ""CLEAN_NUM:48"", ""RAW_NUMPREFIX:47"": ""CLEAN_NUM:47"", ""RAW_NUMPREFIX:49"": ""CLEAN_NUM:49"", ""RAW_NUMPREFIX:50"": ""CLEAN_NUM:50"", ""RAW_NUMPREFIX:56"": ""CLEAN_NUM:56""}"
G30,deterministic_categorical_recode,1,1,v61,v61,v61,"{""RAW_NUMPREFIX:163.0"": ""CLEAN_NUM:163"", ""RAW_NUMPREFIX:160.0"": ""CLEAN_NUM:160"", ""RAW_NUMPREFIX:172.0"": ""CLEAN_NUM:172"", ""RAW_NUMPREFIX:170.0"": ""CLEAN_NUM:170"", ""RAW_NUMPREFIX:156.0"": ""CLEAN_NUM:156"", ""RAW_NUMPREFIX:179.0"": ""CLEAN_NUM:179"", ""RAW_NUMPREFIX:165.0"": ""CLEAN_NUM:165"", ""RAW_NUMPREFIX:167.0"": ""CLEAN_NUM:167"", ""RAW_NUMPREFIX:164.9"": ""CLEAN_NUM:164.9"", ""RAW_NUMPREFIX:159.0"": ""CLEAN_NUM:159"", ""RAW_NUMPREFIX:169.0"": ""CLEAN_NUM:169"", ""RAW_NUMPREFIX:180.0"": ""CLEAN_NUM:180"", ""RAW_NUMPREFIX:152.0"": ""CLEAN_NUM:152"", ""RAW_NUMPREFIX:157.4"": ""CLEAN_NUM:157.4"", ""RAW_NUMPREFIX:160.1"": ""CLEAN_NUM:160.1"", ""RAW_NUMPREFIX:158.0"": ""CLEAN_NUM:158"", ""RAW_NUMPREFIX:162.0"": ""CLEAN_NUM:162"", ""RAW_NUMPREFIX:153.0"": ""CLEAN_NUM:153"", ""RAW_NUMPREFIX:168.0"": ""CLEAN_NUM:168"", ""RAW_NUMPREFIX:175.0"": ""CLEAN_NUM:175"", ""RAW_NUMPREFIX:155.0"": ""CLEAN_NUM:155"", ""RAW_NUMPREFIX:171.0"": ""CLEAN_NUM:171"", ""RAW_NUMPREFIX:166.0"": ""CLEAN_NUM:166"", ""RAW_NUMPREFIX:148.9"": ""CLEAN_NUM:148.9"", ""RAW_NUMPREFIX:148.0"": ""CLEAN_NUM:148"", ""RAW_NUMPREFIX:162.5"": ""CLEAN_NUM:162.5"", ""RAW_NUMPREFIX:157.7"": ""CLEAN_NUM:157.7"", ""RAW_NUMPREFIX:157.0"": ""CLEAN_NUM:157"", ""RAW_NUMPREFIX:154.0"": ""CLEAN_NUM:154"", ""RAW_NUMPREFIX:161.4"": ""CLEAN_NUM:161.4"", ""RAW_NUMPREFIX:158.8"": ""CLEAN_NUM:158.8"", ""RAW_NUMPREFIX:161.5"": ""CLEAN_NUM:161.5"", ""RAW_NUMPREFIX:161.0"": ""CLEAN_NUM:161"", ""RAW_NUMPREFIX:163.5"": ""CLEAN_NUM:163.5"", ""RAW_NUMPREFIX:156.5"": ""CLEAN_NUM:156.5"", ""RAW_NUMPREFIX:160.5"": ""CLEAN_NUM:160.5"", ""RAW_NUMPREFIX:173.0"": ""CLEAN_NUM:173"", ""RAW_NUMPREFIX:158.6"": ""CLEAN_NUM:158.6"", ""RAW_NUMPREFIX:153.5"": ""CLEAN_NUM:153.5"", ""RAW_NUMPREFIX:165.9"": ""CLEAN_NUM:165.9"", ""RAW_NUMPREFIX:185.0"": ""CLEAN_NUM:185"", ""RAW_NUMPREFIX:179.1"": ""CLEAN_NUM:179.1"", ""RAW_NUMPREFIX:164.0"": ""CLEAN_NUM:164"", ""RAW_NUMPREFIX:151.0"": ""CLEAN_NUM:151"", ""RAW_NUMPREFIX:182.0"": ""CLEAN_NUM:182"", ""RAW_NUMPREFIX:176.0"": ""CLEAN_NUM:176"", ""RAW_NUMPREFIX:171.5"": ""CLEAN_NUM:171.5"", ""RAW_NUMPREFIX:150.0"": ""CLEAN_NUM:150"", ""RAW_NUMPREFIX:153.7"": ""CLEAN_NUM:153.7"", ""RAW_NUMPREFIX:157.3"": ""CLEAN_NUM:157.3"", ""RAW_NUMPREFIX:168.9"": ""CLEAN_NUM:168.9"", ""RAW_NUMPREFIX:174.0"": ""CLEAN_NUM:174"", ""RAW_NUMPREFIX:160.4"": ""CLEAN_NUM:160.4"", ""RAW_NUMPREFIX:177.0"": ""CLEAN_NUM:177"", ""RAW_NUMPREFIX:155.9"": ""CLEAN_NUM:155.9"", ""RAW_NUMPREFIX:-9.0"": ""CLEAN_EMPTY"", ""RAW_NUMPREFIX:167.5"": ""CLEAN_NUM:167.5"", ""RAW_NUMPREFIX:174.6"": ""CLEAN_NUM:174.6"", ""RAW_NUMPREFIX:172.2"": ""CLEAN_NUM:172.2"", ""RAW_NUMPREFIX:169.3"": ""CLEAN_NUM:169.3"", ""RAW_NUMPREFIX:150.6"": ""CLEAN_NUM:150.6"", ""RAW_NUMPREFIX:149.0"": ""CLEAN_NUM:149"", ""RAW_NUMPREFIX:146.6"": ""CLEAN_NUM:146.6"", ""RAW_NUMPREFIX:154.4"": ""CLEAN_NUM:154.4"", ""RAW_NUMPREFIX:151.1"": ""CLEAN_NUM:151.1"", ""RAW_NUMPREFIX:171.4"": ""CLEAN_NUM:171.4"", ""RAW_NUMPREFIX:156.9"": ""CLEAN_NUM:156.9"", ""RAW_NUMPREFIX:164.4"": ""CLEAN_NUM:164.4"", ""RAW_NUMPREFIX:166.3"": ""CLEAN_NUM:166.3"", ""RAW_NUMPREFIX:150.3"": ""CLEAN_NUM:150.3"", ""RAW_NUMPREFIX:-99.0"": ""CLEAN_EMPTY"", ""RAW_NUMPREFIX:153.3"": ""CLEAN_NUM:153.3"", ""RAW_NUMPREFIX:162.6"": ""CLEAN_NUM:162.6"", ""RAW_NUMPREFIX:151.6"": ""CLEAN_NUM:151.6"", ""RAW_NUMPREFIX:159.8"": ""CLEAN_NUM:159.8"", ""RAW_NUMPREFIX:159.2"": ""CLEAN_NUM:159.2"", ""RAW_NUMPREFIX:146.0"": ""CLEAN_NUM:146"", ""RAW_NUMPREFIX:171.1"": ""CLEAN_NUM:171.1"", ""RAW_NUMPREFIX:200.0"": ""CLEAN_NUM:200"", ""RAW_NUMPREFIX:149.5"": ""CLEAN_NUM:149.5"", ""RAW_NUMPREFIX:152.2"": ""CLEAN_NUM:152.2"", ""RAW_NUMPREFIX:158.5"": ""CLEAN_NUM:158.5"", ""RAW_NUMPREFIX:160.9"": ""CLEAN_NUM:160.9"", ""RAW_NUMPREFIX:166.5"": ""CLEAN_NUM:166.5"", ""RAW_NUMPREFIX:156.7"": ""CLEAN_NUM:156.7"", ""RAW_NUMPREFIX:181.5"": ""CLEAN_NUM:181.5"", ""RAW_NUMPREFIX:149.7"": ""CLEAN_NUM:149.7"", ""RAW_NUMPREFIX:152.7"": ""CLEAN_NUM:152.7"", ""RAW_NUMPREFIX:147.0"": ""CLEAN_NUM:147"", ""RAW_NUMPREFIX:166.4"": ""CLEAN_NUM:166.4"", ""RAW_NUMPREFIX:159.9"": ""CLEAN_NUM:159.9"", ""RAW_NUMPREFIX:157.8"": ""CLEAN_NUM:157.8"", ""RAW_NUMPREFIX:159.6"": ""CLEAN_NUM:159.6"", ""RAW_NUMPREFIX:158.9"": ""CLEAN_NUM:158.9"", ""RAW_NUMPREFIX:164.5"": ""CLEAN_NUM:164.5"", ""RAW_NUMPREFIX:155.8"": ""CLEAN_NUM:155.8"", ""RAW_NUMPREFIX:158.4"": ""CLEAN_NUM:158.4"", ""RAW_NUMPREFIX:152.5"": ""CLEAN_NUM:152.5"", ""RAW_NUMPREFIX:163.8"": ""CLEAN_NUM:163.8"", ""RAW_NUMPREFIX:162.8"": ""CLEAN_NUM:162.8"", ""RAW_NUMPREFIX:171.9"": ""CLEAN_NUM:171.9"", ""RAW_NUMPREFIX:178.0"": ""CLEAN_NUM:178"", ""RAW_NUMPREFIX:151.111111"": ""CLEAN_NUM:151.111111"", ""RAW_NUMPREFIX:183.0"": ""CLEAN_NUM:183"", ""RAW_NUMPREFIX:167.4"": ""CLEAN_NUM:167.4"", ""RAW_NUMPREFIX:162.1"": ""CLEAN_NUM:162.1"", ""RAW_NUMPREFIX:169.8"": ""CLEAN_NUM:169.8"", ""RAW_NUMPREFIX:196.0"": ""CLEAN_NUM:196"", ""RAW_NUMPREFIX:150.2"": ""CLEAN_NUM:150.2"", ""RAW_NUMPREFIX:169.5"": ""CLEAN_NUM:169.5"", ""RAW_NUMPREFIX:155.4"": ""CLEAN_NUM:155.4"", ""RAW_NUMPREFIX:152.3"": ""CLEAN_NUM:152.3"", ""RAW_NUMPREFIX:177.7"": ""CLEAN_NUM:177.7"", ""RAW_NUMPREFIX:154.2"": ""CLEAN_NUM:154.2"", ""RAW_NUMPREFIX:156.8"": ""CLEAN_NUM:156.8"", ""RAW_NUMPREFIX:161.1"": ""CLEAN_NUM:161.1"", ""RAW_NUMPREFIX:166.7"": ""CLEAN_NUM:166.7"", ""RAW_NUMPREFIX:151.4"": ""CLEAN_NUM:151.4"", ""RAW_NUMPREFIX:173.5"": ""CLEAN_NUM:173.5"", ""RAW_NUMPREFIX:170.1"": ""CLEAN_NUM:170.1"", ""RAW_NUMPREFIX:157.6"": ""CLEAN_NUM:157.6"", ""RAW_NUMPREFIX:171.3"": ""CLEAN_NUM:171.3"", ""RAW_NUMPREFIX:157.5"": ""CLEAN_NUM:157.5"", ""RAW_NUMPREFIX:179.9"": ""CLEAN_NUM:179.9"", ""RAW_NUMPREFIX:159.1"": ""CLEAN_NUM:159.1"", ""RAW_NUMPREFIX:162.9"": ""CLEAN_NUM:162.9"", ""RAW_NUMPREFIX:186.0"": ""CLEAN_NUM:186"", ""RAW_NUMPREFIX:159.3"": ""CLEAN_NUM:159.3"", ""RAW_NUMPREFIX:160.8"": ""CLEAN_NUM:160.8"", ""RAW_NUMPREFIX:155.7"": ""CLEAN_NUM:155.7"", ""RAW_NUMPREFIX:150.1"": ""CLEAN_NUM:150.1"", ""RAW_NUMPREFIX:173.4"": ""CLEAN_NUM:173.4"", ""RAW_NUMPREFIX:172.8"": ""CLEAN_NUM:172.8"", ""RAW_NUMPREFIX:172.5"": ""CLEAN_NUM:172.5"", ""RAW_NUMPREFIX:150.9"": ""CLEAN_NUM:150.9"", ""RAW_NUMPREFIX:157.2"": ""CLEAN_NUM:157.2"", ""RAW_NUMPREFIX:145.0"": ""CLEAN_NUM:145"", ""RAW_NUMPREFIX:168.8"": ""CLEAN_NUM:168.8"", ""RAW_NUMPREFIX:171.8"": ""CLEAN_NUM:171.8"", ""RAW_NUMPREFIX:174.1"": ""CLEAN_NUM:174.1"", ""RAW_NUMPREFIX:165.4"": ""CLEAN_NUM:165.4"", ""RAW_NUMPREFIX:145.3"": ""CLEAN_NUM:145.3"", ""RAW_NUMPREFIX:-7.0"": ""CLEAN_EMPTY"", ""RAW_NUMPREFIX:142.0"": ""CLEAN_NUM:142"", ""RAW_NUMPREFIX:175.2"": ""CLEAN_NUM:175.2"", ""RAW_NUMPREFIX:168.5"": ""CLEAN_NUM:168.5"", ""RAW_NUMPREFIX:159.7"": ""CLEAN_NUM:159.7"", ""RAW_NUMPREFIX:164.8"": ""CLEAN_NUM:164.8"", ""RAW_NUMPREFIX:150.8"": ""CLEAN_NUM:150.8"", ""RAW_NUMPREFIX:150.7"": ""CLEAN_NUM:150.7"", ""RAW_NUMPREFIX:167.7"": ""CLEAN_NUM:167.7"", ""RAW_NUMPREFIX:95.0"": ""CLEAN_NUM:95"", ""RAW_NUMPREFIX:136.0"": ""CLEAN_NUM:136"", ""RAW_NUMPREFIX:182.5"": ""CLEAN_NUM:182.5"", ""RAW_NUMPREFIX:151.8"": ""CLEAN_NUM:151.8"", ""RAW_NUMPREFIX:184.0"": ""CLEAN_NUM:184"", ""RAW_NUMPREFIX:164.2"": ""CLEAN_NUM:164.2"", ""RAW_NUMPREFIX:163.2"": ""CLEAN_NUM:163.2"", ""RAW_NUMPREFIX:160.3"": ""CLEAN_NUM:160.3"", ""RAW_NUMPREFIX:154.7"": ""CLEAN_NUM:154.7"", ""RAW_NUMPREFIX:173.3"": ""CLEAN_NUM:173.3"", ""RAW_NUMPREFIX:174.9"": ""CLEAN_NUM:174.9"", ""RAW_NUMPREFIX:144.8"": ""CLEAN_NUM:144.8"", ""RAW_NUMPREFIX:144.0"": ""CLEAN_NUM:144"", ""RAW_NUMPREFIX:156.6"": ""CLEAN_NUM:156.6"", ""RAW_NUMPREFIX:160.2"": ""CLEAN_NUM:160.2"", ""RAW_NUMPREFIX:175.5"": ""CLEAN_NUM:175.5"", ""RAW_NUMPREFIX:176.6"": ""CLEAN_NUM:176.6"", ""RAW_NUMPREFIX:152.9"": ""CLEAN_NUM:152.9"", ""RAW_NUMPREFIX:171.2"": ""CLEAN_NUM:171.2"", ""RAW_NUMPREFIX:170.5"": ""CLEAN_NUM:170.5"", ""RAW_NUMPREFIX:190.0"": ""CLEAN_NUM:190"", ""RAW_NUMPREFIX:50.0"": ""CLEAN_NUM:50"", ""RAW_NUMPREFIX:140.0"": ""CLEAN_NUM:140"", ""RAW_NUMPREFIX:176.2"": ""CLEAN_NUM:176.2"", ""RAW_NUMPREFIX:154.5"": ""CLEAN_NUM:154.5"", ""RAW_NUMPREFIX:149.9"": ""CLEAN_NUM:149.9"", ""RAW_NUMPREFIX:166.9"": ""CLEAN_NUM:166.9"", ""RAW_NUMPREFIX:165.3"": ""CLEAN_NUM:165.3"", ""RAW_NUMPREFIX:158.7"": ""CLEAN_NUM:158.7"", ""RAW_NUMPREFIX:168.2"": ""CLEAN_NUM:168.2"", ""RAW_NUMPREFIX:168.4"": ""CLEAN_NUM:168.4"", ""RAW_NUMPREFIX:155.6"": ""CLEAN_NUM:155.6"", ""RAW_NUMPREFIX:163.3"": ""CLEAN_NUM:163.3"", ""RAW_NUMPREFIX:161.8"": ""CLEAN_NUM:161.8"", ""RAW_NUMPREFIX:159.4"": ""CLEAN_NUM:159.4"", ""RAW_NUMPREFIX:174.5"": ""CLEAN_NUM:174.5"", ""RAW_NUMPREFIX:167.9"": ""CLEAN_NUM:167.9"", ""RAW_NUMPREFIX:153.9"": ""CLEAN_NUM:153.9"", ""RAW_NUMPREFIX:155.2"": ""CLEAN_NUM:155.2"", ""RAW_NUMPREFIX:163.6"": ""CLEAN_NUM:163.6"", ""RAW_NUMPREFIX:157.9"": ""CLEAN_NUM:157.9"", ""RAW_NUMPREFIX:157.1"": ""CLEAN_NUM:157.1"", ""RAW_NUMPREFIX:146.4"": ""CLEAN_NUM:146.4"", ""RAW_NUMPREFIX:152.1"": ""CLEAN_NUM:152.1"", ""RAW_NUMPREFIX:195.0"": ""CLEAN_NUM:195"", ""RAW_NUMPREFIX:172.4"": ""CLEAN_NUM:172.4"", ""RAW_NUMPREFIX:181.0"": ""CLEAN_NUM:181"", ""RAW_NUMPREFIX:165.7"": ""CLEAN_NUM:165.7"", ""RAW_NUMPREFIX:173.8"": ""CLEAN_NUM:173.8"", ""RAW_NUMPREFIX:106.0"": ""CLEAN_NUM:106"", ""RAW_NUMPREFIX:165.5"": ""CLEAN_NUM:165.5"", ""RAW_NUMPREFIX:149.6"": ""CLEAN_NUM:149.6"", ""RAW_NUMPREFIX:183.1"": ""CLEAN_NUM:183.1"", ""RAW_NUMPREFIX:169.9"": ""CLEAN_NUM:169.9"", ""RAW_NUMPREFIX:154.8"": ""CLEAN_NUM:154.8"", ""RAW_NUMPREFIX:167.2"": ""CLEAN_NUM:167.2"", ""RAW_NUMPREFIX:171.314159"": ""CLEAN_NUM:171.314159"", ""RAW_NUMPREFIX:169.6"": ""CLEAN_NUM:169.6"", ""RAW_NUMPREFIX:100.0"": ""CLEAN_NUM:100"", ""RAW_NUMPREFIX:179.999999"": ""CLEAN_NUM:179.999999"", ""RAW_NUMPREFIX:167.6"": ""CLEAN_NUM:167.6"", ""RAW_NUMPREFIX:162.2"": ""CLEAN_NUM:162.2"", ""RAW_NUMPREFIX:167.8"": ""CLEAN_NUM:167.8"", ""RAW_NUMPREFIX:164.3"": ""CLEAN_NUM:164.3"", ""RAW_NUMPREFIX:174.3"": ""CLEAN_NUM:174.3"", ""RAW_NUMPREFIX:189.0"": ""CLEAN_NUM:189"", ""RAW_NUMPREFIX:165.2"": ""CLEAN_NUM:165.2"", ""RAW_NUMPREFIX:170.6"": ""CLEAN_NUM:170.6"", ""RAW_NUMPREFIX:123.0"": ""CLEAN_NUM:123"", ""RAW_NUMPREFIX:161.3"": ""CLEAN_NUM:161.3"", ""RAW_NUMPREFIX:174.8"": ""CLEAN_NUM:174.8"", ""RAW_NUMPREFIX:164.6"": ""CLEAN_NUM:164.6"", ""RAW_NUMPREFIX:159.5"": ""CLEAN_NUM:159.5"", ""RAW_NUMPREFIX:172.3"": ""CLEAN_NUM:172.3"", ""RAW_NUMPREFIX:164.1"": ""CLEAN_NUM:164.1"", ""RAW_NUMPREFIX:170.3"": ""CLEAN_NUM:170.3"", ""RAW_NUMPREFIX:193.0"": ""CLEAN_NUM:193"", ""RAW_NUMPREFIX:154.3"": ""CLEAN_NUM:154.3"", ""RAW_NUMPREFIX:151.5"": ""CLEAN_NUM:151.5"", ""RAW_NUMPREFIX:156.4"": ""CLEAN_NUM:156.4"", ""RAW_NUMPREFIX:161.6"": ""CLEAN_NUM:161.6"", ""RAW_NUMPREFIX:168.6"": ""CLEAN_NUM:168.6"", ""RAW_NUMPREFIX:163.7"": ""CLEAN_NUM:163.7"", ""RAW_NUMPREFIX:163.4"": ""CLEAN_NUM:163.4"", ""RAW_NUMPREFIX:169.1"": ""CLEAN_NUM:169.1"", ""RAW_NUMPREFIX:169.999999"": ""CLEAN_NUM:169.999999"", ""RAW_NUMPREFIX:176.5"": ""CLEAN_NUM:176.5"", ""RAW_NUMPREFIX:158.2"": ""CLEAN_NUM:158.2"", ""RAW_NUMPREFIX:153.4"": ""CLEAN_NUM:153.4"", ""RAW_NUMPREFIX:152.8"": ""CLEAN_NUM:152.8"", ""RAW_NUMPREFIX:161.2"": ""CLEAN_NUM:161.2"", ""RAW_NUMPREFIX:155.5"": ""CLEAN_NUM:155.5"", ""RAW_NUMPREFIX:158.3"": ""CLEAN_NUM:158.3"", ""RAW_NUMPREFIX:150.4"": ""CLEAN_NUM:150.4"", ""RAW_NUMPREFIX:173.2"": ""CLEAN_NUM:173.2"", ""RAW_NUMPREFIX:110.0"": ""CLEAN_NUM:110"", ""RAW_NUMPREFIX:154.9"": ""CLEAN_NUM:154.9"", ""RAW_NUMPREFIX:175.1"": ""CLEAN_NUM:175.1"", ""RAW_NUMPREFIX:152.4"": ""CLEAN_NUM:152.4"", ""RAW_NUMPREFIX:164.7"": ""CLEAN_NUM:164.7"", ""RAW_NUMPREFIX:154.6"": ""CLEAN_NUM:154.6"", ""RAW_NUMPREFIX:148.7"": ""CLEAN_NUM:148.7"", ""RAW_NUMPREFIX:151.7"": ""CLEAN_NUM:151.7"", ""RAW_NUMPREFIX:147.8"": ""CLEAN_NUM:147.8"", ""RAW_NUMPREFIX:169.99999"": ""CLEAN_NUM:169.99999"", ""RAW_NUMPREFIX:156.3"": ""CLEAN_NUM:156.3"", ""RAW_NUMPREFIX:169.2"": ""CLEAN_NUM:169.2"", ""RAW_NUMPREFIX:148.5"": ""CLEAN_NUM:148.5"", ""RAW_NUMPREFIX:175.3"": ""CLEAN_NUM:175.3"", ""RAW_NUMPREFIX:148.8"": ""CLEAN_NUM:148.8"", ""RAW_NUMPREFIX:178.5"": ""CLEAN_NUM:178.5"", ""RAW_NUMPREFIX:-5.0"": ""CLEAN_NUM:-5"", ""RAW_NUMPREFIX:163.9"": ""CLEAN_NUM:163.9"", ""RAW_NUMPREFIX:173.945215"": ""CLEAN_NUM:173.945215"", ""RAW_NUMPREFIX:148.3"": ""CLEAN_NUM:148.3"", ""RAW_NUMPREFIX:170.2"": ""CLEAN_NUM:170.2"", ""RAW_NUMPREFIX:141.0"": ""CLEAN_NUM:141"", ""RAW_NUMPREFIX:160.7"": ""CLEAN_NUM:160.7"", ""RAW_NUMPREFIX:176.4"": ""CLEAN_NUM:176.4"", ""RAW_NUMPREFIX:152.99"": ""CLEAN_NUM:152.99"", ""RAW_NUMPREFIX:162.3"": ""CLEAN_NUM:162.3"", ""RAW_NUMPREFIX:149.3"": ""CLEAN_NUM:149.3"", ""RAW_NUMPREFIX:167.3"": ""CLEAN_NUM:167.3"", ""RAW_NUMPREFIX:178.3"": ""CLEAN_NUM:178.3"", ""RAW_NUMPREFIX:179.6"": ""CLEAN_NUM:179.6"", ""RAW_NUMPREFIX:168.3"": ""CLEAN_NUM:168.3"", ""RAW_NUMPREFIX:143.3"": ""CLEAN_NUM:143.3"", ""RAW_NUMPREFIX:145.9"": ""CLEAN_NUM:145.9"", ""RAW_NUMPREFIX:150.5"": ""CLEAN_NUM:150.5"", ""RAW_NUMPREFIX:172.9"": ""CLEAN_NUM:172.9"", ""RAW_NUMPREFIX:179.8"": ""CLEAN_NUM:179.8"", ""RAW_NUMPREFIX:133.0"": ""CLEAN_NUM:133"", ""RAW_NUMPREFIX:165.8"": ""CLEAN_NUM:165.8"", ""RAW_NUMPREFIX:180.6"": ""CLEAN_NUM:180.6"", ""RAW_NUMPREFIX:153.07"": ""CLEAN_NUM:153.07"", ""RAW_NUMPREFIX:153.2"": ""CLEAN_NUM:153.2"", ""RAW_NUMPREFIX:184.9"": ""CLEAN_NUM:184.9"", ""RAW_NUMPREFIX:169.67"": ""CLEAN_NUM:169.67"", ""RAW_NUMPREFIX:177.3"": ""CLEAN_NUM:177.3"", ""RAW_NUMPREFIX:166.2"": ""CLEAN_NUM:166.2"", ""RAW_NUMPREFIX:177.9"": ""CLEAN_NUM:177.9"", ""RAW_NUMPREFIX:143.0"": ""CLEAN_NUM:143"", ""RAW_NUMPREFIX:175.114514"": ""CLEAN_NUM:175.114514"", ""RAW_NUMPREFIX:188.0"": ""CLEAN_NUM:188"", ""RAW_NUMPREFIX:162.7"": ""CLEAN_NUM:162.7"", ""RAW_NUMPREFIX:180.3"": ""CLEAN_NUM:180.3"", ""RAW_NUMPREFIX:169.7"": ""CLEAN_NUM:169.7"", ""RAW_NUMPREFIX:192.0"": ""CLEAN_NUM:192"", ""RAW_NUMPREFIX:166.8"": ""CLEAN_NUM:166.8"", ""RAW_NUMPREFIX:166.6"": ""CLEAN_NUM:166.6"", ""RAW_NUMPREFIX:154.1"": ""CLEAN_NUM:154.1"", ""RAW_NUMPREFIX:165.999999"": ""CLEAN_NUM:165.999999"", ""RAW_NUMPREFIX:175.6"": ""CLEAN_NUM:175.6"", ""RAW_NUMPREFIX:168.7"": ""CLEAN_NUM:168.7"", ""RAW_NUMPREFIX:-8.0"": ""CLEAN_EMPTY"", ""RAW_NUMPREFIX:165.6"": ""CLEAN_NUM:165.6"", ""RAW_NUMPREFIX:151.3"": ""CLEAN_NUM:151.3"", ""RAW_NUMPREFIX:153.8"": ""CLEAN_NUM:153.8"", ""RAW_NUMPREFIX:146.9"": ""CLEAN_NUM:146.9"", ""RAW_NUMPREFIX:156.1"": ""CLEAN_NUM:156.1"", ""RAW_NUMPREFIX:151.2"": ""CLEAN_NUM:151.2"", ""RAW_NUMPREFIX:146.3"": ""CLEAN_NUM:146.3"", ""RAW_NUMPREFIX:180.1"": ""CLEAN_NUM:180.1"", ""RAW_NUMPREFIX:159.999999"": ""CLEAN_NUM:159.999999"", ""RAW_NUMPREFIX:169.666999"": ""CLEAN_NUM:169.666999"", ""RAW_NUMPREFIX:230.0"": ""CLEAN_NUM:230"", ""RAW_NUMPREFIX:182.8"": ""CLEAN_NUM:182.8"", ""RAW_NUMPREFIX:161.7"": ""CLEAN_NUM:161.7"", ""RAW_NUMPREFIX:146.5"": ""CLEAN_NUM:146.5"", ""RAW_NUMPREFIX:160.199999"": ""CLEAN_NUM:160.199999"", ""RAW_NUMPREFIX:168.65"": ""CLEAN_NUM:168.65"", ""RAW_NUMPREFIX:181.3"": ""CLEAN_NUM:181.3"", ""RAW_NUMPREFIX:187.6"": ""CLEAN_NUM:187.6"", ""RAW_NUMPREFIX:181.6"": ""CLEAN_NUM:181.6"", ""RAW_NUMPREFIX:155.555"": ""CLEAN_NUM:155.555""}"
G31,deterministic_categorical_recode,1,1,v62,v62,v62,"{""RAW_NUMPREFIX:40.0"": ""CLEAN_NUM:40"", ""RAW_NUMPREFIX:48.0"": ""CLEAN_NUM:48"", ""RAW_NUMPREFIX:60.0"": ""CLEAN_NUM:60"", ""RAW_NUMPREFIX:65.0"": ""CLEAN_NUM:65"", ""RAW_NUMPREFIX:55.0"": ""CLEAN_NUM:55"", ""RAW_NUMPREFIX:75.0"": ""CLEAN_NUM:75"", ""RAW_NUMPREFIX:53.0"": ""CLEAN_NUM:53"", ""RAW_NUMPREFIX:49.9"": ""CLEAN_NUM:49.9"", ""RAW_NUMPREFIX:42.0"": ""CLEAN_NUM:42"", ""RAW_NUMPREFIX:45.0"": ""CLEAN_NUM:45"", ""RAW_NUMPREFIX:80.0"": ""CLEAN_NUM:80"", ""RAW_NUMPREFIX:39.0"": ""CLEAN_NUM:39"", ""RAW_NUMPREFIX:38.0"": ""CLEAN_NUM:38"", ""RAW_NUMPREFIX:62.0"": ""CLEAN_NUM:62"", ""RAW_NUMPREFIX:57.0"": ""CLEAN_NUM:57"", ""RAW_NUMPREFIX:56.0"": ""CLEAN_NUM:56"", ""RAW_NUMPREFIX:52.0"": ""CLEAN_NUM:52"", ""RAW_NUMPREFIX:43.0"": ""CLEAN_NUM:43"", ""RAW_NUMPREFIX:46.0"": ""CLEAN_NUM:46"", ""RAW_NUMPREFIX:51.0"": ""CLEAN_NUM:51"", ""RAW_NUMPREFIX:65.6"": ""CLEAN_NUM:65.6"", ""RAW_NUMPREFIX:50.0"": ""CLEAN_NUM:50"", ""RAW_NUMPREFIX:-7.0"": ""CLEAN_EMPTY"", ""RAW_NUMPREFIX:49.0"": ""CLEAN_NUM:49"", ""RAW_NUMPREFIX:44.5"": ""CLEAN_NUM:44.5"", ""RAW_NUMPREFIX:47.5"": ""CLEAN_NUM:47.5"", ""RAW_NUMPREFIX:47.0"": ""CLEAN_NUM:47"", ""RAW_NUMPREFIX:69.0"": ""CLEAN_NUM:69"", ""RAW_NUMPREFIX:59.0"": ""CLEAN_NUM:59"", ""RAW_NUMPREFIX:74.0"": ""CLEAN_NUM:74"", ""RAW_NUMPREFIX:67.0"": ""CLEAN_NUM:67"", ""RAW_NUMPREFIX:63.0"": ""CLEAN_NUM:63"", ""RAW_NUMPREFIX:33.0"": ""CLEAN_NUM:33"", ""RAW_NUMPREFIX:-99.0"": ""CLEAN_EMPTY"", ""RAW_NUMPREFIX:71.8"": ""CLEAN_NUM:71.8"", ""RAW_NUMPREFIX:35.0"": ""CLEAN_NUM:35"", ""RAW_NUMPREFIX:70.0"": ""CLEAN_NUM:70"", ""RAW_NUMPREFIX:85.0"": ""CLEAN_NUM:85"", ""RAW_NUMPREFIX:96.0"": ""CLEAN_NUM:96"", ""RAW_NUMPREFIX:54.0"": ""CLEAN_NUM:54"", ""RAW_NUMPREFIX:64.0"": ""CLEAN_NUM:64"", ""RAW_NUMPREFIX:86.0"": ""CLEAN_NUM:86"", ""RAW_NUMPREFIX:95.0"": ""CLEAN_NUM:95"", ""RAW_NUMPREFIX:44.0"": ""CLEAN_NUM:44"", ""RAW_NUMPREFIX:104.6"": ""CLEAN_NUM:104.6"", ""RAW_NUMPREFIX:42.8"": ""CLEAN_NUM:42.8"", ""RAW_NUMPREFIX:32.0"": ""CLEAN_NUM:32"", ""RAW_NUMPREFIX:44.6"": ""CLEAN_NUM:44.6"", ""RAW_NUMPREFIX:76.2"": ""CLEAN_NUM:76.2"", ""RAW_NUMPREFIX:97.0"": ""CLEAN_NUM:97"", ""RAW_NUMPREFIX:30.0"": ""CLEAN_NUM:30"", ""RAW_NUMPREFIX:57.5"": ""CLEAN_NUM:57.5"", ""RAW_NUMPREFIX:-9.0"": ""CLEAN_EMPTY"", ""RAW_NUMPREFIX:68.0"": ""CLEAN_NUM:68"", ""RAW_NUMPREFIX:66.0"": ""CLEAN_NUM:66"", ""RAW_NUMPREFIX:54.3"": ""CLEAN_NUM:54.3"", ""RAW_NUMPREFIX:42.9"": ""CLEAN_NUM:42.9"", ""RAW_NUMPREFIX:58.7"": ""CLEAN_NUM:58.7"", ""RAW_NUMPREFIX:37.0"": ""CLEAN_NUM:37"", ""RAW_NUMPREFIX:61.0"": ""CLEAN_NUM:61"", ""RAW_NUMPREFIX:89.0"": ""CLEAN_NUM:89"", ""RAW_NUMPREFIX:41.1"": ""CLEAN_NUM:41.1"", ""RAW_NUMPREFIX:45.3"": ""CLEAN_NUM:45.3"", ""RAW_NUMPREFIX:56.7"": ""CLEAN_NUM:56.7"", ""RAW_NUMPREFIX:100.0"": ""CLEAN_NUM:100"", ""RAW_NUMPREFIX:91.0"": ""CLEAN_NUM:91"", ""RAW_NUMPREFIX:50.57"": ""CLEAN_NUM:50.57"", ""RAW_NUMPREFIX:36.5"": ""CLEAN_NUM:36.5"", ""RAW_NUMPREFIX:35.5"": ""CLEAN_NUM:35.5"", ""RAW_NUMPREFIX:36.0"": ""CLEAN_NUM:36"", ""RAW_NUMPREFIX:98.0"": ""CLEAN_NUM:98"", ""RAW_NUMPREFIX:58.0"": ""CLEAN_NUM:58"", ""RAW_NUMPREFIX:48.6"": ""CLEAN_NUM:48.6"", ""RAW_NUMPREFIX:84.0"": ""CLEAN_NUM:84"", ""RAW_NUMPREFIX:45.5"": ""CLEAN_NUM:45.5"", ""RAW_NUMPREFIX:77.0"": ""CLEAN_NUM:77"", ""RAW_NUMPREFIX:86.7"": ""CLEAN_NUM:86.7"", ""RAW_NUMPREFIX:76.0"": ""CLEAN_NUM:76"", ""RAW_NUMPREFIX:39.5"": ""CLEAN_NUM:39.5"", ""RAW_NUMPREFIX:72.0"": ""CLEAN_NUM:72"", ""RAW_NUMPREFIX:38.4"": ""CLEAN_NUM:38.4"", ""RAW_NUMPREFIX:58.5"": ""CLEAN_NUM:58.5"", ""RAW_NUMPREFIX:40.9"": ""CLEAN_NUM:40.9"", ""RAW_NUMPREFIX:54.8"": ""CLEAN_NUM:54.8"", ""RAW_NUMPREFIX:65.5"": ""CLEAN_NUM:65.5"", ""RAW_NUMPREFIX:115.0"": ""CLEAN_NUM:115"", ""RAW_NUMPREFIX:34.0"": ""CLEAN_NUM:34"", ""RAW_NUMPREFIX:44.2"": ""CLEAN_NUM:44.2"", ""RAW_NUMPREFIX:71.6"": ""CLEAN_NUM:71.6"", ""RAW_NUMPREFIX:40.5"": ""CLEAN_NUM:40.5"", ""RAW_NUMPREFIX:148.0"": ""CLEAN_NUM:148"", ""RAW_NUMPREFIX:41.0"": ""CLEAN_NUM:41"", ""RAW_NUMPREFIX:35.3"": ""CLEAN_NUM:35.3"", ""RAW_NUMPREFIX:49.6"": ""CLEAN_NUM:49.6"", ""RAW_NUMPREFIX:39.6"": ""CLEAN_NUM:39.6"", ""RAW_NUMPREFIX:43.261"": ""CLEAN_NUM:43.261"", ""RAW_NUMPREFIX:81.0"": ""CLEAN_NUM:81"", ""RAW_NUMPREFIX:56.6"": ""CLEAN_NUM:56.6"", ""RAW_NUMPREFIX:69.2"": ""CLEAN_NUM:69.2"", ""RAW_NUMPREFIX:43.9"": ""CLEAN_NUM:43.9"", ""RAW_NUMPREFIX:48.1"": ""CLEAN_NUM:48.1"", ""RAW_NUMPREFIX:39.8"": ""CLEAN_NUM:39.8"", ""RAW_NUMPREFIX:53.3"": ""CLEAN_NUM:53.3"", ""RAW_NUMPREFIX:43.35"": ""CLEAN_NUM:43.35"", ""RAW_NUMPREFIX:88.6"": ""CLEAN_NUM:88.6"", ""RAW_NUMPREFIX:57.3"": ""CLEAN_NUM:57.3"", ""RAW_NUMPREFIX:104.0"": ""CLEAN_NUM:104"", ""RAW_NUMPREFIX:90.0"": ""CLEAN_NUM:90"", ""RAW_NUMPREFIX:87.0"": ""CLEAN_NUM:87"", ""RAW_NUMPREFIX:78.0"": ""CLEAN_NUM:78"", ""RAW_NUMPREFIX:84.1"": ""CLEAN_NUM:84.1"", ""RAW_NUMPREFIX:37.7"": ""CLEAN_NUM:37.7"", ""RAW_NUMPREFIX:82.0"": ""CLEAN_NUM:82"", ""RAW_NUMPREFIX:83.0"": ""CLEAN_NUM:83"", ""RAW_NUMPREFIX:93.0"": ""CLEAN_NUM:93"", ""RAW_NUMPREFIX:56.1"": ""CLEAN_NUM:56.1"", ""RAW_NUMPREFIX:93.9"": ""CLEAN_NUM:93.9"", ""RAW_NUMPREFIX:61.9"": ""CLEAN_NUM:61.9"", ""RAW_NUMPREFIX:52.2"": ""CLEAN_NUM:52.2"", ""RAW_NUMPREFIX:29.0"": ""CLEAN_NUM:29"", ""RAW_NUMPREFIX:71.0"": ""CLEAN_NUM:71"", ""RAW_NUMPREFIX:106.0"": ""CLEAN_NUM:106"", ""RAW_NUMPREFIX:49.1"": ""CLEAN_NUM:49.1"", ""RAW_NUMPREFIX:51.8"": ""CLEAN_NUM:51.8"", ""RAW_NUMPREFIX:53.8"": ""CLEAN_NUM:53.8"", ""RAW_NUMPREFIX:50.6"": ""CLEAN_NUM:50.6"", ""RAW_NUMPREFIX:40.2"": ""CLEAN_NUM:40.2"", ""RAW_NUMPREFIX:103.0"": ""CLEAN_NUM:103"", ""RAW_NUMPREFIX:56.8"": ""CLEAN_NUM:56.8"", ""RAW_NUMPREFIX:62.1"": ""CLEAN_NUM:62.1"", ""RAW_NUMPREFIX:52.5"": ""CLEAN_NUM:52.5"", ""RAW_NUMPREFIX:85.3"": ""CLEAN_NUM:85.3"", ""RAW_NUMPREFIX:47.6"": ""CLEAN_NUM:47.6"", ""RAW_NUMPREFIX:49.5"": ""CLEAN_NUM:49.5"", ""RAW_NUMPREFIX:38.6"": ""CLEAN_NUM:38.6"", ""RAW_NUMPREFIX:57.2"": ""CLEAN_NUM:57.2"", ""RAW_NUMPREFIX:69.5"": ""CLEAN_NUM:69.5"", ""RAW_NUMPREFIX:26.0"": ""CLEAN_NUM:26"", ""RAW_NUMPREFIX:34.9"": ""CLEAN_NUM:34.9"", ""RAW_NUMPREFIX:79.9"": ""CLEAN_NUM:79.9"", ""RAW_NUMPREFIX:66.7"": ""CLEAN_NUM:66.7"", ""RAW_NUMPREFIX:78.6"": ""CLEAN_NUM:78.6"", ""RAW_NUMPREFIX:85.6"": ""CLEAN_NUM:85.6"", ""RAW_NUMPREFIX:72.1"": ""CLEAN_NUM:72.1"", ""RAW_NUMPREFIX:59.6"": ""CLEAN_NUM:59.6"", ""RAW_NUMPREFIX:84.5"": ""CLEAN_NUM:84.5"", ""RAW_NUMPREFIX:99.5"": ""CLEAN_NUM:99.5"", ""RAW_NUMPREFIX:48.5"": ""CLEAN_NUM:48.5"", ""RAW_NUMPREFIX:42.3"": ""CLEAN_NUM:42.3"", ""RAW_NUMPREFIX:88.0"": ""CLEAN_NUM:88"", ""RAW_NUMPREFIX:66.8"": ""CLEAN_NUM:66.8"", ""RAW_NUMPREFIX:46.6"": ""CLEAN_NUM:46.6"", ""RAW_NUMPREFIX:45.2"": ""CLEAN_NUM:45.2"", ""RAW_NUMPREFIX:58.1"": ""CLEAN_NUM:58.1"", ""RAW_NUMPREFIX:54.5"": ""CLEAN_NUM:54.5"", ""RAW_NUMPREFIX:60.2"": ""CLEAN_NUM:60.2"", ""RAW_NUMPREFIX:38.5"": ""CLEAN_NUM:38.5"", ""RAW_NUMPREFIX:44.8"": ""CLEAN_NUM:44.8"", ""RAW_NUMPREFIX:60.5"": ""CLEAN_NUM:60.5"", ""RAW_NUMPREFIX:49.8"": ""CLEAN_NUM:49.8"", ""RAW_NUMPREFIX:53.54"": ""CLEAN_NUM:53.54"", ""RAW_NUMPREFIX:-8.0"": ""CLEAN_EMPTY"", ""RAW_NUMPREFIX:102.0"": ""CLEAN_NUM:102"", ""RAW_NUMPREFIX:44.1"": ""CLEAN_NUM:44.1"", ""RAW_NUMPREFIX:41.8"": ""CLEAN_NUM:41.8"", ""RAW_NUMPREFIX:28.0"": ""CLEAN_NUM:28"", ""RAW_NUMPREFIX:35.6"": ""CLEAN_NUM:35.6"", ""RAW_NUMPREFIX:59.9999999"": ""CLEAN_NUM:59.9999999"", ""RAW_NUMPREFIX:51.7"": ""CLEAN_NUM:51.7"", ""RAW_NUMPREFIX:59.9"": ""CLEAN_NUM:59.9"", ""RAW_NUMPREFIX:41.5"": ""CLEAN_NUM:41.5"", ""RAW_NUMPREFIX:46.3"": ""CLEAN_NUM:46.3"", ""RAW_NUMPREFIX:41.6"": ""CLEAN_NUM:41.6"", ""RAW_NUMPREFIX:55.5"": ""CLEAN_NUM:55.5"", ""RAW_NUMPREFIX:52.9"": ""CLEAN_NUM:52.9"", ""RAW_NUMPREFIX:45.4"": ""CLEAN_NUM:45.4"", ""RAW_NUMPREFIX:79.2"": ""CLEAN_NUM:79.2"", ""RAW_NUMPREFIX:51.1"": ""CLEAN_NUM:51.1"", ""RAW_NUMPREFIX:99.0"": ""CLEAN_NUM:99"", ""RAW_NUMPREFIX:78.8"": ""CLEAN_NUM:78.8"", ""RAW_NUMPREFIX:36.2"": ""CLEAN_NUM:36.2"", ""RAW_NUMPREFIX:110.0"": ""CLEAN_NUM:110"", ""RAW_NUMPREFIX:116.0"": ""CLEAN_NUM:116"", ""RAW_NUMPREFIX:50.2"": ""CLEAN_NUM:50.2"", ""RAW_NUMPREFIX:66.5"": ""CLEAN_NUM:66.5"", ""RAW_NUMPREFIX:43.6"": ""CLEAN_NUM:43.6"", ""RAW_NUMPREFIX:31.0"": ""CLEAN_NUM:31"", ""RAW_NUMPREFIX:50.4"": ""CLEAN_NUM:50.4"", ""RAW_NUMPREFIX:107.0"": ""CLEAN_NUM:107"", ""RAW_NUMPREFIX:56.2"": ""CLEAN_NUM:56.2"", ""RAW_NUMPREFIX:47.8"": ""CLEAN_NUM:47.8"", ""RAW_NUMPREFIX:57.8"": ""CLEAN_NUM:57.8"", ""RAW_NUMPREFIX:61.4"": ""CLEAN_NUM:61.4"", ""RAW_NUMPREFIX:73.0"": ""CLEAN_NUM:73"", ""RAW_NUMPREFIX:82.5"": ""CLEAN_NUM:82.5"", ""RAW_NUMPREFIX:40.7"": ""CLEAN_NUM:40.7"", ""RAW_NUMPREFIX:45.1"": ""CLEAN_NUM:45.1"", ""RAW_NUMPREFIX:61.5"": ""CLEAN_NUM:61.5"", ""RAW_NUMPREFIX:67.7"": ""CLEAN_NUM:67.7"", ""RAW_NUMPREFIX:50.15"": ""CLEAN_NUM:50.15"", ""RAW_NUMPREFIX:34.5"": ""CLEAN_NUM:34.5"", ""RAW_NUMPREFIX:98.8"": ""CLEAN_NUM:98.8"", ""RAW_NUMPREFIX:43.5"": ""CLEAN_NUM:43.5"", ""RAW_NUMPREFIX:81.8"": ""CLEAN_NUM:81.8"", ""RAW_NUMPREFIX:42.7"": ""CLEAN_NUM:42.7"", ""RAW_NUMPREFIX:51.2"": ""CLEAN_NUM:51.2"", ""RAW_NUMPREFIX:41.2"": ""CLEAN_NUM:41.2"", ""RAW_NUMPREFIX:64.5"": ""CLEAN_NUM:64.5"", ""RAW_NUMPREFIX:49.4"": ""CLEAN_NUM:49.4"", ""RAW_NUMPREFIX:40.1"": ""CLEAN_NUM:40.1"", ""RAW_NUMPREFIX:52.4"": ""CLEAN_NUM:52.4"", ""RAW_NUMPREFIX:46.5"": ""CLEAN_NUM:46.5"", ""RAW_NUMPREFIX:59.8"": ""CLEAN_NUM:59.8"", ""RAW_NUMPREFIX:51.3"": ""CLEAN_NUM:51.3"", ""RAW_NUMPREFIX:41.3"": ""CLEAN_NUM:41.3"", ""RAW_NUMPREFIX:51.9"": ""CLEAN_NUM:51.9"", ""RAW_NUMPREFIX:109.0"": ""CLEAN_NUM:109"", ""RAW_NUMPREFIX:51.4"": ""CLEAN_NUM:51.4"", ""RAW_NUMPREFIX:92.0"": ""CLEAN_NUM:92"", ""RAW_NUMPREFIX:153.0"": ""CLEAN_NUM:153"", ""RAW_NUMPREFIX:46.7"": ""CLEAN_NUM:46.7"", ""RAW_NUMPREFIX:56.5"": ""CLEAN_NUM:56.5"", ""RAW_NUMPREFIX:79.0"": ""CLEAN_NUM:79"", ""RAW_NUMPREFIX:52.1"": ""CLEAN_NUM:52.1"", ""RAW_NUMPREFIX:39.7"": ""CLEAN_NUM:39.7"", ""RAW_NUMPREFIX:64.6"": ""CLEAN_NUM:64.6"", ""RAW_NUMPREFIX:43.7"": ""CLEAN_NUM:43.7"", ""RAW_NUMPREFIX:55.4"": ""CLEAN_NUM:55.4"", ""RAW_NUMPREFIX:52.6"": ""CLEAN_NUM:52.6"", ""RAW_NUMPREFIX:101.5"": ""CLEAN_NUM:101.5"", ""RAW_NUMPREFIX:30.5"": ""CLEAN_NUM:30.5"", ""RAW_NUMPREFIX:45.6"": ""CLEAN_NUM:45.6"", ""RAW_NUMPREFIX:62.5"": ""CLEAN_NUM:62.5"", ""RAW_NUMPREFIX:50.7"": ""CLEAN_NUM:50.7"", ""RAW_NUMPREFIX:71.9"": ""CLEAN_NUM:71.9"", ""RAW_NUMPREFIX:121.0"": ""CLEAN_NUM:121"", ""RAW_NUMPREFIX:48.7"": ""CLEAN_NUM:48.7"", ""RAW_NUMPREFIX:63.2"": ""CLEAN_NUM:63.2"", ""RAW_NUMPREFIX:55.6"": ""CLEAN_NUM:55.6"", ""RAW_NUMPREFIX:55.9999999"": ""CLEAN_NUM:55.9999999"", ""RAW_NUMPREFIX:48.2"": ""CLEAN_NUM:48.2"", ""RAW_NUMPREFIX:105.0"": ""CLEAN_NUM:105"", ""RAW_NUMPREFIX:66.2"": ""CLEAN_NUM:66.2"", ""RAW_NUMPREFIX:50.3"": ""CLEAN_NUM:50.3"", ""RAW_NUMPREFIX:53.15"": ""CLEAN_NUM:53.15"", ""RAW_NUMPREFIX:81.9"": ""CLEAN_NUM:81.9"", ""RAW_NUMPREFIX:42.5"": ""CLEAN_NUM:42.5"", ""RAW_NUMPREFIX:89.5"": ""CLEAN_NUM:89.5"", ""RAW_NUMPREFIX:80.5"": ""CLEAN_NUM:80.5"", ""RAW_NUMPREFIX:94.0"": ""CLEAN_NUM:94"", ""RAW_NUMPREFIX:89.7"": ""CLEAN_NUM:89.7"", ""RAW_NUMPREFIX:82.6"": ""CLEAN_NUM:82.6"", ""RAW_NUMPREFIX:38.7"": ""CLEAN_NUM:38.7"", ""RAW_NUMPREFIX:63.9"": ""CLEAN_NUM:63.9"", ""RAW_NUMPREFIX:45.9"": ""CLEAN_NUM:45.9"", ""RAW_NUMPREFIX:47.7"": ""CLEAN_NUM:47.7"", ""RAW_NUMPREFIX:68.7"": ""CLEAN_NUM:68.7"", ""RAW_NUMPREFIX:37.5"": ""CLEAN_NUM:37.5"", ""RAW_NUMPREFIX:125.0"": ""CLEAN_NUM:125"", ""RAW_NUMPREFIX:57.9"": ""CLEAN_NUM:57.9"", ""RAW_NUMPREFIX:52.8"": ""CLEAN_NUM:52.8"", ""RAW_NUMPREFIX:64.1"": ""CLEAN_NUM:64.1"", ""RAW_NUMPREFIX:40.2564"": ""CLEAN_NUM:40.2564"", ""RAW_NUMPREFIX:36.3"": ""CLEAN_NUM:36.3"", ""RAW_NUMPREFIX:57.6"": ""CLEAN_NUM:57.6"", ""RAW_NUMPREFIX:49.7"": ""CLEAN_NUM:49.7"", ""RAW_NUMPREFIX:47.9"": ""CLEAN_NUM:47.9"", ""RAW_NUMPREFIX:53.2"": ""CLEAN_NUM:53.2"", ""RAW_NUMPREFIX:67.2"": ""CLEAN_NUM:67.2"", ""RAW_NUMPREFIX:31.4159"": ""CLEAN_NUM:31.4159"", ""RAW_NUMPREFIX:45.8"": ""CLEAN_NUM:45.8"", ""RAW_NUMPREFIX:39.2"": ""CLEAN_NUM:39.2"", ""RAW_NUMPREFIX:72.4"": ""CLEAN_NUM:72.4"", ""RAW_NUMPREFIX:90.2"": ""CLEAN_NUM:90.2"", ""RAW_NUMPREFIX:117.0"": ""CLEAN_NUM:117"", ""RAW_NUMPREFIX:76.8"": ""CLEAN_NUM:76.8"", ""RAW_NUMPREFIX:64.3"": ""CLEAN_NUM:64.3"", ""RAW_NUMPREFIX:88.5"": ""CLEAN_NUM:88.5"", ""RAW_NUMPREFIX:47.3"": ""CLEAN_NUM:47.3"", ""RAW_NUMPREFIX:59.3"": ""CLEAN_NUM:59.3"", ""RAW_NUMPREFIX:48.95"": ""CLEAN_NUM:48.95"", ""RAW_NUMPREFIX:100.6"": ""CLEAN_NUM:100.6"", ""RAW_NUMPREFIX:44.4"": ""CLEAN_NUM:44.4"", ""RAW_NUMPREFIX:51.5"": ""CLEAN_NUM:51.5"", ""RAW_NUMPREFIX:124.0"": ""CLEAN_NUM:124"", ""RAW_NUMPREFIX:49.2"": ""CLEAN_NUM:49.2"", ""RAW_NUMPREFIX:64.4"": ""CLEAN_NUM:64.4"", ""RAW_NUMPREFIX:49.3"": ""CLEAN_NUM:49.3"", ""RAW_NUMPREFIX:21.0"": ""CLEAN_NUM:21"", ""RAW_NUMPREFIX:50.95"": ""CLEAN_NUM:50.95"", ""RAW_NUMPREFIX:52.7"": ""CLEAN_NUM:52.7"", ""RAW_NUMPREFIX:61.3"": ""CLEAN_NUM:61.3"", ""RAW_NUMPREFIX:76.6"": ""CLEAN_NUM:76.6"", ""RAW_NUMPREFIX:68.4"": ""CLEAN_NUM:68.4"", ""RAW_NUMPREFIX:34.8"": ""CLEAN_NUM:34.8"", ""RAW_NUMPREFIX:61.8"": ""CLEAN_NUM:61.8"", ""RAW_NUMPREFIX:43.1"": ""CLEAN_NUM:43.1"", ""RAW_NUMPREFIX:555.0"": ""CLEAN_NUM:555"", ""RAW_NUMPREFIX:63.5"": ""CLEAN_NUM:63.5"", ""RAW_NUMPREFIX:55.1"": ""CLEAN_NUM:55.1"", ""RAW_NUMPREFIX:101.0"": ""CLEAN_NUM:101"", ""RAW_NUMPREFIX:47.2"": ""CLEAN_NUM:47.2"", ""RAW_NUMPREFIX:46.4"": ""CLEAN_NUM:46.4"", ""RAW_NUMPREFIX:54.2"": ""CLEAN_NUM:54.2"", ""RAW_NUMPREFIX:43.8"": ""CLEAN_NUM:43.8"", ""RAW_NUMPREFIX:-5.0"": ""CLEAN_NUM:-5"", ""RAW_NUMPREFIX:98.0154631"": ""CLEAN_NUM:98.0154631"", ""RAW_NUMPREFIX:113.0"": ""CLEAN_NUM:113"", ""RAW_NUMPREFIX:22.0"": ""CLEAN_NUM:22"", ""RAW_NUMPREFIX:74.5"": ""CLEAN_NUM:74.5"", ""RAW_NUMPREFIX:77.6"": ""CLEAN_NUM:77.6"", ""RAW_NUMPREFIX:74.6"": ""CLEAN_NUM:74.6"", ""RAW_NUMPREFIX:64.85"": ""CLEAN_NUM:64.85"", ""RAW_NUMPREFIX:88.8"": ""CLEAN_NUM:88.8"", ""RAW_NUMPREFIX:46.2"": ""CLEAN_NUM:46.2"", ""RAW_NUMPREFIX:46.1"": ""CLEAN_NUM:46.1"", ""RAW_NUMPREFIX:56.3"": ""CLEAN_NUM:56.3"", ""RAW_NUMPREFIX:42.6"": ""CLEAN_NUM:42.6"", ""RAW_NUMPREFIX:48.25"": ""CLEAN_NUM:48.25"", ""RAW_NUMPREFIX:50.5"": ""CLEAN_NUM:50.5"", ""RAW_NUMPREFIX:101.2"": ""CLEAN_NUM:101.2"", ""RAW_NUMPREFIX:35.01"": ""CLEAN_NUM:35.01"", ""RAW_NUMPREFIX:37.65"": ""CLEAN_NUM:37.65"", ""RAW_NUMPREFIX:50.9"": ""CLEAN_NUM:50.9"", ""RAW_NUMPREFIX:65.1"": ""CLEAN_NUM:65.1"", ""RAW_NUMPREFIX:150.0"": ""CLEAN_NUM:150"", ""RAW_NUMPREFIX:58.3"": ""CLEAN_NUM:58.3"", ""RAW_NUMPREFIX:123.0"": ""CLEAN_NUM:123"", ""RAW_NUMPREFIX:15.0"": ""CLEAN_NUM:15"", ""RAW_NUMPREFIX:82.3"": ""CLEAN_NUM:82.3"", ""RAW_NUMPREFIX:80.6"": ""CLEAN_NUM:80.6"", ""RAW_NUMPREFIX:35.9"": ""CLEAN_NUM:35.9"", ""RAW_NUMPREFIX:81.6"": ""CLEAN_NUM:81.6"", ""RAW_NUMPREFIX:65.3"": ""CLEAN_NUM:65.3"", ""RAW_NUMPREFIX:40.3"": ""CLEAN_NUM:40.3"", ""RAW_NUMPREFIX:52.3"": ""CLEAN_NUM:52.3"", ""RAW_NUMPREFIX:66.3"": ""CLEAN_NUM:66.3"", ""RAW_NUMPREFIX:76.5"": ""CLEAN_NUM:76.5"", ""RAW_NUMPREFIX:84.7"": ""CLEAN_NUM:84.7"", ""RAW_NUMPREFIX:40.6"": ""CLEAN_NUM:40.6"", ""RAW_NUMPREFIX:62.3"": ""CLEAN_NUM:62.3"", ""RAW_NUMPREFIX:53.4"": ""CLEAN_NUM:53.4"", ""RAW_NUMPREFIX:86.6"": ""CLEAN_NUM:86.6"", ""RAW_NUMPREFIX:62.2"": ""CLEAN_NUM:62.2"", ""RAW_NUMPREFIX:54.9"": ""CLEAN_NUM:54.9"", ""RAW_NUMPREFIX:43.3"": ""CLEAN_NUM:43.3"", ""RAW_NUMPREFIX:36.4"": ""CLEAN_NUM:36.4"", ""RAW_NUMPREFIX:68.8"": ""CLEAN_NUM:68.8"", ""RAW_NUMPREFIX:35.7"": ""CLEAN_NUM:35.7"", ""RAW_NUMPREFIX:85.1"": ""CLEAN_NUM:85.1"", ""RAW_NUMPREFIX:91.2"": ""CLEAN_NUM:91.2"", ""RAW_NUMPREFIX:112.0"": ""CLEAN_NUM:112"", ""RAW_NUMPREFIX:62.114514"": ""CLEAN_NUM:62.114514"", ""RAW_NUMPREFIX:38.8"": ""CLEAN_NUM:38.8"", ""RAW_NUMPREFIX:44.9"": ""CLEAN_NUM:44.9"", ""RAW_NUMPREFIX:53.55"": ""CLEAN_NUM:53.55"", ""RAW_NUMPREFIX:87.5"": ""CLEAN_NUM:87.5"", ""RAW_NUMPREFIX:36.8"": ""CLEAN_NUM:36.8"", ""RAW_NUMPREFIX:48.8"": ""CLEAN_NUM:48.8"", ""RAW_NUMPREFIX:300.0"": ""CLEAN_NUM:300"", ""RAW_NUMPREFIX:70.3"": ""CLEAN_NUM:70.3"", ""RAW_NUMPREFIX:33.3"": ""CLEAN_NUM:33.3"", ""RAW_NUMPREFIX:62.4"": ""CLEAN_NUM:62.4"", ""RAW_NUMPREFIX:54.6"": ""CLEAN_NUM:54.6"", ""RAW_NUMPREFIX:37.6"": ""CLEAN_NUM:37.6"", ""RAW_NUMPREFIX:120.0"": ""CLEAN_NUM:120"", ""RAW_NUMPREFIX:180.0"": ""CLEAN_NUM:180"", ""RAW_NUMPREFIX:53.5"": ""CLEAN_NUM:53.5"", ""RAW_NUMPREFIX:42.05"": ""CLEAN_NUM:42.05"", ""RAW_NUMPREFIX:12.0"": ""CLEAN_NUM:12"", ""RAW_NUMPREFIX:66.66"": ""CLEAN_NUM:66.66"", ""RAW_NUMPREFIX:89.6"": ""CLEAN_NUM:89.6"", ""RAW_NUMPREFIX:39.1"": ""CLEAN_NUM:39.1"", ""RAW_NUMPREFIX:71.5"": ""CLEAN_NUM:71.5"", ""RAW_NUMPREFIX:527.0"": ""CLEAN_NUM:527"", ""RAW_NUMPREFIX:500.0"": ""CLEAN_NUM:500"", ""RAW_NUMPREFIX:35.4"": ""CLEAN_NUM:35.4"", ""RAW_NUMPREFIX:41.25"": ""CLEAN_NUM:41.25"", ""RAW_NUMPREFIX:95.57"": ""CLEAN_NUM:95.57"", ""RAW_NUMPREFIX:58.8"": ""CLEAN_NUM:58.8"", ""RAW_NUMPREFIX:65.9"": ""CLEAN_NUM:65.9"", ""RAW_NUMPREFIX:53.1"": ""CLEAN_NUM:53.1"", ""RAW_NUMPREFIX:47.55"": ""CLEAN_NUM:47.55"", ""RAW_NUMPREFIX:71.1"": ""CLEAN_NUM:71.1"", ""RAW_NUMPREFIX:20.0"": ""CLEAN_NUM:20"", ""RAW_NUMPREFIX:59.7"": ""CLEAN_NUM:59.7"", ""RAW_NUMPREFIX:61.2"": ""CLEAN_NUM:61.2"", ""RAW_NUMPREFIX:75.9"": ""CLEAN_NUM:75.9"", ""RAW_NUMPREFIX:54.25"": ""CLEAN_NUM:54.25"", ""RAW_NUMPREFIX:49.6532613"": ""CLEAN_NUM:49.6532613"", ""RAW_NUMPREFIX:37.8"": ""CLEAN_NUM:37.8"", ""RAW_NUMPREFIX:87.8"": ""CLEAN_NUM:87.8"", ""RAW_NUMPREFIX:43.2"": ""CLEAN_NUM:43.2"", ""RAW_NUMPREFIX:49.25"": ""CLEAN_NUM:49.25"", ""RAW_NUMPREFIX:67.5"": ""CLEAN_NUM:67.5"", ""RAW_NUMPREFIX:48.4"": ""CLEAN_NUM:48.4"", ""RAW_NUMPREFIX:42.1"": ""CLEAN_NUM:42.1"", ""RAW_NUMPREFIX:58.2"": ""CLEAN_NUM:58.2"", ""RAW_NUMPREFIX:32.5"": ""CLEAN_NUM:32.5""}"
