scenario,model_type,feature,shap_abs_mean,coef,coef_abs,relative_importance_pct,coef_direction
w2_predict_w2,ridge,v1,0.25475027952843504,-0.2548835165044353,0.2548835165044353,3.989686123754947,negative
w2_predict_w2,ridge,v54_2,0.14757841115280315,0.17278847593234095,0.17278847593234095,2.704654244520478,positive
w2_predict_w2,ridge,v54_1,0.13997565955028698,0.16178957952623982,0.16178957952623982,2.5324887590082903,positive
w2_predict_w2,ridge,v6_1,0.12458175294287337,0.1446627980057231,0.1446627980057231,2.2644036214752825,positive
w2_predict_w2,ridge,v28_6,0.11123942229099025,0.1269455219628149,0.1269455219628149,1.987075486064467,positive
w2_predict_w2,ridge,v19_3,0.11016591004643347,-0.12941936671856144,0.12941936671856144,2.0257985240611367,negative
w2_predict_w2,ridge,v54_4,0.10541537329966973,-0.15246240430513439,0.15246240430513439,2.386490688737521,negative
w2_predict_w2,ridge,v54_6,0.10354221927866908,-0.15169942354296284,0.15169942354296284,2.3745477675110918,negative
w2_predict_w2,ridge,v26_3,0.09510090978168814,-0.12097223770241176,0.12097223770241176,1.8935757978390046,negative
w2_predict_w2,ridge,v5_5,0.09360760983002941,-0.11731965076757436,0.11731965076757436,1.8364019342263855,negative
w2_predict_w2,ridge,v42_14,0.0929959844147766,-0.11917957850587124,0.11917957850587124,1.8655153425410453,negative
w2_predict_w2,ridge,v54_18,0.08527306903544986,0.09475546112769126,0.09475546112769126,1.4832051660138352,positive
w2_predict_w2,ridge,v54_5,0.08427668467604037,-0.12198039346878618,0.12198039346878618,1.9093564380579167,negative
w2_predict_w2,ridge,v34,0.08338769881499472,0.08947164406415674,0.08947164406415674,1.4004976927807575,positive
w2_predict_w2,ridge,v28_7,0.08312957450216352,0.09648734570986402,0.09648734570986402,1.5103143175988478,positive
w2_predict_w2,ridge,v27_4,0.0820629492487843,-0.09926153583954196,0.09926153583954196,1.5537386551818606,negative
w2_predict_w2,ridge,v54_20,0.08136789104852506,-0.11594844840592142,0.11594844840592142,1.814938533571163,negative
w2_predict_w2,ridge,v25_6,0.080086681559654,-0.09352124726937036,0.09352124726937036,1.4638860434129697,negative
w2_predict_w2,ridge,v19_10,0.07813352413636329,0.08437692052902729,0.08437692052902729,1.320750096422874,positive
w2_predict_w2,ridge,v54_3,0.07805021932518386,0.08857947351755699,0.08857947351755699,1.38653256667685,positive
w2_predict_w2,ridge,v54_12,0.07694971337650933,-0.0961091069760743,0.0961091069760743,1.504393754949826,negative
w2_predict_w2,ridge,v27_2,0.07311558211931901,0.09177611599679375,0.09177611599679375,1.4365695416720319,positive
w2_predict_w2,ridge,v22_1,0.07234563508751642,0.08395584420726508,0.08395584420726508,1.314158997943788,positive
w2_predict_w2,ridge,v19_9,0.070523159690819,0.08487063800453262,0.08487063800453262,1.3284782452968897,positive
w2_predict_w2,ridge,v28_4,0.06985996990411458,0.07913132656103385,0.07913132656103385,1.2386409284704931,positive
w2_predict_w2,ridge,v25_13,0.06980038098597531,0.0805186469429351,0.0805186469429351,1.2603566241450603,positive
w2_predict_w2,ridge,v25_8,0.0669925885357099,-0.08037871016069392,0.08037871016069392,1.258166196745253,negative
w2_predict_w2,ridge,v49,0.06608947016499574,-0.10435077992213443,0.10435077992213443,1.6334004817887133,negative
w2_predict_w2,ridge,v28_10,0.06597619039449018,0.07839438585651926,0.07839438585651926,1.227105611698524,positive
w2_predict_w2,ridge,v26_4,0.06466842781683238,0.08734960643555421,0.08734960643555421,1.3672814840708702,positive
w2_predict_w2,ridge,v38,0.0643276372928074,0.10977558010258093,0.10977558010258093,1.718314760675375,positive
w2_predict_w2,ridge,v54_8,0.0628211555074011,-0.09342417351227299,0.09342417351227299,1.4623665500107141,negative
w2_predict_w2,ridge,v22_4,0.06174633356677121,0.07240422221817305,0.07240422221817305,1.1333417109383295,positive
w2_predict_w2,ridge,v22_3,0.0607399015481104,0.06892088243317522,0.06892088243317522,1.0788170692701518,positive
w2_predict_w2,ridge,v54_10,0.060679617192124384,-0.06770224490472349,0.06770224490472349,1.0597417626209424,negative
w2_predict_w2,ridge,v54_14,0.060135971736701335,0.06976869712995161,0.06976869712995161,1.0920878942243635,positive
w2_predict_w2,ridge,v54_16,0.05908754791450968,-0.07653372490406558,0.07653372490406558,1.1979807263986624,negative
w2_predict_w2,ridge,v54_19,0.0573857711955192,0.06628569793089018,0.06628569793089018,1.0375685837404185,positive
w2_predict_w2,ridge,v23_9,0.056921233825551476,0.07021640706094599,0.07021640706094599,1.0990958880077688,positive
w2_predict_w2,ridge,v36,0.056613169138748046,0.07726899923887252,0.07726899923887252,1.2094899595219482,positive
w2_predict_w2,ridge,v25_5,0.055446078610579645,-0.07041657269255888,0.07041657269255888,1.1022290762729452,negative
w2_predict_w2,ridge,v26_5,0.053946608920767664,0.0698922791129799,0.0698922791129799,1.0940223203088588,positive
w2_predict_w2,ridge,v25_7,0.05307817282724919,0.0627392832119595,0.0627392832119595,0.9820566315073215,positive
w2_predict_w2,ridge,v5_3,0.04619884787562899,-0.05921382290435486,0.05921382290435486,0.9268726782176064,negative
w2_predict_w2,ridge,v23_8,0.04618253837317959,0.05191788537695361,0.05191788537695361,0.8126695272564919,positive
w2_predict_w2,ridge,v6_6,0.04487345458917093,0.061163655154755456,0.061163655154755456,0.9573933598990275,positive
w2_predict_w2,ridge,v6_3,0.041356160457604395,-0.04710578751314903,0.04710578751314903,0.7373458643665936,negative
w2_predict_w2,ridge,v23_5,0.04078547769423399,-0.050806343671162095,0.050806343671162095,0.7952705891831694,negative
w2_predict_w2,ridge,v26_2,0.03993168667405635,0.04533368029484435,0.04533368029484435,0.7096071087356339,positive
w2_predict_w2,ridge,v23_3,0.039373343443131974,-0.04711569707050927,0.04711569707050927,0.7375009784517839,negative
w2_predict_w2,ridge,v27_3,0.038942139865240796,-0.045889637651454325,0.045889637651454325,0.7183094971108653,negative
w2_predict_w2,ridge,v25_4,0.03843637385173172,-0.050590908929076174,0.050590908929076174,0.7918983938648427,negative
w2_predict_w2,ridge,v19_6,0.03786623425683239,-0.04542673175156043,0.04542673175156043,0.7110636411577643,negative
w2_predict_w2,ridge,v22_5,0.03782789716226208,-0.04170234619525802,0.04170234619525802,0.6527659152895853,negative
w2_predict_w2,ridge,v6_8,0.03727697090734377,0.0477895268118579,0.0477895268118579,0.7480484206940334,positive
w2_predict_w2,ridge,v6_7,0.03654263367998559,0.04212344988773877,0.04212344988773877,0.6593574422019315,positive
w2_predict_w2,ridge,v40,0.034320100682781025,0.06522804852329174,0.06522804852329174,1.021013220635093,positive
w2_predict_w2,ridge,v5_4,0.03368437502620605,-0.040512746095338975,0.040512746095338975,0.6341451308757688,negative
w2_predict_w2,ridge,v28_1,0.03364946348121058,0.046116639942684,0.046116639942684,0.7218627590236021,positive
w2_predict_w2,ridge,v19_2,0.03156918058296043,-0.03704968393307725,0.03704968393307725,0.5799378943939386,negative
w2_predict_w2,ridge,v22_6,0.03058413054890626,0.0374413863159761,0.0374413863159761,0.5860692032487663,positive
w2_predict_w2,ridge,v25_14,0.029066805854033487,0.03583929556859341,0.03583929556859341,0.5609917117283695,positive
w2_predict_w2,ridge,v6_2,0.028770759034033942,-0.03642455846318342,0.03642455846318342,0.5701528190503246,negative
w2_predict_w2,ridge,v23_2,0.02858941152222159,0.03239833018606848,0.03239833018606848,0.507130355657735,positive
w2_predict_w2,ridge,v19_7,0.02748482976249965,-0.031187816255413527,0.031187816255413527,0.48818220750762864,negative
w2_predict_w2,ridge,v25_9,0.02678291176775153,-0.032906850351549416,0.032906850351549416,0.5150902107150296,negative
w2_predict_w2,ridge,v42_13,0.02665320866309623,0.06379578334171701,0.06379578334171701,0.9985940049916734,positive
w2_predict_w2,ridge,v3,0.026082879469492202,-0.03517423908362443,0.03517423908362443,0.5505815970768486,negative
w2_predict_w2,ridge,v23_1,0.023043149136962544,0.026247582073973378,0.026247582073973378,0.41085282963297637,positive
w2_predict_w2,ridge,v22_2,0.022825642013275114,-0.02596853421006784,0.02596853421006784,0.4064848995064787,negative
w2_predict_w2,ridge,v28_5,0.021360900775475252,-0.024967875572674835,0.024967875572674835,0.3908216116839689,negative
w2_predict_w2,ridge,v27_1,0.02097846637366351,0.028036036001077475,0.028036036001077475,0.43884745994018215,positive
w2_predict_w2,ridge,v28_9,0.02027115343800245,-0.025724727953337193,0.025724727953337193,0.4026686054883209,negative
w2_predict_w2,ridge,v28_3,0.019961356791431437,-0.026676669027495888,0.026676669027495888,0.4175693183562605,negative
w2_predict_w2,ridge,v5_2,0.019428639207308713,-0.023261577098116475,0.023261577098116475,0.36411295888330314,negative
w2_predict_w2,ridge,v54_11,0.0187775064335417,-0.02302506659856768,0.02302506659856768,0.36041086519316146,negative
w2_predict_w2,ridge,v6_10,0.018441178889421046,0.02413626016291232,0.02413626016291232,0.37780435381601035,positive
w2_predict_w2,ridge,v25_2,0.01785202018002859,-0.021807911951244114,0.021807911951244114,0.34135877004990345,negative
w2_predict_w2,ridge,v42_04,0.01781869101816523,0.03907739697047498,0.03907739697047498,0.6116776423353162,positive
w2_predict_w2,ridge,v23_7,0.0172178094982193,-0.020267604455404365,0.020267604455404365,0.3172483704181539,negative
w2_predict_w2,ridge,v42_09,0.0167049282209723,0.038314581340989494,0.038314581340989494,0.5997373059272194,positive
w2_predict_w2,ridge,v19_8,0.016684762130981544,0.020130852529222386,0.020130852529222386,0.31510779550076606,positive
w2_predict_w2,ridge,v19_5,0.01632550413885649,0.018840967419108644,0.018840967419108644,0.29491725201001284,positive
w2_predict_w2,ridge,v42_03,0.016157293626671204,-0.06051511502937284,0.06051511502937284,0.9472417754638203,negative
w2_predict_w2,ridge,v26_1,0.015490504782336866,0.01831375093379918,0.01831375093379918,0.2866647438662882,positive
w2_predict_w2,ridge,v25_11,0.015417303734626341,0.018102977429651956,0.018102977429651956,0.2833655108037345,positive
w2_predict_w2,ridge,v26_6,0.014360534576756387,0.02040114653542246,0.02040114653542246,0.31933870168355877,positive
w2_predict_w2,ridge,v25_1,0.013814038166725573,0.019684936375696304,0.019684936375696304,0.30812787967694216,positive
w2_predict_w2,ridge,v25_3,0.012017328512356058,0.013856323712867071,0.013856323712867071,0.21689273281240373,positive
w2_predict_w2,ridge,v54_15,0.011455584315878372,0.014555890281952465,0.014555890281952465,0.2278430330577877,positive
w2_predict_w2,ridge,v54_9,0.010911975195148088,0.015380803812725394,0.015380803812725394,0.2407553865601186,positive
w2_predict_w2,ridge,v42_10,0.010823908086348439,-0.05473567070117746,0.05473567070117746,0.8567762594687359,negative
w2_predict_w2,ridge,v42_05,0.010703272605204074,-0.03482811464599044,0.03482811464599044,0.5451637188050038,negative
w2_predict_w2,ridge,v5_6,0.009801246082898195,-0.011905729457400593,0.011905729457400593,0.18636012348230882,negative
w2_predict_w2,ridge,v25_12,0.009772778691148598,-0.01177456506557676,0.01177456506557676,0.18430701011834125,negative
w2_predict_w2,ridge,v54_7,0.009377069521052293,0.01289197655737136,0.01289197655737136,0.20179782782392502,positive
w2_predict_w2,ridge,v42_06,0.009329176147195528,0.032242236093266076,0.032242236093266076,0.5046870182281722,positive
w2_predict_w2,ridge,v2,0.009282733783605902,-0.011901588076336199,0.011901588076336199,0.1862952985348489,negative
w2_predict_w2,ridge,v25_15,0.009143527531372644,0.011839390423759458,0.011839390423759458,0.18532172003585942,positive
w2_predict_w2,ridge,v6_5,0.008676305081494053,0.009926041169194015,0.009926041169194015,0.1553721058923972,positive
w2_predict_w2,ridge,v28_8,0.008010165002998108,0.010073503274607543,0.010073503274607543,0.1576803270116621,positive
w2_predict_w2,ridge,v54_17,0.0077498543946299715,0.009427752956986257,0.009427752956986257,0.1475724113764854,positive
w2_predict_w2,ridge,v42_02,0.006872113127525174,0.027105620968174544,0.027105620968174544,0.424283693726445,positive
w2_predict_w2,ridge,v19_1,0.006356129734651363,0.007568332022906309,0.007568332022906309,0.11846693605717759,positive
w2_predict_w2,ridge,v6_4,0.006053675211573507,-0.0078742633073496,0.0078742633073496,0.12325567177891143,negative
w2_predict_w2,ridge,v25_10,0.005623886384457786,0.006681278482670274,0.006681278482670274,0.1045819063422575,positive
w2_predict_w2,ridge,v42_11,0.005066718518518277,-0.01365845533114489,0.01365845533114489,0.2137955033496538,negative
w2_predict_w2,ridge,v23_6,0.0050290117698400146,-0.006095098057435494,0.006095098057435494,0.09540643693313516,negative
w2_predict_w2,ridge,v6_9,0.0037319782713173683,-0.0043856543359276625,0.0043856543359276625,0.0686485516505805,negative
w2_predict_w2,ridge,v54_13,0.002580200812777686,-0.003675847373406505,0.003675847373406505,0.05753795875013284,negative
w2_predict_w2,ridge,v23_4,0.0021357879031355647,-0.002534798498010388,0.002534798498010388,0.03967714559466597,negative
w2_predict_w2,ridge,v42_12,0.0019353373488131486,0.008859160555378692,0.008859160555378692,0.1386722469175306,positive
w2_predict_w2,ridge,v42_01,0.0015019578682206667,-0.002760502817448592,0.002760502817448592,0.04321009038326507,negative
w2_predict_w2,ridge,v5_1,0.0012737132570529164,-0.001585739620583101,0.001585739620583101,0.02482154768929022,negative
w2_predict_w2,ridge,v28_2,0.001272456042247751,0.0016930620197531678,0.0016930620197531678,0.02650146286234322,positive
w2_predict_w2,ridge,v42_08,0.0011123378670647552,0.005471377699350754,0.005471377699350754,0.08564335577401733,positive
w2_predict_w2,ridge,v19_4,0.0002667773874630635,-0.0003157164645028411,0.0003157164645028411,0.004941902931749757,negative
w2_predict_w2,ridge,v42_07,0.00017572809157729875,-0.0005107548639923207,0.0005107548639923207,0.00799483474434506,negative
w2_predict_w2,lasso,v1,0.3230234191065502,-0.32319236362594744,0.32319236362594744,5.5144977538494935,negative
w2_predict_w2,lasso,v54_2,0.189232833897159,0.2215585105574358,0.2215585105574358,3.7803613151864965,positive
w2_predict_w2,lasso,v54_1,0.1612755681806163,0.18640888314173643,0.18640888314173643,3.1806177468116683,positive
w2_predict_w2,lasso,v6_1,0.15474492857921907,0.17968790626770764,0.17968790626770764,3.065940495592944,positive
w2_predict_w2,lasso,v19_3,0.14779677973806496,-0.17362690172197065,0.17362690172197065,2.9625240795039134,negative
w2_predict_w2,lasso,v54_6,0.13323839999343587,-0.19520721705213362,0.19520721705213362,3.330740082754781,negative
w2_predict_w2,lasso,v5_5,0.13276008358524677,-0.16638996199536177,0.16638996199536177,2.839043167333237,negative
w2_predict_w2,lasso,v28_6,0.12876152131219373,0.14694159853638855,0.14694159853638855,2.5072037779141176,positive
w2_predict_w2,lasso,v54_4,0.12194991219312835,-0.17637633141904174,0.17637633141904174,3.00943646232993,negative
w2_predict_w2,lasso,v42_14,0.11934060321797144,-0.15294168753263193,0.15294168753263193,2.6095808171531254,negative
w2_predict_w2,lasso,v26_3,0.11395562679821426,-0.14495620708788526,0.14495620708788526,2.473327864014262,negative
w2_predict_w2,lasso,v54_18,0.1065945842251689,0.1184479355114023,0.1184479355114023,2.0210281796190843,positive
w2_predict_w2,lasso,v25_6,0.09632770440271256,-0.11248670673945269,0.11248670673945269,1.9193141963297218,negative
w2_predict_w2,lasso,v54_20,0.09626468151257961,-0.13717622902402454,0.13717622902402454,2.3405813130845736,negative
w2_predict_w2,lasso,v27_2,0.09283495407950393,0.11652825932854677,0.11652825932854677,1.9882735381426935,positive
w2_predict_w2,lasso,v28_7,0.09269045986406563,0.10758453292308548,0.10758453292308548,1.8356704301341076,positive
w2_predict_w2,lasso,v27_4,0.09098915303582189,-0.11005847532598509,0.11005847532598509,1.8778822870941076,negative
w2_predict_w2,lasso,v19_10,0.08936129349330016,0.09650186450435796,0.09650186450435796,1.6465714383879269,positive
w2_predict_w2,lasso,v34,0.08707245152667972,0.09342523539440678,0.09342523539440678,1.5940761871823947,positive
w2_predict_w2,lasso,v25_13,0.08567716030301822,0.09883340067868736,0.09883340067868736,1.68635347671368,positive
w2_predict_w2,lasso,v54_5,0.08249484595185874,-0.11940139561773033,0.11940139561773033,2.0372966754329775,negative
w2_predict_w2,lasso,v25_8,0.08023675667768879,-0.09626926127496056,0.09626926127496056,1.6426026255989754,negative
w2_predict_w2,lasso,v54_10,0.07834668010843786,-0.08741396814319087,0.08741396814319087,1.4915084179977711,negative
w2_predict_w2,lasso,v26_4,0.07607297787978022,0.10275407803326353,0.10275407803326353,1.753250374347072,positive
w2_predict_w2,lasso,v38,0.07472381407515707,0.12751673126497304,0.12751673126497304,2.175765294234408,positive
w2_predict_w2,lasso,v54_12,0.07417266371924006,-0.09264061111199633,0.09264061111199633,1.5806884672671562,negative
w2_predict_w2,lasso,v49,0.07055952759797943,-0.11140869668654664,0.11140869668654664,1.900920556242799,negative
w2_predict_w2,lasso,v28_10,0.06575887052620481,0.07813616152579007,0.07813616152579007,1.333205037378542,positive
w2_predict_w2,lasso,v22_1,0.06488196327969259,0.07529438361252726,0.07529438361252726,1.2847169550989619,positive
w2_predict_w2,lasso,v19_9,0.06465543253875271,0.07780915991399363,0.07780915991399363,1.3276255439971831,positive
w2_predict_w2,lasso,v54_3,0.06462419920260926,0.07334223518336383,0.07334223518336383,1.251408253101715,positive
w2_predict_w2,lasso,v54_14,0.06390303792525916,0.07413918109134172,0.07413918109134172,1.2650062118225776,positive
w2_predict_w2,lasso,v54_19,0.06107957906442452,0.07055237636897853,0.07055237636897853,1.2038060449527295,positive
w2_predict_w2,lasso,v36,0.058168470992007525,0.07939176713093574,0.07939176713093574,1.3546289169888603,positive
w2_predict_w2,lasso,v22_3,0.057161868530433695,0.06486092865208473,0.06486092865208473,1.1066952243292347,positive
w2_predict_w2,lasso,v25_7,0.05695993547166155,0.06732759122892853,0.06732759122892853,1.1487828686253505,positive
w2_predict_w2,lasso,v22_4,0.05674243341880104,0.06653661069627667,0.06653661069627667,1.1352866946387161,positive
w2_predict_w2,lasso,v26_5,0.055209818520648046,0.07152887128622862,0.07152887128622862,1.2204675742271445,positive
w2_predict_w2,lasso,v23_9,0.05438881893559494,0.06709249243700603,0.06709249243700603,1.1447714750842275,positive
w2_predict_w2,lasso,v25_5,0.050719231784406564,-0.06441347271718373,0.06441347271718373,1.0990604686058167,negative
w2_predict_w2,lasso,v54_16,0.05011750623958868,-0.06491519060780783,0.06491519060780783,1.107621073658091,negative
w2_predict_w2,lasso,v28_4,0.04672673978917489,0.05292800598775995,0.05292800598775995,0.9030886957249937,positive
w2_predict_w2,lasso,v26_2,0.045876075187508455,0.052082230903708455,0.052082230903708455,0.8886575849495492,positive
w2_predict_w2,lasso,v54_8,0.044965977091069476,-0.06687093244265378,0.06687093244265378,1.1409910884516632,negative
w2_predict_w2,lasso,v5_3,0.042971338923643576,-0.055077071615241065,0.055077071615241065,0.9397573145087462,negative
w2_predict_w2,lasso,v6_6,0.04175213167239782,0.05690921296268488,0.05690921296268488,0.9710183852588798,positive
w2_predict_w2,lasso,v6_3,0.04127921331844831,-0.04701814263638298,0.04701814263638298,0.8022511393820961,negative
w2_predict_w2,lasso,v23_5,0.03819711265225802,-0.047582025327880514,0.047582025327880514,0.8118724367444825,negative
w2_predict_w2,lasso,v23_8,0.03252186581005652,0.036560712356853264,0.036560712356853264,0.6238203276496543,positive
w2_predict_w2,lasso,v6_8,0.03248316635229001,0.04164381148847441,0.04164381148847441,0.7105511477390826,positive
w2_predict_w2,lasso,v40,0.0301635797276349,0.05732825379202558,0.05732825379202558,0.9781683057775621,positive
w2_predict_w2,lasso,v42_13,0.02760472297808278,0.06607328027849448,0.06607328027849448,1.1273810791734102,positive
w2_predict_w2,lasso,v27_3,0.026776603306559513,-0.03155370063193494,0.03155370063193494,0.5383877555406287,negative
w2_predict_w2,lasso,v25_4,0.02660325859176072,-0.0350158690261523,0.0350158690261523,0.5974613042444494,negative
w2_predict_w2,lasso,v5_4,0.02649930710030176,-0.03187114795574243,0.03187114795574243,0.5438042280539707,negative
w2_predict_w2,lasso,v19_6,0.020358653030286125,-0.024423528987782613,0.024423528987782613,0.41672858304314275,negative
w2_predict_w2,lasso,v25_14,0.020189875915174755,0.024894064179286864,0.024894064179286864,0.42475713058537495,positive
w2_predict_w2,lasso,v3,0.0186524025671159,-0.02515382046476608,0.02515382046476608,0.4291892447503039,negative
w2_predict_w2,lasso,v23_3,0.017317714803483132,-0.020723061169871753,0.020723061169871753,0.3535890297408274,negative
w2_predict_w2,lasso,v6_7,0.017123518079265192,0.01973863356512212,0.01973863356512212,0.33679214829748305,positive
w2_predict_w2,lasso,v42_03,0.016817112378921095,-0.06298638333788824,0.06298638333788824,1.0747106322161935,negative
w2_predict_w2,lasso,v22_6,0.016309865749800208,0.019966694273798824,0.019966694273798824,0.34068345393239763,positive
w2_predict_w2,lasso,v22_5,0.016101093367009402,-0.017750216641253026,0.017750216641253026,0.30286461196162107,negative
w2_predict_w2,lasso,v26_1,0.014744324121978482,0.01743157395135463,0.01743157395135463,0.2974277434106087,positive
w2_predict_w2,lasso,v28_5,0.01324955302093387,-0.015486855853946416,0.015486855853946416,0.26424582209380487,negative
w2_predict_w2,lasso,v6_2,0.009765066599002732,-0.012362838214018158,0.012362838214018158,0.21094199998274468,negative
w2_predict_w2,lasso,v28_1,0.008810517983264201,0.01207482805096204,0.01207482805096204,0.20602780157953932,positive
w2_predict_w2,lasso,v42_04,0.008633081777710331,0.018932836500854422,0.018932836500854422,0.3230431659542443,positive
w2_predict_w2,lasso,v42_10,0.0057673523361893445,-0.02916505718387169,0.02916505718387169,0.4976313194005188,negative
w2_predict_w2,lasso,v19_8,0.005369090464362307,0.006478028724990529,0.006478028724990529,0.11053192734057764,positive
w2_predict_w2,lasso,v23_1,0.0053164864678454235,0.006055809216028703,0.006055809216028703,0.10332777032498629,positive
w2_predict_w2,lasso,v42_09,0.005050536981620794,0.011583959382420064,0.011583959382420064,0.19765231232063257,positive
w2_predict_w2,lasso,v5_2,0.003973935213677375,-0.004757924596237403,0.004757924596237403,0.08118250135793104,negative
w2_predict_w2,lasso,v19_7,0.0033893622599990274,-0.0038460055347372354,0.0038460055347372354,0.06562280322671109,negative
w2_predict_w2,lasso,v22_2,0.003061199893552942,-0.003482700469645211,0.003482700469645211,0.05942387902276289,negative
w2_predict_w2,lasso,v42_05,0.0028702286916895197,-0.009339634485789445,0.009339634485789445,0.15935832398957778,negative
w2_predict_w2,lasso,v42_06,0.0025513877636041135,0.00881776111219912,0.00881776111219912,0.150453814259922,positive
w2_predict_w2,lasso,v42_02,0.0019669457102582553,0.007758208268384329,0.007758208268384329,0.13237510190499796,positive
w2_predict_w2,lasso,v23_2,0.0017221602416967088,0.0019516007211425991,0.0019516007211425991,0.03329935668160658,positive
w2_predict_w2,lasso,v6_10,0.0015810092780281315,0.0020692631139951913,0.0020692631139951913,0.0353069814714334,positive
w2_predict_w2,lasso,v19_5,0.001553452556516404,0.0017928113432524075,0.0017928113432524075,0.03058999914021348,positive
w2_predict_w2,lasso,v42_11,0.0007785039221466073,-0.002098628729205651,0.002098628729205651,0.03580803482956877,negative
w2_predict_w2,lasso,v19_2,5.415067821983289e-05,-6.355139651263157e-05,6.355139651263157e-05,0.0010843512185470746,negative
w2_predict_w2,lasso,v42_01,0.0,0.0,0.0,0.0,positive
w2_predict_w2,lasso,v42_12,0.0,0.0,0.0,0.0,positive
w2_predict_w2,lasso,v6_4,0.0,0.0,0.0,0.0,positive
w2_predict_w2,lasso,v25_2,0.0,0.0,0.0,0.0,positive
w2_predict_w2,lasso,v25_1,0.0,0.0,0.0,0.0,positive
w2_predict_w2,lasso,v25_3,0.0,0.0,0.0,0.0,positive
w2_predict_w2,lasso,v28_9,0.0,0.0,0.0,0.0,positive
w2_predict_w2,lasso,v28_2,0.0,0.0,0.0,0.0,positive
w2_predict_w2,lasso,v28_3,0.0,0.0,0.0,0.0,positive
w2_predict_w2,lasso,v28_8,0.0,0.0,0.0,0.0,positive
w2_predict_w2,lasso,v5_6,0.0,0.0,0.0,0.0,positive
w2_predict_w2,lasso,v5_1,0.0,0.0,0.0,0.0,positive
w2_predict_w2,lasso,v6_9,0.0,0.0,0.0,0.0,positive
w2_predict_w2,lasso,v6_5,0.0,0.0,0.0,0.0,positive
w2_predict_w2,lasso,v27_1,0.0,0.0,0.0,0.0,positive
w2_predict_w2,lasso,v42_07,0.0,0.0,0.0,0.0,positive
w2_predict_w2,lasso,v42_08,0.0,0.0,0.0,0.0,positive
w2_predict_w2,lasso,v25_10,0.0,0.0,0.0,0.0,positive
w2_predict_w2,lasso,v25_15,0.0,0.0,0.0,0.0,positive
w2_predict_w2,lasso,v23_6,0.0,0.0,0.0,0.0,positive
w2_predict_w2,lasso,v23_4,0.0,0.0,0.0,0.0,positive
w2_predict_w2,lasso,v23_7,0.0,0.0,0.0,0.0,positive
w2_predict_w2,lasso,v25_11,0.0,0.0,0.0,0.0,positive
w2_predict_w2,lasso,v25_9,0.0,0.0,0.0,0.0,positive
w2_predict_w2,lasso,v25_12,0.0,0.0,0.0,0.0,positive
w2_predict_w2,lasso,v19_1,0.0,0.0,0.0,0.0,positive
w2_predict_w2,lasso,v19_4,0.0,0.0,0.0,0.0,positive
w2_predict_w2,lasso,v54_11,0.0,0.0,0.0,0.0,positive
w2_predict_w2,lasso,v54_9,0.0,0.0,0.0,0.0,positive
w2_predict_w2,lasso,v54_7,0.0,0.0,0.0,0.0,positive
w2_predict_w2,lasso,v26_6,0.0,0.0,0.0,0.0,positive
w2_predict_w2,lasso,v54_17,0.0,0.0,0.0,0.0,positive
w2_predict_w2,lasso,v54_15,0.0,0.0,0.0,0.0,positive
w2_predict_w2,lasso,v54_13,0.0,0.0,0.0,0.0,positive
w2_predict_w2,lasso,v2,0.0,0.0,0.0,0.0,positive
w3_predict_w3,ridge,51,0.361714918210631,0.44940120901948927,0.44940120901948927,8.284300250660497,positive
w3_predict_w3,ridge,1,0.16468540395119358,0.16469057030416598,0.16469057030416598,3.035920031966479,positive
w3_predict_w3,ridge,53-2,0.11340490327730102,-0.13419169120143196,0.13419169120143196,2.4737010910185786,negative
w3_predict_w3,ridge,5-1,0.093691617338574,0.11505973844475159,0.11505973844475159,2.1210210406831584,positive
w3_predict_w3,ridge,39-14,0.0917394904029592,-0.10737407154166842,0.10737407154166842,1.9793428008968839,negative
w3_predict_w3,ridge,29-10,0.08409386852991096,0.08910431831325602,0.08910431831325602,1.6425566102681028,positive
w3_predict_w3,ridge,53-8,0.08258040334065016,-0.09190417419145636,0.09190417419145636,1.6941693925394175,negative
w3_predict_w3,ridge,24-7,0.08027828869497174,0.09375273303914296,0.09375273303914296,1.7282458841417947,positive
w3_predict_w3,ridge,53-4,0.08021162600141489,0.09753605391543398,0.09753605391543398,1.797987944142411,positive
w3_predict_w3,ridge,53-12,0.07915332742276875,0.09152620445030375,0.09152620445030375,1.6872018660652355,positive
w3_predict_w3,ridge,53-5,0.0789054854556969,0.09808625044885325,0.09808625044885325,1.8081303140075535,positive
w3_predict_w3,ridge,53-15,0.0785058078198741,-0.09357389244965521,0.09357389244965521,1.724949121448267,negative
w3_predict_w3,ridge,53-17,0.078105361909478,-0.08996248281976293,0.08996248281976293,1.658376088039145,negative
w3_predict_w3,ridge,25-2,0.0778323005774047,-0.08525400011695017,0.08525400011695017,1.5715795159510382,negative
w3_predict_w3,ridge,30,0.07196358365423233,0.09461212882106171,0.09461212882106171,1.7440880593488874,positive
w3_predict_w3,ridge,24-3,0.07077765001148069,0.08488963885426733,0.08488963885426733,1.56486284933067,positive
w3_predict_w3,ridge,53-16,0.07013527799012882,0.08268239088433073,0.08268239088433073,1.5241742518288712,positive
w3_predict_w3,ridge,26-13,0.06549346632365496,0.09656058205657957,0.09656058205657957,1.780006012624133,positive
w3_predict_w3,ridge,5-6,0.06327996494399606,0.0802207553296557,0.0802207553296557,1.4787962518739473,positive
w3_predict_w3,ridge,5-5,0.06264147040475451,0.07728608802837293,0.07728608802837293,1.424698344321216,positive
w3_predict_w3,ridge,59,0.058881290039431704,0.0788084746502602,0.0788084746502602,1.4527621492691818,positive
w3_predict_w3,ridge,53-11,0.05742063325501005,0.07060749309975649,0.07060749309975649,1.3015845552819931,positive
w3_predict_w3,ridge,27-4,0.05687707044321272,-0.0647753698738095,0.0647753698738095,1.1940746978697043,negative
w3_predict_w3,ridge,53-19,0.05438182189521899,-0.06138261522160479,0.06138261522160479,1.1315323689849812,negative
w3_predict_w3,ridge,48,0.05327276525566489,-0.07051249765480344,0.07051249765480344,1.2998334011403452,negative
w3_predict_w3,ridge,5-9,0.05321199637737046,-0.0643799483997189,0.0643799483997189,1.1867854646607583,negative
w3_predict_w3,ridge,26-14,0.05240451346784893,0.06417888666354231,0.06417888666354231,1.1830790754522376,positive
w3_predict_w3,ridge,28-2,0.05182115179967843,0.0614440974847486,0.0614440974847486,1.1326657382722707,positive
w3_predict_w3,ridge,53-1,0.05033304712723027,-0.05824770171184202,0.05824770171184202,1.0737431057309066,negative
w3_predict_w3,ridge,29-8,0.05019423960049445,-0.052671916444244224,0.052671916444244224,0.9709586041253795,negative
w3_predict_w3,ridge,28-1,0.050059670382904625,-0.05947571726872999,0.05947571726872999,1.0963804493373872,negative
w3_predict_w3,ridge,24-1,0.049834109629552766,0.058623574059244954,0.058623574059244954,1.0806719686696606,positive
w3_predict_w3,ridge,53-13,0.04876989714854874,0.057345794409394656,0.057345794409394656,1.0571172695253497,positive
w3_predict_w3,ridge,27-6,0.04775097180257049,0.05365664257070605,0.05365664257070605,0.9891111296027327,positive
w3_predict_w3,ridge,53-7,0.047183464352557096,0.05037169048595387,0.05037169048595387,0.9285560424491064,positive
w3_predict_w3,ridge,53-10,0.04523732496923271,0.0591375408017759,0.0591375408017759,1.0901464754767745,positive
w3_predict_w3,ridge,34,0.0445926316685873,0.08251274139336975,0.08251274139336975,1.5210469186301938,positive
w3_predict_w3,ridge,4-2,0.04401730263096144,0.04783562767244236,0.04783562767244236,0.8818060440512315,positive
w3_predict_w3,ridge,29-6,0.04258503770742873,0.0571355584654964,0.0571355584654964,1.0532417621885222,positive
w3_predict_w3,ridge,5-3,0.041748620549161446,-0.04804502588944848,0.04804502588944848,0.8856661086590158,negative
w3_predict_w3,ridge,28-3,0.041006193294695736,-0.047879499588400785,0.047879499588400785,0.8826147826951801,negative
w3_predict_w3,ridge,11-6,0.04052771974708003,-0.0601249310297952,0.0601249310297952,1.1083481112296618,negative
w3_predict_w3,ridge,53-6,0.03933683454964121,0.04744747163898073,0.04744747163898073,0.8746507425950617,positive
w3_predict_w3,ridge,27-1,0.03741347784733035,-0.04265997861607603,0.04265997861607603,0.7863976875215833,negative
w3_predict_w3,ridge,26-4,0.0370733320005627,-0.05168246478647297,0.05168246478647297,0.9527189678004682,negative
w3_predict_w3,ridge,29-7,0.036581020097028724,0.041939821976102624,0.041939821976102624,0.7731222585434032,positive
w3_predict_w3,ridge,24-2,0.035623702921910916,-0.04152628944387153,0.04152628944387153,0.7654991645426265,negative
w3_predict_w3,ridge,4-5,0.035470952368718764,-0.03972378094674375,0.03972378094674375,0.732271569033586,negative
w3_predict_w3,ridge,25-7,0.032603656124319605,0.04167698889639454,0.04167698889639454,0.768277171115049,positive
w3_predict_w3,ridge,11-8,0.03209738786190079,0.04305795547710729,0.04305795547710729,0.7937340269515366,positive
w3_predict_w3,ridge,32,0.03041223459762727,0.055787340501653265,0.055787340501653265,1.0283885971510283,positive
w3_predict_w3,ridge,26-6,0.030130887873559182,-0.03781595282757106,0.03781595282757106,0.697102502621052,negative
w3_predict_w3,ridge,25-8,0.029880833194886006,0.03520539072299762,0.03520539072299762,0.6489791779320331,positive
w3_predict_w3,ridge,24-4,0.028490697529507412,0.033508962917669714,0.033508962917669714,0.6177070829513185,positive
w3_predict_w3,ridge,53-9,0.02842380812803967,0.0368490809909635,0.0368490809909635,0.679279104647022,positive
w3_predict_w3,ridge,11-5,0.0282432990744969,-0.03173016849327496,0.03173016849327496,0.5849166346834147,negative
w3_predict_w3,ridge,25-6,0.02671756043467448,-0.031996789760410906,0.031996789760410906,0.5898315538821969,negative
w3_predict_w3,ridge,27-2,0.026059705631864348,0.030195806065362433,0.030195806065362433,0.5566320667048527,positive
w3_predict_w3,ridge,11-3,0.025883953517913633,-0.032958694552907494,0.032958694552907494,0.6075633889410683,negative
w3_predict_w3,ridge,29-2,0.02565243137026331,0.02950713978460226,0.02950713978460226,0.543937133696616,positive
w3_predict_w3,ridge,29-4,0.024878137685410792,0.03834552111554511,0.03834552111554511,0.7068646096487058,positive
w3_predict_w3,ridge,39-5,0.024863175898418903,-0.0753950231000742,0.0753950231000742,1.3898382920002597,negative
w3_predict_w3,ridge,25-5,0.023443468957174474,-0.025615043161899716,0.025615043161899716,0.4721898923008964,negative
w3_predict_w3,ridge,28-4,0.02253744176555701,0.025371271286193153,0.025371271286193153,0.46769618073428537,positive
w3_predict_w3,ridge,5-7,0.02197512225795477,0.026045044483388055,0.026045044483388055,0.4801165733687164,positive
w3_predict_w3,ridge,26-11,0.021806952304167345,0.024951912177615953,0.024951912177615953,0.45996567912775277,positive
w3_predict_w3,ridge,4-4,0.021582421133952714,-0.0228157742907345,0.0228157742907345,0.42058793096737795,negative
w3_predict_w3,ridge,5-8,0.021386873638829115,0.02514880201088581,0.02514880201088581,0.4635951631219519,positive
w3_predict_w3,ridge,5-2,0.02109547524989449,-0.027008781051409622,0.027008781051409622,0.4978821755339867,negative
w3_predict_w3,ridge,11-7,0.020789928097748163,-0.025713842985599738,0.025713842985599738,0.4740111766851309,negative
w3_predict_w3,ridge,25-1,0.01948524962110888,0.02143138859987176,0.02143138859987176,0.39506804696250947,positive
w3_predict_w3,ridge,25-9,0.01942077301081883,0.02977992000630853,0.02977992000630853,0.5489655875897128,positive
w3_predict_w3,ridge,26-7,0.018873774705041587,0.027456351142253293,0.027456351142253293,0.5061327207958789,positive
w3_predict_w3,ridge,3,0.01832076575147714,0.027215917511850193,0.027215917511850193,0.5017005467281647,positive
w3_predict_w3,ridge,24-5,0.01831863104113245,-0.02121835981219171,0.02121835981219171,0.3911410561049944,negative
w3_predict_w3,ridge,39-2,0.017578437368209115,0.08321602643156185,0.08321602643156185,1.5340113350608757,positive
w3_predict_w3,ridge,26-15,0.01720667983456341,-0.018742384391438934,0.018742384391438934,0.345498713834656,negative
w3_predict_w3,ridge,29-5,0.01663450800695815,0.023051632920552283,0.023051632920552283,0.42493576908375286,positive
w3_predict_w3,ridge,25-4,0.016497986594318857,-0.018136776050395403,0.018136776050395403,0.33433487797748224,negative
w3_predict_w3,ridge,26-3,0.014931172914465116,-0.028361030799662835,0.028361030799662835,0.5228096628294735,negative
w3_predict_w3,ridge,36,0.01485734456865073,0.03765929556639515,0.03765929556639515,0.6942146692953275,positive
w3_predict_w3,ridge,11-2,0.013147932705949654,-0.015087045336283283,0.015087045336283283,0.27811588165014844,negative
w3_predict_w3,ridge,53-3,0.012378050992024266,-0.014755443565160153,0.014755443565160153,0.27200310629373925,negative
w3_predict_w3,ridge,27-5,0.012244166478650197,0.013860330433964223,0.013860330433964223,0.2555025144210228,positive
w3_predict_w3,ridge,11-1,0.012081483738086944,0.012698776178251625,0.012698776178251625,0.23409032411394615,positive
w3_predict_w3,ridge,24-6,0.011944047427523152,-0.014604726245913018,0.014604726245913018,0.269224770364599,negative
w3_predict_w3,ridge,26-8,0.011498341198008794,-0.014302744357443177,0.014302744357443177,0.26365801045355225,negative
w3_predict_w3,ridge,39-13,0.010997084740836901,-0.026817979537112943,0.026817979537112943,0.4943649241314747,negative
w3_predict_w3,ridge,39-9,0.010237964034336283,0.022628346698547047,0.022628346698547047,0.4171328747330457,positive
w3_predict_w3,ridge,39-11,0.01001276504797759,0.017907933535417236,0.017907933535417236,0.33011637552099865,positive
w3_predict_w3,ridge,39-8,0.009743071537106062,-0.035771060252157615,0.035771060252157615,0.6594067783215282,negative
w3_predict_w3,ridge,29-3,0.009372930991390195,0.010320329195619697,0.010320329195619697,0.19024582939754253,positive
w3_predict_w3,ridge,53-18,0.009273169569285918,-0.010794026963255682,0.010794026963255682,0.19897801448384012,negative
w3_predict_w3,ridge,26-12,0.009224948732239358,0.010373711509394843,0.010373711509394843,0.19122988352670953,positive
w3_predict_w3,ridge,26-2,0.00891309303524437,-0.016221170020160963,0.016221170020160963,0.29902243288846664,negative
w3_predict_w3,ridge,26-9,0.008477292570570248,-0.010373162699838973,0.010373162699838973,0.19121976672450694,negative
w3_predict_w3,ridge,26-10,0.00842753678616873,0.010407789231247782,0.010407789231247782,0.1918580751604263,positive
w3_predict_w3,ridge,4-3,0.007256111414026475,-0.008181119368565123,0.008181119368565123,0.1508114528297771,negative
w3_predict_w3,ridge,4-1,0.0069866184692562215,-0.0075549261538394984,0.0075549261538394984,0.13926815365389875,negative
w3_predict_w3,ridge,39-1,0.005750516201138736,0.01020109370980818,0.01020109370980818,0.18804783227343347,positive
w3_predict_w3,ridge,11-4,0.005085828234211991,0.0066983003951205135,0.0066983003951205135,0.1234770412909363,positive
w3_predict_w3,ridge,29-1,0.004793652995754368,0.005784095505237436,0.005784095505237436,0.10662451030879337,positive
w3_predict_w3,ridge,39-6,0.004447657685415763,0.026432425794780237,0.026432425794780237,0.4872575935321229,positive
w3_predict_w3,ridge,39-3,0.004435352440621481,-0.014325354011075537,0.014325354011075537,0.2640747987387075,negative
w3_predict_w3,ridge,39-10,0.0035354953034261315,0.020725596280590914,0.020725596280590914,0.382057411098201,positive
w3_predict_w3,ridge,26-5,0.0034013118606602984,-0.004297773126722162,0.004297773126722162,0.07922551670180822,negative
w3_predict_w3,ridge,29-9,0.0033236554295103665,-0.00359469001847786,0.00359469001847786,0.06626482266502196,negative
w3_predict_w3,ridge,39-7,0.003277002878744738,-0.012347906697759457,0.012347906697759457,0.22762236615822035,negative
w3_predict_w3,ridge,25-3,0.002830840202699973,0.0033082295393830766,0.0033082295393830766,0.06098418573939605,positive
w3_predict_w3,ridge,25-0,0.0027543711402473726,-0.009280525660083123,0.009280525660083123,0.1710780022595658,negative
w3_predict_w3,ridge,27-3,0.0027466000232567833,-0.003560722209614558,0.003560722209614558,0.065638657176739,negative
w3_predict_w3,ridge,5-4,0.002417122271792317,-0.0028821849852062645,0.0028821849852062645,0.05313044405797026,negative
w3_predict_w3,ridge,39-12,0.0021835884142290267,0.013659153205049606,0.013659153205049606,0.25179399620951015,positive
w3_predict_w3,ridge,26-1,0.0021821868697856667,0.0032715847629387236,0.0032715847629387236,0.06030867280220192,positive
w3_predict_w3,ridge,5-10,0.0017219363311499754,-0.00214933958699263,0.00214933958699263,0.039621109427200915,negative
w3_predict_w3,ridge,53-14,0.001277885260073779,-0.0014995509501377654,0.0014995509501377654,0.027642850225544757,negative
w3_predict_w3,ridge,39-4,0.0005461260355828153,-0.002151409421111361,0.002151409421111361,0.03965926492603911,negative
w3_predict_w3,ridge,53-20,0.0005298994116838435,-0.000623178125412715,0.000623178125412715,0.011487718762097959,negative
w3_predict_w3,ridge,4-6,0.000466770982844501,-0.0005072452072840956,0.0005072452072840956,0.009350601452582503,negative
w3_predict_w3,lasso,51,0.4760583139170793,0.5914635285059956,0.5914635285059956,12.06547183107066,positive
w3_predict_w3,lasso,1,0.19225037738345746,0.19225640847840986,0.19225640847840986,3.9219058640833073,positive
w3_predict_w3,lasso,53-2,0.15328324849031377,-0.18137962075121244,0.18137962075121244,3.7000264588281357,negative
w3_predict_w3,lasso,39-14,0.12091078611752654,-0.14151684668965714,0.14151684668965714,2.8868517584997555,negative
w3_predict_w3,lasso,5-1,0.10851904042035175,0.1332688319587827,0.1332688319587827,2.7185976150042235,positive
w3_predict_w3,lasso,53-15,0.10006229619328241,-0.11926784530055687,0.11926784530055687,2.4329865806962854,negative
w3_predict_w3,lasso,29-10,0.09422204692873586,0.09983595009282069,0.09983595009282069,2.0365885393065173,positive
w3_predict_w3,lasso,53-5,0.09286486581470461,0.11543895121606836,0.11543895121606836,2.354879628206347,positive
w3_predict_w3,lasso,53-4,0.09229102465585017,0.11222440942145523,0.11222440942145523,2.289305063413362,positive
w3_predict_w3,lasso,53-12,0.08960359061457247,0.1036100037875569,0.1036100037875569,2.1135767834638686,positive
w3_predict_w3,lasso,24-7,0.08696787283501457,0.10156514167689167,0.10156514167689167,2.071862924526571,positive
w3_predict_w3,lasso,53-8,0.08662595958031842,-0.09640649544820803,0.09640649544820803,1.9666298919575813,negative
w3_predict_w3,lasso,53-17,0.08340793706356057,-0.09607003823641164,0.09607003823641164,1.9597663833629868,negative
w3_predict_w3,lasso,53-16,0.08294388283146567,0.09778243899882554,0.09778243899882554,1.99469824672673,positive
w3_predict_w3,lasso,26-13,0.080926253650556,0.11931398038301017,0.11931398038301017,2.4339277064139955,positive
w3_predict_w3,lasso,25-2,0.07899181313708102,-0.08652407800447014,0.08652407800447014,1.7650349946500759,negative
w3_predict_w3,lasso,30,0.07568668156447957,0.09950696869993692,0.09950696869993692,2.029877532562261,positive
w3_predict_w3,lasso,5-5,0.07102717455083976,0.0876322415370053,0.0876322415370053,1.7876408109711532,positive
w3_predict_w3,lasso,24-3,0.07043196898177097,0.0844750342754766,0.0844750342754766,1.7232358334148066,positive
w3_predict_w3,lasso,5-6,0.06510227047812911,0.08253091347400594,0.08253091347400594,1.683577031754469,positive
w3_predict_w3,lasso,53-11,0.06153117466775201,0.07566203548258808,0.07566203548258808,1.5434563820064544,positive
w3_predict_w3,lasso,27-4,0.06004579473071043,-0.06838412268318084,0.06838412268318084,1.3949916878400301,negative
w3_predict_w3,lasso,53-19,0.055399455099395895,-0.06253125249104059,0.06253125249104059,1.2755969373089915,negative
w3_predict_w3,lasso,28-2,0.05350468788713337,0.06344025835505411,0.06344025835505411,1.2941400665434122,positive
w3_predict_w3,lasso,29-6,0.05311248737852316,0.07126004322720265,0.07126004322720265,1.4536585990525293,positive
w3_predict_w3,lasso,5-9,0.05218605889413459,-0.06313869066220235,0.06313869066220235,1.2879882814748473,negative
w3_predict_w3,lasso,59,0.05207877391083544,0.06970378418713591,0.06970378418713591,1.4219119254119683,positive
w3_predict_w3,lasso,27-6,0.05206863771425918,0.05850830208291472,0.05850830208291472,1.1935313618547563,positive
w3_predict_w3,lasso,53-7,0.05047783868014949,0.05388866844107843,0.05388866844107843,1.0992938359734339,positive
w3_predict_w3,lasso,28-1,0.05008488995417511,-0.059505680552129646,0.059505680552129646,1.2138772348380422,negative
w3_predict_w3,lasso,53-13,0.049346442337541284,0.05802372165157964,0.05802372165157964,1.1836462357863242,positive
w3_predict_w3,lasso,34,0.04894001196089631,0.09055699113543135,0.09055699113543135,1.8473038031794495,positive
w3_predict_w3,lasso,48,0.04279713856398754,-0.05664682728863116,0.05664682728863116,1.155558485063168,negative
w3_predict_w3,lasso,26-14,0.04234369229660469,0.05185757578852384,0.05185757578852384,1.0578608650384498,positive
w3_predict_w3,lasso,11-6,0.041788725191749726,-0.06199569666531826,0.06199569666531826,1.2646719463031375,negative
w3_predict_w3,lasso,26-4,0.04169546689493999,-0.05812600009949411,0.05812600009949411,1.185732649694811,negative
w3_predict_w3,lasso,29-8,0.04130146311840484,-0.04334017671574061,0.04334017671574061,0.8841114559307811,negative
w3_predict_w3,lasso,53-10,0.03781172815864855,0.04943025738786726,0.04943025738786726,1.0083451461873851,positive
w3_predict_w3,lasso,24-1,0.03726659333467753,0.04383946880021331,0.04383946880021331,0.8942966901681292,positive
w3_predict_w3,lasso,5-3,0.03719181358397731,-0.04280097457144879,0.04280097457144879,0.8731120823943622,negative
w3_predict_w3,lasso,53-1,0.031848159431213684,-0.03685614514716871,0.03685614514716871,0.7518414232543975,negative
w3_predict_w3,lasso,4-5,0.03170279544140307,-0.0355038367287918,0.0355038367287918,0.7242552098321428,negative
w3_predict_w3,lasso,28-3,0.03109881014324733,-0.036311477555415694,0.036311477555415694,0.7407305581395311,negative
w3_predict_w3,lasso,32,0.027962672677517796,0.05129393359732565,0.05129393359732565,1.04636293041874,positive
w3_predict_w3,lasso,29-4,0.02752904440115784,0.042431453942568045,0.042431453942568045,0.8655741015656508,positive
w3_predict_w3,lasso,39-5,0.026822372059900547,-0.08133608390646584,0.08133608390646584,1.6592032846081315,negative
w3_predict_w3,lasso,24-2,0.02673257103872331,-0.031161962162279892,0.031161962162279892,0.6356837886853179,negative
w3_predict_w3,lasso,25-7,0.02657283864524012,0.033967843880468175,0.033967843880468175,0.6929219533404252,positive
w3_predict_w3,lasso,4-2,0.02595675982604624,0.028208404977282355,0.028208404977282355,0.5754331404212417,positive
w3_predict_w3,lasso,29-2,0.0229863453300968,0.026440429564058777,0.026440429564058777,0.5393675902762367,positive
w3_predict_w3,lasso,29-7,0.02240410774454644,0.02568611503581455,0.02568611503581455,0.5239800638208235,positive
w3_predict_w3,lasso,25-5,0.0214699657387616,-0.023458733862617667,0.023458733862617667,0.47854293455243496,negative
w3_predict_w3,lasso,39-2,0.02007717534550342,0.09504500993041212,0.09504500993041212,1.9388564716676258,positive
w3_predict_w3,lasso,25-8,0.019472342314412586,0.022942178854242788,0.022942178854242788,0.4680055478796024,positive
w3_predict_w3,lasso,26-6,0.018653671388438636,-0.023411402951229576,0.023411402951229576,0.4775774147011359,negative
w3_predict_w3,lasso,27-1,0.016838535026409036,-0.019199806740337767,0.019199806740337767,0.39166358739429474,negative
w3_predict_w3,lasso,11-3,0.016809233554990522,-0.021403623446626663,0.021403623446626663,0.4366200168426779,negative
w3_predict_w3,lasso,53-9,0.015488898944243046,0.0200800571508997,0.0200800571508997,0.40962012405472165,positive
w3_predict_w3,lasso,11-5,0.01536502568412432,-0.017261965486921063,0.017261965486921063,0.35213288443574553,negative
w3_predict_w3,lasso,26-11,0.014722894402745488,0.016846204046010414,0.016846204046010414,0.3436516210746321,positive
w3_predict_w3,lasso,11-8,0.014315700454102876,0.01920420426199362,0.01920420426199362,0.3917532939799218,positive
w3_predict_w3,lasso,3,0.013133883966755515,0.019510685715776847,0.019510685715776847,0.39800531658004334,positive
w3_predict_w3,lasso,25-6,0.01275740111161695,-0.015278186878465173,0.015278186878465173,0.3116650892703121,negative
w3_predict_w3,lasso,53-6,0.011655467468732571,0.01405864169024223,0.01405864169024223,0.28678715951462724,positive
w3_predict_w3,lasso,25-9,0.010688095542729325,0.016389184411194305,0.016389184411194305,0.3343287173546877,positive
w3_predict_w3,lasso,25-4,0.009716479298438786,-0.010681643364577213,0.010681643364577213,0.21789858700229692,negative
w3_predict_w3,lasso,26-3,0.009452719922289672,-0.01795497797744475,0.01795497797744475,0.36626988913680364,negative
w3_predict_w3,lasso,5-2,0.009326711521934952,-0.01194109667791746,0.01194109667791746,0.24359061659039233,negative
w3_predict_w3,lasso,5-8,0.0092686888442223,0.010899041373707574,0.010899041373707574,0.2223333651904276,positive
w3_predict_w3,lasso,25-1,0.007766713765140398,0.008542434101761346,0.008542434101761346,0.17426010743878712,positive
w3_predict_w3,lasso,39-13,0.007713009617052136,-0.018809288002623513,0.018809288002623513,0.38369725878347005,negative
w3_predict_w3,lasso,28-4,0.006980992171073411,0.007858773327582077,0.007858773327582077,0.1603138716772962,positive
w3_predict_w3,lasso,36,0.006869860760309861,0.017413213759502204,0.017413213759502204,0.35521825096195453,positive
w3_predict_w3,lasso,11-7,0.006805094651653757,-0.008416822537915631,0.008416822537915631,0.17169771311996,negative
w3_predict_w3,lasso,39-8,0.00668799665475565,-0.024554549393625585,0.024554549393625585,0.5008968596622767,negative
w3_predict_w3,lasso,24-4,0.005913049047388673,0.0069545556423845165,0.0069545556423845165,0.14186841818084026,positive
w3_predict_w3,lasso,4-4,0.005729688634930377,-0.006057118515081817,0.006057118515081817,0.1235612836615257,negative
w3_predict_w3,lasso,24-6,0.003444024928529052,-0.004211222499783542,0.004211222499783542,0.08590620384295469,negative
w3_predict_w3,lasso,26-2,0.0033069319252851865,-0.006018371489339799,0.006018371489339799,0.122770869502247,negative
w3_predict_w3,lasso,39-6,0.0029508643885969694,0.01753698452059671,0.01753698452059671,0.35774309410024246,positive
w3_predict_w3,lasso,5-7,0.0017379499566063433,0.00205982853694153,0.00205982853694153,0.042019164312768933,positive
w3_predict_w3,lasso,27-2,0.0013918780493381037,0.001612791803490599,0.001612791803490599,0.032899905296866025,positive
w3_predict_w3,lasso,26-7,0.0006278687940543808,0.0009133830593100844,0.0009133830593100844,0.01863242117552013,positive
w3_predict_w3,lasso,29-5,0.000513691159780205,0.0007118587483821252,0.0007118587483821252,0.014521456120888582,positive
w3_predict_w3,lasso,25-0,0.0002882056195713233,-0.0009710745254075278,0.0009710745254075278,0.019809289613799186,negative
w3_predict_w3,lasso,39-1,0.0,0.0,0.0,0.0,positive
w3_predict_w3,lasso,39-11,0.0,0.0,0.0,0.0,positive
w3_predict_w3,lasso,26-8,0.0,0.0,0.0,0.0,positive
w3_predict_w3,lasso,26-5,0.0,0.0,0.0,0.0,positive
w3_predict_w3,lasso,26-1,0.0,0.0,0.0,0.0,positive
w3_predict_w3,lasso,29-9,0.0,0.0,0.0,0.0,positive
w3_predict_w3,lasso,29-3,0.0,0.0,0.0,0.0,positive
w3_predict_w3,lasso,4-1,0.0,0.0,0.0,0.0,positive
w3_predict_w3,lasso,4-6,0.0,0.0,0.0,0.0,positive
w3_predict_w3,lasso,29-1,0.0,0.0,0.0,0.0,positive
w3_predict_w3,lasso,4-3,0.0,0.0,0.0,0.0,positive
w3_predict_w3,lasso,5-10,0.0,0.0,0.0,0.0,positive
w3_predict_w3,lasso,39-9,0.0,0.0,0.0,0.0,positive
w3_predict_w3,lasso,39-7,0.0,0.0,0.0,0.0,positive
w3_predict_w3,lasso,39-4,0.0,0.0,0.0,0.0,positive
w3_predict_w3,lasso,39-10,0.0,0.0,0.0,0.0,positive
w3_predict_w3,lasso,39-12,0.0,0.0,0.0,0.0,positive
w3_predict_w3,lasso,5-4,0.0,0.0,0.0,0.0,positive
w3_predict_w3,lasso,39-3,0.0,0.0,0.0,0.0,positive
w3_predict_w3,lasso,26-9,0.0,0.0,0.0,0.0,positive
w3_predict_w3,lasso,26-10,0.0,0.0,0.0,0.0,positive
w3_predict_w3,lasso,26-12,0.0,0.0,0.0,0.0,positive
w3_predict_w3,lasso,26-15,0.0,0.0,0.0,0.0,positive
w3_predict_w3,lasso,11-4,0.0,0.0,0.0,0.0,positive
w3_predict_w3,lasso,11-1,0.0,0.0,0.0,0.0,positive
w3_predict_w3,lasso,11-2,0.0,0.0,0.0,0.0,positive
w3_predict_w3,lasso,25-3,0.0,0.0,0.0,0.0,positive
w3_predict_w3,lasso,27-5,0.0,0.0,0.0,0.0,positive
w3_predict_w3,lasso,53-3,0.0,0.0,0.0,0.0,positive
w3_predict_w3,lasso,27-3,0.0,0.0,0.0,0.0,positive
w3_predict_w3,lasso,53-20,0.0,0.0,0.0,0.0,positive
w3_predict_w3,lasso,53-18,0.0,0.0,0.0,0.0,positive
w3_predict_w3,lasso,53-14,0.0,0.0,0.0,0.0,positive
w3_predict_w3,lasso,24-5,0.0,0.0,0.0,0.0,positive
w2_predict_w3,ridge,v55_8,0.09273618620955373,0.11758272478676837,0.11758272478676837,4.120221334070683,positive
w2_predict_w3,ridge,v55_2,0.085988090685735,0.11044570310004363,0.11044570310004363,3.8701326491155146,positive
w2_predict_w3,ridge,v1,0.07660087324388236,-0.07662352579555907,0.07662352579555907,2.684968274439106,negative
w2_predict_w3,ridge,v55_7,0.06993842191153657,0.1030259910298265,0.1030259910298265,3.610138198231599,positive
w2_predict_w3,ridge,v55_1,0.06477486017070448,0.08602465569847796,0.08602465569847796,3.0143936731158267,positive
w2_predict_w3,ridge,v55_10,0.05490476204618757,0.07940809619446988,0.07940809619446988,2.7825425259681467,positive
w2_predict_w3,ridge,v55_14,0.05342188770008473,0.07498422781841037,0.07498422781841037,2.627525563270475,positive
w2_predict_w3,ridge,v55_3,0.05037402789179598,0.06484625529391488,0.06484625529391488,2.272280430489293,positive
w2_predict_w3,ridge,v23_1,0.04647318156125948,0.04998004348793901,0.04998004348793901,1.7513528609770752,positive
w2_predict_w3,ridge,v25_6,0.04448640111373161,-0.05127596243848059,0.05127596243848059,1.7967632128542819,negative
w2_predict_w3,ridge,v54_2,0.043471439753958965,0.048860607269553664,0.048860607269553664,1.7121266481342705,positive
w2_predict_w3,ridge,v55_13,0.04257544582805401,0.05805690264772141,0.05805690264772141,2.03437443138862,positive
w2_predict_w3,ridge,v6_2,0.03864766070940429,-0.04729573792986746,0.04729573792986746,1.6572919940632689,negative
w2_predict_w3,ridge,v54_1,0.037129438083836425,0.04155280543213355,0.04155280543213355,1.4560536485477906,positive
w2_predict_w3,ridge,v55_9,0.03597990831612681,0.05288615357088505,0.05288615357088505,1.8531859898199918,positive
w2_predict_w3,ridge,v23_2,0.03349704749758936,0.03627770202863641,0.03627770202863641,1.2712085225147562,positive
w2_predict_w3,ridge,v27_1,0.0328521787697619,0.0453239910365939,0.0453239910365939,1.5881999260763608,positive
w2_predict_w3,ridge,v19_2,0.030488640979856547,-0.03868501204445513,0.03868501204445513,1.355563176677478,negative
w2_predict_w3,ridge,v54_16,0.027858095994065826,-0.03665490803039479,0.03665490803039479,1.2844262143024132,negative
w2_predict_w3,ridge,v22_4,0.027421472667223477,0.030984762515902427,0.030984762515902427,1.0857384006081554,positive
w2_predict_w3,ridge,v55_6,0.026413629091952696,0.044998340323496776,0.044998340323496776,1.5767887853837863,positive
w2_predict_w3,ridge,v26_5,0.02593552145409004,0.03698213980360532,0.03698213980360532,1.2958927569906595,positive
w2_predict_w3,ridge,v19_7,0.025895128215260046,-0.02923542478700775,0.02923542478700775,1.0244397817493271,negative
w2_predict_w3,ridge,v6_7,0.0248349594484803,0.029281127667907796,0.029281127667907796,1.0260412583714615,positive
w2_predict_w3,ridge,v22_3,0.024177034926003496,0.028638627612280185,0.028638627612280185,1.003527386192201,positive
w2_predict_w3,ridge,v25_1,0.023446584093966338,0.030727339366241148,0.030727339366241148,1.076718024910607,positive
w2_predict_w3,ridge,v34,0.022732763587823553,0.0273936703370543,0.0273936703370543,0.9599027845792144,positive
w2_predict_w3,ridge,v19_3,0.022614514337054064,-0.024888209345187276,0.024888209345187276,0.8721088178286321,negative
w2_predict_w3,ridge,v25_4,0.022327863965351774,-0.03076494903193338,0.03076494903193338,1.0780359068293448,negative
w2_predict_w3,ridge,v28_6,0.022256731836651583,0.024767676943645855,0.024767676943645855,0.8678852367440948,positive
w2_predict_w3,ridge,v5_3,0.022215452063142405,-0.029394837353894136,0.029394837353894136,1.0300257643857678,negative
w2_predict_w3,ridge,v25_5,0.022181646195149708,-0.028666561507792374,0.028666561507792374,1.004506219030458,negative
w2_predict_w3,ridge,v6_6,0.0219800717801921,0.02774460501284376,0.02774460501284376,0.9721999016997357,positive
w2_predict_w3,ridge,v25_13,0.02151648253038006,0.024101038076652995,0.024101038076652995,0.8445255154339644,positive
w2_predict_w3,ridge,v26_6,0.021450096175992268,0.029861079733957723,0.029861079733957723,1.0463633837483874,positive
w2_predict_w3,ridge,v5_5,0.02064515293130141,-0.02781812140914466,0.02781812140914466,0.9747759929154501,negative
w2_predict_w3,ridge,v6_3,0.018779392000976898,0.02085663812022355,0.02085663812022355,0.7308383565338769,positive
w2_predict_w3,ridge,v23_7,0.01848600676683184,-0.02129953357645338,0.02129953357645338,0.7463578753307951,negative
w2_predict_w3,ridge,v42_14,0.01795469392913718,-0.018369654937817212,0.018369654937817212,0.6436918715021004,negative
w2_predict_w3,ridge,v49,0.017815080015217574,-0.027011199183852662,0.027011199183852662,0.9465005963925928,negative
w2_predict_w3,ridge,v55_12,0.017012148579859266,0.024109440423459423,0.024109440423459423,0.84481994243105,positive
w2_predict_w3,ridge,v6_4,0.01699501456073323,-0.02087204647373366,0.02087204647373366,0.7313782813142423,negative
w2_predict_w3,ridge,v22_5,0.016710349484277617,-0.019260629756803118,0.019260629756803118,0.6749125585882582,negative
w2_predict_w3,ridge,v54_5,0.015987153522086156,-0.020310015204100928,0.020310015204100928,0.7116841193380247,negative
w2_predict_w3,ridge,v23_8,0.015808457727615514,0.019063374621235245,0.019063374621235245,0.6680005328693813,positive
w2_predict_w3,ridge,v54_20,0.015313761687406831,-0.022731860995802225,0.022731860995802225,0.7965481222508054,negative
w2_predict_w3,ridge,v36,0.015221599281005154,0.02242894641301218,0.02242894641301218,0.7859336792816023,positive
w2_predict_w3,ridge,v54_4,0.01511168534308162,-0.01976574412615152,0.01976574412615152,0.6926122930051046,negative
w2_predict_w3,ridge,v19_6,0.0147750489194887,-0.017402732604133282,0.017402732604133282,0.6098099042755487,negative
w2_predict_w3,ridge,v42_11,0.014683749215116181,0.02321719888237446,0.02321719888237446,0.813554868081148,positive
w2_predict_w3,ridge,v54_9,0.014576495114529587,0.02119102667755474,0.02119102667755474,0.7425556804033788,positive
w2_predict_w3,ridge,v54_12,0.014492193400362344,-0.016865032627246968,0.016865032627246968,0.5909683361785861,negative
w2_predict_w3,ridge,v6_8,0.013938741791493925,0.01760344774790336,0.01760344774790336,0.6168431722911712,positive
w2_predict_w3,ridge,v42_09,0.013297430758405865,0.02528264895492566,0.02528264895492566,0.885930393217311,positive
w2_predict_w3,ridge,v23_5,0.01306887805695648,-0.015986806545077184,0.015986806545077184,0.5601943781294318,negative
w2_predict_w3,ridge,v27_2,0.01278088595676748,0.01707861479447849,0.01707861479447849,0.5984524781186561,positive
w2_predict_w3,ridge,v25_12,0.012250357466229673,0.015992598031240857,0.015992598031240857,0.5603973178460511,positive
w2_predict_w3,ridge,v42_01,0.01222324901391481,0.017523245189090108,0.017523245189090108,0.6140327909662898,positive
w2_predict_w3,ridge,v28_8,0.012115849494572041,0.014316132768768567,0.014316132768768567,0.5016522262282727,positive
w2_predict_w3,ridge,v54_3,0.011656132401796809,0.013209714649754534,0.013209714649754534,0.4628821811673934,positive
w2_predict_w3,ridge,v38,0.011400183337168952,0.017394160078386275,0.017394160078386275,0.6095095140308615,positive
w2_predict_w3,ridge,v26_2,0.01125336724390115,0.013206585910012317,0.013206585910012317,0.46277254686305136,positive
w2_predict_w3,ridge,v23_3,0.01114162674082446,-0.013671395556795012,0.013671395556795012,0.4790599617569391,negative
w2_predict_w3,ridge,v54_17,0.011086769102117497,0.013216544988150497,0.013216544988150497,0.4631215233499206,positive
w2_predict_w3,ridge,v54_18,0.0107529830805099,0.011941728512856404,0.011941728512856404,0.4184506242186345,positive
w2_predict_w3,ridge,v25_10,0.010520754759727214,0.012206832967148473,0.012206832967148473,0.42774016084327193,positive
w2_predict_w3,ridge,v55_5,0.010484197287919694,0.01784686983906032,0.01784686983906032,0.6253729362933904,positive
w2_predict_w3,ridge,v54_6,0.010146418676370684,-0.013682806476849906,0.013682806476849906,0.47945981229907286,negative
w2_predict_w3,ridge,v40,0.009958403975067627,0.02794297703925229,0.02794297703925229,0.9791510644387644,positive
w2_predict_w3,ridge,v25_15,0.009955289583028201,-0.012135088147856452,0.012135088147856452,0.4252261475339861,negative
w2_predict_w3,ridge,v25_8,0.009842884958685225,0.01243872974532591,0.01243872974532591,0.43586606585594817,positive
w2_predict_w3,ridge,v54_10,0.009831921185477249,-0.011264167949729084,0.011264167949729084,0.3947081952828808,negative
w2_predict_w3,ridge,v25_11,0.009686687669789371,0.011648820655590548,0.011648820655590548,0.4081868273504102,positive
w2_predict_w3,ridge,v55_4,0.009538982069956388,0.017325273624629194,0.017325273624629194,0.6070956608316512,positive
w2_predict_w3,ridge,v25_14,0.009485143207732695,0.011822043097964509,0.011822043097964509,0.41425672242983885,positive
w2_predict_w3,ridge,v28_5,0.009485106979062817,0.01104326476628375,0.01104326476628375,0.3869675172976908,positive
w2_predict_w3,ridge,v42_13,0.009416468950851095,-0.02225613930674995,0.02225613930674995,0.7798783380127903,negative
w2_predict_w3,ridge,v28_4,0.009283198153894794,0.010483230578712432,0.010483230578712432,0.3673433351601805,positive
w2_predict_w3,ridge,v54_15,0.009050624308710854,-0.011436393072100504,0.011436393072100504,0.4007431432290566,negative
w2_predict_w3,ridge,v42_06,0.009043421954516281,0.02087591765026426,0.02087591765026426,0.7315139313781291,positive
w2_predict_w3,ridge,v26_4,0.0088160712283707,0.012357469114881255,0.012357469114881255,0.43301860859736474,positive
w2_predict_w3,ridge,v42_04,0.008791961885804321,0.02003360249250538,0.02003360249250538,0.7019983295811568,positive
w2_predict_w3,ridge,v6_10,0.008706887959871516,-0.01102080373777748,0.01102080373777748,0.3861804594283947,negative
w2_predict_w3,ridge,v6_1,0.00840849263416873,0.009783344492406023,0.009783344492406023,0.34281859660314884,positive
w2_predict_w3,ridge,v22_6,0.008326204316348429,-0.00968312547012236,0.00968312547012236,0.33930681751789904,negative
w2_predict_w3,ridge,v25_9,0.008096776513298565,-0.010195749832679804,0.010195749832679804,0.35726970993091145,negative
w2_predict_w3,ridge,v22_1,0.007666584608169476,-0.008799478203075037,0.008799478203075037,0.30834289549547506,negative
w2_predict_w3,ridge,v19_10,0.007619532595241324,0.008393313040779015,0.008393313040779015,0.2941104445135544,positive
w2_predict_w3,ridge,v54_8,0.0075049944437722265,-0.010051671448725086,0.010051671448725086,0.3522210530603959,negative
w2_predict_w3,ridge,v5_2,0.0070048238036794774,-0.008612706382707436,0.008612706382707436,0.3017982160769862,negative
w2_predict_w3,ridge,v55_11,0.006743820845463811,0.011605524892242147,0.011605524892242147,0.40666969863829316,positive
w2_predict_w3,ridge,v28_9,0.006593520310754459,0.008074536884569756,0.008074536884569756,0.2829401954655902,positive
w2_predict_w3,ridge,v27_4,0.0065918668641733605,-0.008207876233378236,0.008207876233378236,0.2876125453420545,negative
w2_predict_w3,ridge,v19_1,0.006555312305817093,-0.007592471195094982,0.007592471195094982,0.2660481108349662,negative
w2_predict_w3,ridge,v23_4,0.006144193944571786,-0.00756057894915842,0.00756057894915842,0.26493057326864816,negative
w2_predict_w3,ridge,v25_3,0.006087758734604518,-0.007081707025880814,0.007081707025880814,0.24815040153718065,negative
w2_predict_w3,ridge,v25_2,0.006045500901587368,-0.006910706592409235,0.006910706592409235,0.24215836796760126,negative
w2_predict_w3,ridge,v22_2,0.005840799157288846,0.0066328728149057685,0.0066328728149057685,0.23242278257892138,positive
w2_predict_w3,ridge,v25_7,0.0056792038360435155,0.006748425146540364,0.006748425146540364,0.2364718568189159,positive
w2_predict_w3,ridge,v54_19,0.00561714385516204,0.00676864994591707,0.00676864994591707,0.23718055488676829,positive
w2_predict_w3,ridge,v42_03,0.0055105753770647616,-0.01670762254488445,0.01670762254488445,0.5854525226887727,negative
w2_predict_w3,ridge,v6_5,0.005305941821089822,0.006271896518564574,0.006271896518564574,0.21977379659925494,positive
w2_predict_w3,ridge,v2,0.005105717332671533,0.0074784545572670275,0.0074784545572670275,0.26205284890793007,positive
w2_predict_w3,ridge,v42_07,0.005060630904468704,-0.012772098749965046,0.012772098749965046,0.44754766353556447,negative
w2_predict_w3,ridge,v19_8,0.00496410523370972,-0.0060000432549089195,0.0060000432549089195,0.21024777465443253,negative
w2_predict_w3,ridge,v23_6,0.0047252914674868664,-0.0057265119923966094,0.0057265119923966094,0.20066295387925234,negative
w2_predict_w3,ridge,v26_3,0.004689431713108557,0.006178309635724987,0.006178309635724987,0.21649441459850519,positive
w2_predict_w3,ridge,v28_2,0.004450343838666172,0.005432633537475599,0.005432633537475599,0.19036514625670323,positive
w2_predict_w3,ridge,v3,0.004354115178424663,-0.005740758293087697,0.005740758293087697,0.20116215911663268,negative
w2_predict_w3,ridge,v54_11,0.004024352428533184,-0.005349177999765045,0.005349177999765045,0.18744077715788426,negative
w2_predict_w3,ridge,v42_10,0.003989191093083611,0.010829160202500654,0.010829160202500654,0.3794650700375106,positive
w2_predict_w3,ridge,v5_4,0.003969537771398386,-0.004881187584748782,0.004881187584748782,0.17104190482704348,negative
w2_predict_w3,ridge,v19_9,0.003801284770965722,-0.004231034430523844,0.004231034430523844,0.1482598600895296,negative
w2_predict_w3,ridge,v28_1,0.0037749795239091803,0.004909250841719944,0.004909250841719944,0.17202527062576753,positive
w2_predict_w3,ridge,v42_05,0.003715253074876262,-0.011150698812939563,0.011150698812939563,0.3907321183633623,negative
w2_predict_w3,ridge,v54_7,0.0036756587154848372,0.0052287073472237116,0.0052287073472237116,0.1832193598227242,positive
w2_predict_w3,ridge,v28_10,0.0034779736005280375,0.004104556018673535,0.004104556018673535,0.14382792460113156,positive
w2_predict_w3,ridge,v42_12,0.0033924043113153514,0.012782121955334229,0.012782121955334229,0.44789888710750303,positive
w2_predict_w3,ridge,v42_02,0.0032314586046033873,0.007720909560569605,0.007720909560569605,0.27054872514290457,positive
w2_predict_w3,ridge,v6_9,0.0029558306437883655,0.003509608385480922,0.003509608385480922,0.12298033890875686,positive
w2_predict_w3,ridge,v5_1,0.0028828940772245336,0.0035412536757877524,0.0035412536757877524,0.12408922289219501,positive
w2_predict_w3,ridge,v19_5,0.0027736733776613253,0.003164117657850229,0.003164117657850229,0.11087398341062529,positive
w2_predict_w3,ridge,v54_14,0.0027724811527955018,-0.003360497574008566,0.003360497574008566,0.11775534052839845,negative
w2_predict_w3,ridge,v42_08,0.0027192684535494666,-0.00602652428416056,0.00602652428416056,0.21117569754334856,negative
w2_predict_w3,ridge,v5_6,0.002621110174335046,0.0031870249071446273,0.0031870249071446273,0.1116766773218169,positive
w2_predict_w3,ridge,v28_3,0.002345596132079482,0.0029275522580382,0.0029275522580382,0.1025844850257557,positive
w2_predict_w3,ridge,v28_7,0.0017869118482498174,-0.002311243554116115,0.002311243554116115,0.08098838513201538,negative
w2_predict_w3,ridge,v19_4,0.0011524916068719295,-0.0013076331822460018,0.0013076331822460018,0.04582083077594234,negative
w2_predict_w3,ridge,v23_9,0.001065331510914071,-0.001214332364216021,0.001214332364216021,0.04255147278453243,negative
w2_predict_w3,ridge,v54_13,0.0010599382340179871,-0.0015836108024185342,0.0015836108024185342,0.05549137447547805,negative
w2_predict_w3,ridge,v27_3,0.0003224328569225746,-0.0004148287929930653,0.0004148287929930653,0.014536033639094186,negative
w2_predict_w3,ridge,v26_1,9.76597018397399e-06,1.1574591196510835e-05,1.1574591196510835e-05,0.0004055857496710879,positive
w2_predict_w3,lasso,v55_8,0.16007482369373482,0.20296320895856917,0.20296320895856917,11.209206150714838,positive
w2_predict_w3,lasso,v55_2,0.12654344937701759,0.16253623179318188,0.16253623179318188,8.976514209045892,positive
w2_predict_w3,lasso,v55_7,0.11166622600614175,0.16449504127209552,0.16449504127209552,9.084694895446054,positive
w2_predict_w3,lasso,v1,0.10107579142133001,-0.10110568174100039,0.10110568174100039,5.583841699481513,negative
w2_predict_w3,lasso,v55_14,0.09235664886673392,0.12963398145058597,0.12963398145058597,7.159396176644906,positive
w2_predict_w3,lasso,v55_1,0.0763609493471873,0.10141163344990997,0.10141163344990997,5.600738731189516,positive
w2_predict_w3,lasso,v55_10,0.06767260102717447,0.09787406796472709,0.09787406796472709,5.40536686552709,positive
w2_predict_w3,lasso,v25_6,0.06537085007394487,-0.07534781796337367,0.07534781796337367,4.161292230703722,negative
w2_predict_w3,lasso,v27_1,0.0633647992635126,0.08742024734439927,0.08742024734439927,4.828025627195723,positive
w2_predict_w3,lasso,v6_2,0.057724354888081184,-0.0706411697588981,0.0706411697588981,3.9013545293165315,negative
w2_predict_w3,lasso,v55_3,0.05702204382418128,0.07340421574280774,0.07340421574280774,4.0539514073244565,positive
w2_predict_w3,lasso,v23_1,0.048942736731365295,0.052635951059815174,0.052635951059815174,2.90696638763158,positive
w2_predict_w3,lasso,v19_2,0.03863430810937328,-0.04902050817967772,0.04902050817967772,2.7072935268331113,negative
w2_predict_w3,lasso,v26_5,0.03291072522720469,0.046928265681682374,0.046928265681682374,2.5917436318661684,positive
w2_predict_w3,lasso,v55_9,0.029897301741915426,0.04394545081620941,0.04394545081620941,2.4270094078259468,positive
w2_predict_w3,lasso,v25_13,0.027864278408630896,0.031211329916805173,0.031211329916805173,1.7237322619729478,positive
w2_predict_w3,lasso,v54_2,0.026327689319720564,0.029591540916206558,0.029591540916206558,1.6342749217902919,positive
w2_predict_w3,lasso,v42_14,0.025039977392561915,-0.025618690364064185,0.025618690364064185,1.4148632310043252,negative
w2_predict_w3,lasso,v28_6,0.024651566934871357,0.02743269094845757,0.02743269094845757,1.5150464445646374,positive
w2_predict_w3,lasso,v54_16,0.022583475200027146,-0.029714708666379056,0.029714708666379056,1.6410772024099538,negative
w2_predict_w3,lasso,v34,0.02087860739620118,0.02515935583013277,0.02515935583013277,1.3894952073639877,positive
w2_predict_w3,lasso,v6_6,0.02087507272577865,0.026349806915237684,0.026349806915237684,1.4552411703577393,positive
w2_predict_w3,lasso,v19_7,0.017283421003312798,-0.01951286553224256,0.01951286553224256,1.0776521196348097,negative
w2_predict_w3,lasso,v55_13,0.01654706787462457,0.022563980012847408,0.022563980012847408,1.2461583793555668,positive
w2_predict_w3,lasso,v5_3,0.014451550596629696,-0.01912186968296225,0.01912186968296225,1.0560582893975694,negative
w2_predict_w3,lasso,v23_2,0.010103541629387572,0.010942256110519069,0.010942256110519069,0.6043164429951671,positive
w2_predict_w3,lasso,v22_4,0.008719708949123198,0.009852793621814064,0.009852793621814064,0.544147855338189,positive
w2_predict_w3,lasso,v36,0.0076479793880846626,0.011269257368851971,0.011269257368851971,0.6223759944528151,positive
w2_predict_w3,lasso,v19_3,0.0071222738669347845,-0.007838357276750904,0.007838357276750904,0.4328950209690064,negative
w2_predict_w3,lasso,v54_1,0.007099892740659028,0.0079457292344549,0.0079457292344549,0.4388249351386016,positive
w2_predict_w3,lasso,v5_5,0.006952490805669931,-0.009368069782368035,0.009368069782368035,0.5173776368813766,negative
w2_predict_w3,lasso,v40,0.00595475431285583,0.016708858513382902,0.016708858513382902,0.9227930548628036,positive
w2_predict_w3,lasso,v25_12,0.00456581255767661,0.0059605774870002785,0.0059605774870002785,0.3291894238957096,positive
w2_predict_w3,lasso,v26_6,0.0041793784013863956,0.005818190774447853,0.005818190774447853,0.3213257227731652,positive
w2_predict_w3,lasso,v42_11,0.0034867643630693335,0.005513094815731232,0.005513094815731232,0.3044759522430654,positive
w2_predict_w3,lasso,v25_1,0.0029191886900727473,0.0038256703490144165,0.0038256703490144165,0.21128325585122876,positive
w2_predict_w3,lasso,v55_4,0.0,0.0,0.0,0.0,positive
w2_predict_w3,lasso,v6_3,0.0,0.0,0.0,0.0,positive
w2_predict_w3,lasso,v6_1,0.0,0.0,0.0,0.0,positive
w2_predict_w3,lasso,v42_13,0.0,0.0,0.0,0.0,positive
w2_predict_w3,lasso,v42_12,0.0,0.0,0.0,0.0,positive
w2_predict_w3,lasso,v42_08,0.0,0.0,0.0,0.0,positive
w2_predict_w3,lasso,v42_09,0.0,0.0,0.0,0.0,positive
w2_predict_w3,lasso,v6_9,0.0,0.0,0.0,0.0,positive
w2_predict_w3,lasso,v5_2,0.0,0.0,0.0,0.0,positive
w2_predict_w3,lasso,v5_1,0.0,0.0,0.0,0.0,positive
w2_predict_w3,lasso,v6_10,0.0,0.0,0.0,0.0,positive
w2_predict_w3,lasso,v5_4,0.0,0.0,0.0,0.0,positive
w2_predict_w3,lasso,v5_6,0.0,0.0,0.0,0.0,positive
w2_predict_w3,lasso,v6_5,0.0,0.0,0.0,0.0,positive
w2_predict_w3,lasso,v6_7,0.0,0.0,0.0,0.0,positive
w2_predict_w3,lasso,v6_8,0.0,0.0,0.0,0.0,positive
w2_predict_w3,lasso,v6_4,0.0,0.0,0.0,0.0,positive
w2_predict_w3,lasso,v42_02,0.0,0.0,0.0,0.0,positive
w2_predict_w3,lasso,v27_4,0.0,0.0,0.0,0.0,positive
w2_predict_w3,lasso,v42_03,0.0,0.0,0.0,0.0,positive
w2_predict_w3,lasso,v42_07,0.0,0.0,0.0,0.0,positive
w2_predict_w3,lasso,v42_04,0.0,0.0,0.0,0.0,positive
w2_predict_w3,lasso,v42_05,0.0,0.0,0.0,0.0,positive
w2_predict_w3,lasso,v42_06,0.0,0.0,0.0,0.0,positive
w2_predict_w3,lasso,v42_10,0.0,0.0,0.0,0.0,positive
w2_predict_w3,lasso,v42_01,0.0,0.0,0.0,0.0,positive
w2_predict_w3,lasso,v55_12,0.0,0.0,0.0,0.0,positive
w2_predict_w3,lasso,v27_2,0.0,0.0,0.0,0.0,positive
w2_predict_w3,lasso,v27_3,0.0,0.0,0.0,0.0,positive
w2_predict_w3,lasso,v55_11,0.0,0.0,0.0,0.0,positive
w2_predict_w3,lasso,v55_6,0.0,0.0,0.0,0.0,positive
w2_predict_w3,lasso,v55_5,0.0,0.0,0.0,0.0,positive
w2_predict_w3,lasso,v25_7,0.0,0.0,0.0,0.0,positive
w2_predict_w3,lasso,v25_5,0.0,0.0,0.0,0.0,positive
w2_predict_w3,lasso,v25_4,0.0,0.0,0.0,0.0,positive
w2_predict_w3,lasso,v25_3,0.0,0.0,0.0,0.0,positive
w2_predict_w3,lasso,v28_10,0.0,0.0,0.0,0.0,positive
w2_predict_w3,lasso,v25_2,0.0,0.0,0.0,0.0,positive
w2_predict_w3,lasso,v28_8,0.0,0.0,0.0,0.0,positive
w2_predict_w3,lasso,v28_9,0.0,0.0,0.0,0.0,positive
w2_predict_w3,lasso,v28_3,0.0,0.0,0.0,0.0,positive
w2_predict_w3,lasso,v28_4,0.0,0.0,0.0,0.0,positive
w2_predict_w3,lasso,v28_7,0.0,0.0,0.0,0.0,positive
w2_predict_w3,lasso,v28_5,0.0,0.0,0.0,0.0,positive
w2_predict_w3,lasso,v28_2,0.0,0.0,0.0,0.0,positive
w2_predict_w3,lasso,v49,0.0,0.0,0.0,0.0,positive
w2_predict_w3,lasso,v38,0.0,0.0,0.0,0.0,positive
w2_predict_w3,lasso,v28_1,0.0,0.0,0.0,0.0,positive
w2_predict_w3,lasso,v19_6,0.0,0.0,0.0,0.0,positive
w2_predict_w3,lasso,v19_5,0.0,0.0,0.0,0.0,positive
w2_predict_w3,lasso,v19_4,0.0,0.0,0.0,0.0,positive
w2_predict_w3,lasso,v19_1,0.0,0.0,0.0,0.0,positive
w2_predict_w3,lasso,v19_10,0.0,0.0,0.0,0.0,positive
w2_predict_w3,lasso,v19_9,0.0,0.0,0.0,0.0,positive
w2_predict_w3,lasso,v3,0.0,0.0,0.0,0.0,positive
w2_predict_w3,lasso,v19_8,0.0,0.0,0.0,0.0,positive
w2_predict_w3,lasso,v23_3,0.0,0.0,0.0,0.0,positive
w2_predict_w3,lasso,v23_4,0.0,0.0,0.0,0.0,positive
w2_predict_w3,lasso,v25_10,0.0,0.0,0.0,0.0,positive
w2_predict_w3,lasso,v25_11,0.0,0.0,0.0,0.0,positive
w2_predict_w3,lasso,v25_15,0.0,0.0,0.0,0.0,positive
w2_predict_w3,lasso,v25_14,0.0,0.0,0.0,0.0,positive
w2_predict_w3,lasso,v25_8,0.0,0.0,0.0,0.0,positive
w2_predict_w3,lasso,v25_9,0.0,0.0,0.0,0.0,positive
w2_predict_w3,lasso,v26_1,0.0,0.0,0.0,0.0,positive
w2_predict_w3,lasso,v23_9,0.0,0.0,0.0,0.0,positive
w2_predict_w3,lasso,v23_8,0.0,0.0,0.0,0.0,positive
w2_predict_w3,lasso,v23_7,0.0,0.0,0.0,0.0,positive
w2_predict_w3,lasso,v23_5,0.0,0.0,0.0,0.0,positive
w2_predict_w3,lasso,v23_6,0.0,0.0,0.0,0.0,positive
w2_predict_w3,lasso,v26_4,0.0,0.0,0.0,0.0,positive
w2_predict_w3,lasso,v26_3,0.0,0.0,0.0,0.0,positive
w2_predict_w3,lasso,v54_4,0.0,0.0,0.0,0.0,positive
w2_predict_w3,lasso,v54_5,0.0,0.0,0.0,0.0,positive
w2_predict_w3,lasso,v54_6,0.0,0.0,0.0,0.0,positive
w2_predict_w3,lasso,v54_7,0.0,0.0,0.0,0.0,positive
w2_predict_w3,lasso,v54_8,0.0,0.0,0.0,0.0,positive
w2_predict_w3,lasso,v54_9,0.0,0.0,0.0,0.0,positive
w2_predict_w3,lasso,v26_2,0.0,0.0,0.0,0.0,positive
w2_predict_w3,lasso,v54_3,0.0,0.0,0.0,0.0,positive
w2_predict_w3,lasso,v54_11,0.0,0.0,0.0,0.0,positive
w2_predict_w3,lasso,v54_10,0.0,0.0,0.0,0.0,positive
w2_predict_w3,lasso,v54_14,0.0,0.0,0.0,0.0,positive
w2_predict_w3,lasso,v54_12,0.0,0.0,0.0,0.0,positive
w2_predict_w3,lasso,v54_15,0.0,0.0,0.0,0.0,positive
w2_predict_w3,lasso,v54_17,0.0,0.0,0.0,0.0,positive
w2_predict_w3,lasso,v54_18,0.0,0.0,0.0,0.0,positive
w2_predict_w3,lasso,v54_13,0.0,0.0,0.0,0.0,positive
w2_predict_w3,lasso,v54_19,0.0,0.0,0.0,0.0,positive
w2_predict_w3,lasso,v54_20,0.0,0.0,0.0,0.0,positive
w2_predict_w3,lasso,v22_2,0.0,0.0,0.0,0.0,positive
w2_predict_w3,lasso,v22_1,0.0,0.0,0.0,0.0,positive
w2_predict_w3,lasso,v22_3,0.0,0.0,0.0,0.0,positive
w2_predict_w3,lasso,v22_5,0.0,0.0,0.0,0.0,positive
w2_predict_w3,lasso,v22_6,0.0,0.0,0.0,0.0,positive
w2_predict_w3,lasso,v2,0.0,0.0,0.0,0.0,positive
