metric,drop_original,drop_plus_enemy_ratio,drop_plus_enemy_ratio_enemy_total,delta_ratio_minus_original,delta_ratio_total_minus_original
n_features,27.0,28.0,29.0,1.0,2.0
test_accuracy,0.7402135231316725,0.7444839857651245,0.7451957295373666,0.004270462633451988,0.004982206405694023
test_precision,0.7578534031413613,0.7652519893899205,0.7655629139072848,0.007398586248559158,0.007709510765923522
test_recall,0.7628458498023716,0.7602108036890646,0.761528326745718,-0.0026350461133070047,-0.0013175230566535578
test_f1,0.7603414313854235,0.7627230667547918,0.7635402906208718,0.0023816353693683068,0.0031988592354482703
test_auc,0.8053736993028957,0.8062241747125312,0.8062119376562774,0.0008504754096354539,0.0008382383533817039
cv5_accuracy_mean,0.7327326094230009,0.7313089191025133,0.7315936166114103,-0.001423690320487614,-0.0011389928115905779
cv5_f1_mean,0.7538335634661388,0.7522390009980969,0.752561585751136,-0.0015945624680419046,-0.00127197771500287
cv5_auc_mean,0.8041767806689984,0.8046153392221234,0.8043229096323099,0.00043855855312491254,0.00014612896331145375
