scenario,mode,mode_label,mode_description,mode_rel_types,feature_year,target_year,edge_year,target_group_id,target_median_cutoff,target_positive_rate,n_nodes_modeling,n_features_used,n_edges_graph,test_accuracy_mean,test_accuracy_std,test_f1_mean,test_f1_std,test_precision_mean,test_precision_std,test_recall_mean,test_recall_std,test_auc_mean,test_auc_std,best_epoch_mean,best_epoch_std
w2_predict_w3,baseline_untyped,Baseline (untyped),all four relations merged as one edge type,"online_friend,online_enemy,offline_friend,offline_enemy",W2,W3,W2,54,21.0,0.526124488868696,6603,117,37759,0.6327024981074942,0.01101587873646101,0.6540594922755792,0.013251746136524896,0.6482060877843316,0.010077134874425114,0.660431654676259,0.023200741721722425,0.6882736111430345,0.012795369075802162,5.6,1.9595917942265424
w2_predict_w3,online_friend_only,online_friend only,only online_friend edges,online_friend,W2,W3,W2,54,21.0,0.526124488868696,6603,117,20312,0.6357305071915216,0.009051164377068965,0.6557563625054236,0.009624356323025328,0.6520561794329284,0.008085368988933183,0.659568345323741,0.012920831263679792,0.6843524030615763,0.011307783490944068,5.6,1.9595917942265424
w2_predict_w3,online_enemy_only,online_enemy only,only online_enemy edges,online_enemy,W2,W3,W2,54,21.0,0.526124488868696,6603,117,9412,0.6311884935654807,0.007711025936864096,0.6468639785813269,0.008748352779255357,0.6519513222710958,0.010082003747611153,0.6423021582733812,0.018168280998750633,0.679483531385754,0.011095558261821075,5.6,1.624807680927192
w2_predict_w3,offline_friend_only,offline_friend only,only offline_friend edges,offline_friend,W2,W3,W2,54,21.0,0.526124488868696,6603,117,21463,0.6307342922028766,0.007107763569602135,0.6514798412784877,0.008362427321035726,0.6469481669207053,0.005304468383316293,0.6561151079136691,0.011830103476888901,0.6838288091571472,0.009042972852604145,4.6,0.7999999999999999
w2_predict_w3,offline_enemy_only,offline_enemy only,only offline_enemy edges,offline_enemy,W2,W3,W2,54,21.0,0.526124488868696,6603,117,10585,0.6295230885692658,0.01278953040541584,0.6476592702687858,0.015438741694775347,0.6480989541983321,0.012405597712667115,0.647769784172662,0.026096769033104195,0.6796124761532626,0.01644554524140979,4.8,0.9797958971132712
w2_predict_w3,friend_only,friend only,online_friend + offline_friend,"online_friend,offline_friend",W2,W3,W2,54,21.0,0.526124488868696,6603,117,25458,0.6352763058289175,0.006157365452736634,0.6517235013346384,0.008855508125356373,0.6548793634659534,0.006738931729940763,0.6489208633093525,0.017645709026481594,0.6867699450663112,0.01227933865871332,6.4,1.9595917942265424
w2_predict_w3,enemy_only,enemy only,online_enemy + offline_enemy,"online_enemy,offline_enemy",W2,W3,W2,54,21.0,0.526124488868696,6603,117,12595,0.6272520817562452,0.012060830441577266,0.6426369740922873,0.01787325023946103,0.6479546239281662,0.008041506698560583,0.6379856115107914,0.03069304546986678,0.6779796354609603,0.015074124416840013,5.2,1.6
w2_predict_w3,online_only,online only,online_friend + online_enemy,"online_friend,online_enemy",W2,W3,W2,54,21.0,0.526124488868696,6603,117,29601,0.6349735049205147,0.009189396460556271,0.6558157091768791,0.011296010394627612,0.6505825578464013,0.007052226754484814,0.661294964028777,0.01789270970556526,0.6863906957501091,0.010185712922985245,5.6,1.9595917942265424
w2_predict_w3,offline_only,offline only,offline_friend + offline_enemy,"offline_friend,offline_enemy",W2,W3,W2,54,21.0,0.526124488868696,6603,117,31943,0.6290688872066617,0.01260357631386369,0.6515360849490826,0.014854925152982328,0.6439587600308097,0.010275219355772088,0.659568345323741,0.023014387364756497,0.6854639483301537,0.012985591135922698,5.6,1.9595917942265424
w2_self,baseline_untyped,Baseline (untyped),all four relations merged as one edge type,"online_friend,online_enemy,offline_friend,offline_enemy",W2,W2,W2,v55,17.0,0.5415720127214902,6603,117,37759,0.7209689629068887,0.010364021856245154,0.7401736286828393,0.010790616344791518,0.7467016987000914,0.01747610398416607,0.7348251748251748,0.02664840361133325,0.7884146876226085,0.008594053431662158,9.2,2.7856776554368237
w2_self,online_friend_only,online_friend only,only online_friend edges,online_friend,W2,W2,W2,v55,17.0,0.5415720127214902,6603,117,20312,0.7170325510976534,0.00801707936101361,0.7347557048942661,0.008950650054690434,0.7459798584675046,0.012980222134918699,0.7244755244755245,0.021044187830829692,0.7881862032357082,0.009353064496035169,9.0,2.756809750418044
w2_self,online_enemy_only,online_enemy only,only online_enemy edges,online_enemy,W2,W2,W2,v55,17.0,0.5415720127214902,6603,117,9412,0.7132475397426192,0.011915513925784112,0.7364260842976138,0.015481305470005521,0.7324249666225823,0.009389008864899562,0.7412587412587412,0.03137359416572854,0.7796750444275198,0.010773994289460456,6.8,0.7483314773547882
w2_self,offline_friend_only,offline_friend only,only offline_friend edges,offline_friend,W2,W2,W2,v55,17.0,0.5415720127214902,6603,117,21463,0.723996971990916,0.011213858705308827,0.7430522411335969,0.00999029763793358,0.7491843727549415,0.015032579205344159,0.7373426573426574,0.01499572045167017,0.7862147753236861,0.009899200301578783,7.0,1.6733200530681511
w2_self,offline_enemy_only,offline_enemy only,only offline_enemy edges,offline_enemy,W2,W2,W2,v55,17.0,0.5415720127214902,6603,117,10585,0.7120363361090083,0.019046393767520105,0.7331246998455031,0.02003088605087807,0.7351126820020151,0.015501564711057543,0.7314685314685314,0.02808369319834658,0.7794054790094392,0.013401076706689158,6.0,0.8944271909999159
w2_self,friend_only,friend only,online_friend + offline_friend,"online_friend,offline_friend",W2,W2,W2,v55,17.0,0.5415720127214902,6603,117,25458,0.719000757002271,0.010295230885692643,0.7358624008303994,0.011669549389801527,0.7491040017176094,0.012922185451813197,0.7236363636363636,0.02251009738599242,0.7897182025894895,0.009491727743040385,8.6,2.870540018881465
w2_self,enemy_only,enemy only,online_enemy + offline_enemy,"online_enemy,offline_enemy",W2,W2,W2,v55,17.0,0.5415720127214902,6603,117,12595,0.7156699470098411,0.01767304447389286,0.737902355383004,0.019255269098743998,0.7360096537963005,0.015372070369884605,0.7404195804195804,0.03108043511780891,0.7808954741628008,0.012130949772168055,6.6,1.2
w2_self,online_only,online only,online_friend + online_enemy,"online_friend,online_enemy",W2,W2,W2,v55,17.0,0.5415720127214902,6603,117,29601,0.7205147615442845,0.009592147804061852,0.7378909410106885,0.012560651793975022,0.749055458558872,0.008084623727701353,0.7275524475524475,0.024615384615384622,0.7882330540746383,0.007651832425191698,9.6,2.5768197453450252
w2_self,offline_only,offline only,offline_friend + offline_enemy,"offline_friend,offline_enemy",W2,W2,W2,v55,17.0,0.5415720127214902,6603,117,31943,0.720666161998486,0.00939415113246848,0.7405227730673027,0.00776601515113234,0.7451859561909964,0.01594015479368579,0.7365034965034964,0.01752665756399503,0.7860329109834061,0.008736313271330464,8.4,1.624807680927192
w3_self,baseline_untyped,Baseline (untyped),all four relations merged as one edge type,"online_friend,online_enemy,offline_friend,offline_enemy",W3,W3,W3,54,21.0,0.526124488868696,6603,119,35759,0.6837244511733535,0.01023941766474542,0.695482949286381,0.012079393688390965,0.7047485632120772,0.011430604276353735,0.6869064748201439,0.021718517714087133,0.7499855195715632,0.008374601347437886,9.8,2.481934729198171
w3_self,online_friend_only,online_friend only,only online_friend edges,online_friend,W3,W3,W3,54,21.0,0.526124488868696,6603,119,19543,0.6696442089326269,0.006308150387887866,0.6797680496008539,0.007678324650646081,0.6939458750030942,0.011947898717532575,0.6667625899280576,0.019317049147439883,0.7417289171857403,0.007342622433303102,10.0,2.5298221281347035
w3_self,online_enemy_only,online_enemy only,only online_enemy edges,online_enemy,W3,W3,W3,54,21.0,0.526124488868696,6603,119,10140,0.6769114307342922,0.006466057987604132,0.6861643409952085,0.008544329189227769,0.7018229090322765,0.009980856940580372,0.6716546762589928,0.01865849217547895,0.7430578987289402,0.009157598895296019,7.8,1.7204650534085255
w3_self,offline_friend_only,offline_friend only,only offline_friend edges,offline_friend,W3,W3,W3,54,21.0,0.526124488868696,6603,119,19972,0.6728236184708554,0.007059223755866625,0.6856612752100235,0.00849512492792943,0.6934812887500705,0.011289883660232721,0.6785611510791367,0.019445232698159575,0.7422826211873952,0.005222109130261228,9.8,2.6381811916545836
w3_self,offline_enemy_only,offline_enemy only,only offline_enemy edges,offline_enemy,W3,W3,W3,54,21.0,0.526124488868696,6603,119,10633,0.6775170325510975,0.0052007763928289714,0.6886376347418166,0.010726644407044768,0.699844447258565,0.008687124867087616,0.6785611510791367,0.025940814019538277,0.7427234697864712,0.009661399014788912,7.6,1.0198039027185568
w3_self,friend_only,friend only,online_friend + offline_friend,"online_friend,offline_friend",W3,W3,W3,54,21.0,0.526124488868696,6603,119,23700,0.6728236184708555,0.007916376358759348,0.6853320158762038,0.0029551260798299714,0.6942609086612107,0.01550944077797187,0.6771223021582733,0.011424134239585144,0.7423412324453537,0.00751070043269376,9.6,2.4166091947189146
w3_self,enemy_only,enemy only,online_enemy + offline_enemy,"online_enemy,offline_enemy",W3,W3,W3,54,21.0,0.526124488868696,6603,119,12518,0.679333838001514,0.010163019801264744,0.6907410499327982,0.010055605708838627,0.7013820765113876,0.013352941468989394,0.680863309352518,0.018140912244574925,0.742287447996874,0.01232912908449988,8.8,2.0396078054371136
w3_self,online_only,online only,online_friend + online_enemy,"online_friend,online_enemy",W3,W3,W3,54,21.0,0.526124488868696,6603,119,29438,0.6761544284632854,0.009151903866590413,0.6860135497768374,0.01292228128341894,0.700093062423542,0.009882934554338616,0.6730935251798561,0.025323741007194252,0.7474346656859816,0.006656287353324652,9.4,2.0591260281974
w3_self,offline_only,offline only,offline_friend + offline_enemy,"offline_friend,offline_enemy",W3,W3,W3,54,21.0,0.526124488868696,6603,119,30424,0.6746404239212718,0.01181893660031718,0.688426506733226,0.01455275788063085,0.6934704450678879,0.008801327767687859,0.6837410071942447,0.023154293743759918,0.7431250143655044,0.006625713335985911,8.0,2.449489742783178
