scenario,model_type,feature,coef_abs,relative_importance_pct,coef_direction
w2_predict_w2,ridge,v521,0.41277596878674133,6.585541701868483,negative
w2_predict_w2,ridge,v1,0.22819181649571155,3.6406352045509363,negative
w2_predict_w2,ridge,v54_2,0.18645587629869473,2.9747684985941625,positive
w2_predict_w2,ridge,v54_1,0.17537108833885515,2.797918732895695,positive
w2_predict_w2,ridge,v54_4,0.15692008230724033,2.503546291545061,negative
w2_predict_w2,ridge,v5_5,0.1270269958342277,2.0266237416587005,negative
w2_predict_w2,ridge,v25_6,0.12652098667576042,2.0185507319231575,negative
w2_predict_w2,ridge,v54_6,0.12651411534390955,2.0184411047988253,negative
w2_predict_w2,ridge,v28_6,0.12478058306336497,1.9907838524674533,positive
w2_predict_w2,ridge,v6_1,0.1214060520924315,1.9369456542345262,positive
w2_predict_w2,ridge,v42_14,0.11252733243761555,1.7952921109871998,negative
w2_predict_w2,ridge,v54_3,0.10693091745442536,1.7060053621459614,positive
w2_predict_w2,ridge,v34,0.10417725229000077,1.6620726283034306,positive
w2_predict_w2,ridge,v38,0.10402554514580993,1.659652250664983,positive
w2_predict_w2,ridge,v19_3,0.10229091784715663,1.6319775281125593,negative
w2_predict_w2,ridge,v54_12,0.09695752001871501,1.5468870275315934,negative
w2_predict_w2,ridge,v54_5,0.09585396350124423,1.529280582351333,negative
w2_predict_w2,ridge,v19_10,0.09428560735992024,1.5042585957215666,positive
w2_predict_w2,ridge,v54_8,0.09220061520242222,1.4709940555361716,negative
w2_predict_w2,ridge,v28_7,0.0912898301990146,1.4564631402820518,positive
w2_predict_w2,ridge,v54_20,0.08936188140283875,1.425704113215622,negative
w2_predict_w2,ridge,v49,0.08398942122052151,1.339990401062584,negative
w2_predict_w2,ridge,v19_9,0.08128527734252296,1.2968477434879313,positive
w2_predict_w2,ridge,v22_1,0.08059439783496156,1.285825261192305,positive
w2_predict_w2,ridge,v23_8,0.07829155329191997,1.2490850439366927,positive
w2_predict_w2,ridge,v54_10,0.07639348426323958,1.2188027269255064,negative
w2_predict_w2,ridge,v22_4,0.07516452174255879,1.1991955197671889,positive
w2_predict_w2,ridge,v28_10,0.07399276022967123,1.1805009132704811,positive
w2_predict_w2,ridge,v28_4,0.07346639466819166,1.172103131864408,positive
w2_predict_w2,ridge,v26_5,0.07322359851956395,1.1682294951153,positive
w2_predict_w2,ridge,v40,0.07133872970753015,1.1381577780027836,positive
w2_predict_w2,ridge,v26_4,0.07073520746501463,1.1285290176178868,positive
w2_predict_w2,ridge,v6_6,0.06900447214624249,1.100916388786388,positive
w2_predict_w2,ridge,v28_1,0.0681244918810483,1.0868769408255703,positive
w2_predict_w2,ridge,v26_2,0.06627520431397205,1.0573728967129161,positive
w2_predict_w2,ridge,v26_3,0.06267501352593478,0.9999344594923826,negative
w2_predict_w2,ridge,v25_13,0.06089303266901405,0.9715042452052572,positive
w2_predict_w2,ridge,v54_14,0.05938965458316196,0.9475189364016596,positive
w2_predict_w2,ridge,v27_3,0.058872892949751884,0.9392743787139859,negative
w2_predict_w2,ridge,v25_9,0.05836308674652156,0.9311407898785876,negative
w2_predict_w2,ridge,v42_03,0.05827209416962407,0.9296890691994981,negative
w2_predict_w2,ridge,v54_18,0.058214056951537696,0.9287631274081394,positive
w2_predict_w2,ridge,v25_4,0.055406390401009024,0.8839688405512885,negative
w2_predict_w2,ridge,v27_2,0.055331320811738915,0.8827711596103812,positive
w2_predict_w2,ridge,v19_7,0.05512130943002141,0.8794205800787461,negative
w2_predict_w2,ridge,v42_13,0.054693834004102694,0.8726005191818239,positive
w2_predict_w2,ridge,v42_09,0.05337807225510772,0.8516084931847712,positive
w2_predict_w2,ridge,v5_3,0.05246583198748627,0.8370543602438382,negative
w2_predict_w2,ridge,v23_2,0.052244043453094906,0.8335158847688154,positive
w2_predict_w2,ridge,v54_19,0.050403537425546464,0.8041519437608478,positive
w2_predict_w2,ridge,v23_5,0.050290203465354316,0.8023437824880948,negative
w2_predict_w2,ridge,v27_4,0.049490410135281285,0.7895836590159034,negative
w2_predict_w2,ridge,v25_8,0.04939660753882863,0.7880871065094719,negative
w2_predict_w2,ridge,v54_17,0.04831198054293127,0.7707826681395513,positive
w2_predict_w2,ridge,v2,0.04563210872008495,0.7280272536301018,negative
w2_predict_w2,ridge,v23_6,0.045540646564655604,0.7265680411655459,negative
w2_predict_w2,ridge,v25_10,0.044746404840740356,0.7138964895498314,positive
w2_predict_w2,ridge,v22_5,0.043031672089712286,0.6865391700996547,negative
w2_predict_w2,ridge,v25_14,0.04282004547191537,0.6831628206459223,positive
w2_predict_w2,ridge,v36,0.04242468024515782,0.6768550547264733,positive
w2_predict_w2,ridge,v6_3,0.0423454893527246,0.6755916213777249,negative
w2_predict_w2,ridge,v6_8,0.04225201050591763,0.6741002340624717,positive
w2_predict_w2,ridge,v19_6,0.04177581189139263,0.6665028299705038,negative
w2_predict_w2,ridge,v54_16,0.04089775830642087,0.6524941207975767,negative
w2_predict_w2,ridge,v3,0.04070075629941644,0.6493510964197461,negative
w2_predict_w2,ridge,v23_9,0.03914605314097454,0.6245469332461009,positive
w2_predict_w2,ridge,v54_11,0.03711362390513439,0.5921209964163405,negative
w2_predict_w2,ridge,v19_2,0.032830544643721114,0.5237875680645125,negative
w2_predict_w2,ridge,v25_7,0.029501584012804245,0.4706764116102765,positive
w2_predict_w2,ridge,v19_8,0.02882528465474044,0.45988654504278476,positive
w2_predict_w2,ridge,v42_10,0.02848323765091826,0.4544294327639594,negative
w2_predict_w2,ridge,v19_1,0.027531295844047517,0.4392418905111347,positive
w2_predict_w2,ridge,v23_3,0.027102176233160878,0.43239559783355985,negative
w2_predict_w2,ridge,v28_5,0.02707366911337462,0.431940787378619,negative
w2_predict_w2,ridge,v25_11,0.02696176594410164,0.4301554533389835,positive
w2_predict_w2,ridge,v28_3,0.02592485517597973,0.41361229283316625,negative
w2_predict_w2,ridge,v42_04,0.024376163852004886,0.38890404412543317,positive
w2_predict_w2,ridge,v6_7,0.02435577303189225,0.3885787233549877,positive
w2_predict_w2,ridge,v6_9,0.024175523718786826,0.38570297607813453,negative
w2_predict_w2,ridge,v6_10,0.023896902843633466,0.3812577817570438,positive
w2_predict_w2,ridge,v42_02,0.023417279425974716,0.373605737410886,positive
w2_predict_w2,ridge,v54_13,0.022744821194773623,0.3628771532412308,negative
w2_predict_w2,ridge,v28_9,0.021868141800627156,0.34889036828790626,negative
w2_predict_w2,ridge,v54_9,0.021356263436404423,0.3407237196242709,positive
w2_predict_w2,ridge,v25_3,0.021051332842353696,0.3358587727883419,positive
w2_predict_w2,ridge,v22_2,0.02092693489472234,0.33387409360713594,negative
w2_predict_w2,ridge,v5_4,0.020158555380485037,0.32161515482069336,negative
w2_predict_w2,ridge,v26_6,0.017670351822541265,0.28191766869586016,positive
w2_predict_w2,ridge,v42_06,0.01707576192547137,0.27243141741487414,positive
w2_predict_w2,ridge,v25_5,0.016914333341139842,0.2698559412380182,negative
w2_predict_w2,ridge,v19_4,0.015640654325153942,0.24953531477513538,negative
w2_predict_w2,ridge,v6_2,0.015311114903297689,0.2442777519101683,negative
w2_predict_w2,ridge,v54_15,0.014977011781154336,0.23894737851157477,positive
w2_predict_w2,ridge,v42_01,0.01473884497847855,0.2351475996251435,negative
w2_predict_w2,ridge,v26_1,0.013491947499006852,0.21525425318554495,negative
w2_predict_w2,ridge,v25_1,0.013050975101545324,0.2082188578804559,positive
w2_predict_w2,ridge,v22_6,0.012889866836328194,0.20564849216313566,positive
w2_predict_w2,ridge,v22_3,0.011422312288446678,0.18223472196898546,positive
w2_predict_w2,ridge,v28_8,0.011415593172238107,0.18212752333501145,negative
w2_predict_w2,ridge,v42_05,0.00964845932086774,0.1539341822711195,negative
w2_predict_w2,ridge,v27_1,0.0076547863481007325,0.12212657355630964,negative
w2_predict_w2,ridge,v6_5,0.006739133515905004,0.10751799561854126,positive
w2_predict_w2,ridge,v54_7,0.006305986558635055,0.10060744954551533,positive
w2_predict_w2,ridge,v28_2,0.005780698521003095,0.09222685925222436,positive
w2_predict_w2,ridge,v42_08,0.005068213247652468,0.08085967260759226,negative
w2_predict_w2,ridge,v25_2,0.004786178282392118,0.07636000895089655,negative
w2_predict_w2,ridge,v23_1,0.004671977820527154,0.07453802327136462,positive
w2_predict_w2,ridge,v6_4,0.0043431976723408644,0.0692925740680319,negative
w2_predict_w2,ridge,v5_1,0.004272241617974341,0.06816052159800981,positive
w2_predict_w2,ridge,v42_12,0.0040184293566655925,0.064111130747551,positive
w2_predict_w2,ridge,v19_5,0.00359300348208488,0.05732376895820076,positive
w2_predict_w2,ridge,v42_07,0.0033660881165698594,0.053703498604802474,positive
w2_predict_w2,ridge,v5_6,0.002730827118748294,0.04356836936018817,negative
w2_predict_w2,ridge,v25_15,0.0025463406035940665,0.04062502059269184,positive
w2_predict_w2,ridge,v42_11,0.0021776629301377103,0.034743035262414367,negative
w2_predict_w2,ridge,v5_2,0.001726735361073958,0.02754881240268739,positive
w2_predict_w2,ridge,v23_7,0.0010548605634039027,0.016829536492571177,negative
w2_predict_w2,ridge,v25_12,0.0006999089628041171,0.011166540716035222,negative
w2_predict_w2,ridge,v23_4,0.0001816545646560871,0.0028981670478386923,positive
w2_predict_w2,lasso,v521,0.5431616518389634,9.435723112737639,negative
w2_predict_w2,lasso,v1,0.284481037551868,4.941962106631897,negative
w2_predict_w2,lasso,v54_2,0.23790037142841117,4.132769729998272,positive
w2_predict_w2,lasso,v54_4,0.20698472960926934,3.595707816532258,negative
w2_predict_w2,lasso,v54_1,0.20448316316170442,3.552250977730362,positive
w2_predict_w2,lasso,v5_5,0.16458603907924502,2.8591640954696897,negative
w2_predict_w2,lasso,v25_6,0.1634657291530281,2.8397022387122313,negative
w2_predict_w2,lasso,v54_6,0.15478436985556854,2.688890961267142,negative
w2_predict_w2,lasso,v42_14,0.14874800944278038,2.5840282095045297,negative
w2_predict_w2,lasso,v28_6,0.14636584173052392,2.5426455477042085,positive
w2_predict_w2,lasso,v6_1,0.1403926793502804,2.438880662726451,positive
w2_predict_w2,lasso,v19_3,0.12860382835525386,2.2340865035110813,negative
w2_predict_w2,lasso,v34,0.12096656255222579,2.1014130623508462,positive
w2_predict_w2,lasso,v38,0.11774978076730985,2.045531609501955,positive
w2_predict_w2,lasso,v54_12,0.11316895124302662,1.9659541229996402,negative
w2_predict_w2,lasso,v19_10,0.11183086076968254,1.9427090150957227,positive
w2_predict_w2,lasso,v54_3,0.10718713476187436,1.8620389002730966,positive
w2_predict_w2,lasso,v54_10,0.09927497913925323,1.7245901142124826,negative
w2_predict_w2,lasso,v54_20,0.09573935218910329,1.663169730761998,negative
w2_predict_w2,lasso,v28_7,0.08440282958427464,1.4662333528010436,positive
w2_predict_w2,lasso,v26_5,0.08283373239140923,1.4389752306587213,positive
w2_predict_w2,lasso,v23_8,0.08146639953317189,1.4152221284108095,positive
w2_predict_w2,lasso,v49,0.08022214204327507,1.393607073084523,negative
w2_predict_w2,lasso,v54_8,0.07793424994157802,1.3538621531139334,negative
w2_predict_w2,lasso,v26_4,0.07571837325830691,1.3153682742391477,positive
w2_predict_w2,lasso,v19_9,0.07569006613023355,1.3148765270369793,positive
w2_predict_w2,lasso,v40,0.0721469552964023,1.2533261346766502,positive
w2_predict_w2,lasso,v22_1,0.07029819513195723,1.2212097491503486,positive
w2_predict_w2,lasso,v22_4,0.06851840850418037,1.1902915616041583,positive
w2_predict_w2,lasso,v25_13,0.06803252771420706,1.181850913070772,positive
w2_predict_w2,lasso,v54_5,0.06745592536477144,1.1718342631526335,negative
w2_predict_w2,lasso,v6_6,0.0644450706756329,1.11953014506327,positive
w2_predict_w2,lasso,v54_18,0.061413010947092804,1.066857656195685,positive
w2_predict_w2,lasso,v27_3,0.05962405289595559,1.035780144052324,negative
w2_predict_w2,lasso,v26_3,0.059439000993028505,1.032565450025981,negative
w2_predict_w2,lasso,v26_2,0.059295149282932676,1.0300664795976335,positive
w2_predict_w2,lasso,v42_03,0.055964895125740724,0.9722138016408637,negative
w2_predict_w2,lasso,v19_7,0.05496665075063841,0.9548724494109645,negative
w2_predict_w2,lasso,v28_10,0.052533010809599774,0.9125956197378937,positive
w2_predict_w2,lasso,v28_4,0.0524088376791026,0.9104385026559967,positive
w2_predict_w2,lasso,v23_5,0.05125944571496592,0.890471437078225,negative
w2_predict_w2,lasso,v54_14,0.04954630025068571,0.8607109298736719,positive
w2_predict_w2,lasso,v28_1,0.04817833961931426,0.8369469220446111,positive
w2_predict_w2,lasso,v25_9,0.04721999636861653,0.8202987261899714,negative
w2_predict_w2,lasso,v42_13,0.04584294930663665,0.796376870245135,positive
w2_predict_w2,lasso,v23_6,0.042638946369294,0.7407174096281942,negative
w2_predict_w2,lasso,v25_10,0.042121635072001444,0.7317307550147516,positive
w2_predict_w2,lasso,v54_19,0.04123711004969093,0.7163649184013736,positive
w2_predict_w2,lasso,v27_4,0.04017643491095593,0.697939028267592,negative
w2_predict_w2,lasso,v2,0.03901266413951952,0.677722176196403,negative
w2_predict_w2,lasso,v54_17,0.0387069324998457,0.6724110518027744,positive
w2_predict_w2,lasso,v5_3,0.03463345705597119,0.6016472446289729,negative
w2_predict_w2,lasso,v27_2,0.03395667672790752,0.5898903178243357,positive
w2_predict_w2,lasso,v19_6,0.03320543016207727,0.5768397746562571,negative
w2_predict_w2,lasso,v25_14,0.033073530656011624,0.5745484361316602,positive
w2_predict_w2,lasso,v25_8,0.03066911395586502,0.532779268235853,negative
w2_predict_w2,lasso,v42_09,0.030513479800919313,0.5300756149348869,positive
w2_predict_w2,lasso,v6_8,0.030287542830715393,0.5261506716246269,positive
w2_predict_w2,lasso,v23_2,0.02933249954827397,0.509559802325796,positive
w2_predict_w2,lasso,v3,0.027375485688621765,0.47556284977042135,negative
w2_predict_w2,lasso,v6_3,0.025562951713277552,0.4440757801920112,negative
w2_predict_w2,lasso,v19_8,0.025502501348697696,0.4430256454847682,positive
w2_predict_w2,lasso,v36,0.024680690432417555,0.4287492689570975,positive
w2_predict_w2,lasso,v25_4,0.02161343165615007,0.3754653074881918,negative
w2_predict_w2,lasso,v28_5,0.021400189504436947,0.37176089666920786,negative
w2_predict_w2,lasso,v23_9,0.02127714038112794,0.36962330567235097,positive
w2_predict_w2,lasso,v22_5,0.015709759498591578,0.2729075962828803,negative
w2_predict_w2,lasso,v25_3,0.015570290919325071,0.2704847689488257,positive
w2_predict_w2,lasso,v42_01,0.014394855313003227,0.25006527710775944,negative
w2_predict_w2,lasso,v25_7,0.014263680866597909,0.2477865342113184,positive
w2_predict_w2,lasso,v19_1,0.014253284227649656,0.24760592535189932,positive
w2_predict_w2,lasso,v54_11,0.013374207737306033,0.2323347398222942,negative
w2_predict_w2,lasso,v54_9,0.010354348474006703,0.1798741956151409,positive
w2_predict_w2,lasso,v25_11,0.008862121406201507,0.1539514498073851,positive
w2_predict_w2,lasso,v6_10,0.006799151970937496,0.11811385281340012,positive
w2_predict_w2,lasso,v6_9,0.004881458881411971,0.08479997480542543,negative
w2_predict_w2,lasso,v28_9,0.0036238435855778166,0.0629528696689367,negative
w2_predict_w2,lasso,v23_3,0.0031800101025229698,0.055242660672980025,negative
w2_predict_w2,lasso,v54_16,0.002828537616456934,0.04913693312569012,negative
w2_predict_w2,lasso,v28_8,0.0019553505599980256,0.03396805796214045,negative
w2_predict_w2,lasso,v28_3,0.0019289041087163514,0.03350863415936733,negative
w2_predict_w2,lasso,v42_04,0.0007498333620810686,0.013025993203562484,positive
w2_predict_w2,lasso,v42_11,0.0,0.0,positive
w2_predict_w2,lasso,v42_02,0.0,0.0,positive
w2_predict_w2,lasso,v27_1,0.0,0.0,positive
w2_predict_w2,lasso,v42_06,0.0,0.0,positive
w2_predict_w2,lasso,v42_05,0.0,0.0,positive
w2_predict_w2,lasso,v25_5,0.0,0.0,positive
w2_predict_w2,lasso,v25_1,0.0,0.0,positive
w2_predict_w2,lasso,v25_2,0.0,0.0,positive
w2_predict_w2,lasso,v5_1,0.0,0.0,positive
w2_predict_w2,lasso,v5_2,0.0,0.0,positive
w2_predict_w2,lasso,v5_4,0.0,0.0,positive
w2_predict_w2,lasso,v5_6,0.0,0.0,positive
w2_predict_w2,lasso,v28_2,0.0,0.0,positive
w2_predict_w2,lasso,v6_7,0.0,0.0,positive
w2_predict_w2,lasso,v42_10,0.0,0.0,positive
w2_predict_w2,lasso,v42_08,0.0,0.0,positive
w2_predict_w2,lasso,v42_07,0.0,0.0,positive
w2_predict_w2,lasso,v42_12,0.0,0.0,positive
w2_predict_w2,lasso,v6_2,0.0,0.0,positive
w2_predict_w2,lasso,v6_4,0.0,0.0,positive
w2_predict_w2,lasso,v6_5,0.0,0.0,positive
w2_predict_w2,lasso,v26_1,0.0,0.0,positive
w2_predict_w2,lasso,v23_7,0.0,0.0,positive
w2_predict_w2,lasso,v23_1,0.0,0.0,positive
w2_predict_w2,lasso,v23_4,0.0,0.0,positive
w2_predict_w2,lasso,v25_15,0.0,0.0,positive
w2_predict_w2,lasso,v19_2,0.0,0.0,positive
w2_predict_w2,lasso,v19_4,0.0,0.0,positive
w2_predict_w2,lasso,v19_5,0.0,0.0,positive
w2_predict_w2,lasso,v25_12,0.0,0.0,positive
w2_predict_w2,lasso,v26_6,0.0,0.0,positive
w2_predict_w2,lasso,v54_7,0.0,0.0,positive
w2_predict_w2,lasso,v54_15,0.0,0.0,positive
w2_predict_w2,lasso,v54_13,0.0,0.0,positive
w2_predict_w2,lasso,v22_2,0.0,0.0,positive
w2_predict_w2,lasso,v22_3,0.0,0.0,positive
w2_predict_w2,lasso,v22_6,0.0,0.0,positive
w3_predict_w3,ridge,51,0.5117131205205864,7.653835471331837,negative
w3_predict_w3,ridge,53-4,0.1984358509398604,2.968060215384528,negative
w3_predict_w3,ridge,1,0.17431723510985828,2.6073113700719537,positive
w3_predict_w3,ridge,30,0.1630566489979218,2.4388836515803014,positive
w3_predict_w3,ridge,53-12,0.15849327297487434,2.370627967147796,negative
w3_predict_w3,ridge,27-2,0.15073378985305175,2.2545672198748186,positive
w3_predict_w3,ridge,5-1,0.14609490169013709,2.1851820793633996,positive
w3_predict_w3,ridge,5-6,0.14440532103142367,2.159910551511659,positive
w3_predict_w3,ridge,53-5,0.14146981328099742,2.1160033456074516,negative
w3_predict_w3,ridge,53-2,0.13879100137429767,2.075935610835152,positive
w3_predict_w3,ridge,53-14,0.1251648399120426,1.8721253238684983,positive
w3_predict_w3,ridge,59,0.11176239961877743,1.671661296652152,positive
w3_predict_w3,ridge,53-8,0.11062556073857828,1.6546572813210516,negative
w3_predict_w3,ridge,39_13,0.10256179429515803,1.534045283773683,negative
w3_predict_w3,ridge,26-13,0.1004102410497774,1.50186390345027,positive
w3_predict_w3,ridge,24-1,0.09942776590577063,1.4871687494560737,positive
w3_predict_w3,ridge,32,0.09782366206014273,1.4631757220721437,positive
w3_predict_w3,ridge,24-7,0.09751606837932827,1.4585749578342049,positive
w3_predict_w3,ridge,48,0.09741379484328927,1.4570452241093446,negative
w3_predict_w3,ridge,25-2,0.0968854279213098,1.4491422930975097,positive
w3_predict_w3,ridge,29-6,0.09638235852786434,1.4416177442562037,positive
w3_predict_w3,ridge,39_1,0.09094301521177274,1.3602599733804055,positive
w3_predict_w3,ridge,53-17,0.09040292156627114,1.3521816425031834,positive
w3_predict_w3,ridge,24-2,0.08795271499790623,1.3155332213605657,negative
w3_predict_w3,ridge,53-6,0.08631417354426624,1.2910251010951348,negative
w3_predict_w3,ridge,34,0.08550733582089728,1.278957004853148,positive
w3_predict_w3,ridge,26-11,0.08516189868465582,1.273790205526622,positive
w3_predict_w3,ridge,29-3,0.08440270213410854,1.2624346915574278,positive
w3_predict_w3,ridge,24-4,0.08226979528400763,1.2305322105545153,positive
w3_predict_w3,ridge,53-3,0.0800202911522666,1.1968857515797853,positive
w3_predict_w3,ridge,27-6,0.0756669002589377,1.1317708731376694,positive
w3_predict_w3,ridge,4-5,0.07069426613229621,1.0573938014188045,negative
w3_predict_w3,ridge,27-1,0.07064214607164372,1.05661422717497,negative
w3_predict_w3,ridge,5-9,0.07013664293652443,1.0490532761825286,negative
w3_predict_w3,ridge,53-1,0.06741423807551054,1.0083335094676236,positive
w3_predict_w3,ridge,4-2,0.06583146511009322,0.9846595339919668,positive
w3_predict_w3,ridge,4-4,0.0637852845740714,0.9540542425907615,negative
w3_predict_w3,ridge,29-8,0.06149237689487327,0.9197585846844684,negative
w3_predict_w3,ridge,27-3,0.06132509575234957,0.9172565141082238,negative
w3_predict_w3,ridge,29-10,0.05912688759967088,0.8843773033597745,positive
w3_predict_w3,ridge,27-4,0.057830557337687535,0.8649877310704515,negative
w3_predict_w3,ridge,53-15,0.05699666032188869,0.8525149014653286,positive
w3_predict_w3,ridge,53-10,0.056255780542552536,0.8414333565377593,negative
w3_predict_w3,ridge,53-16,0.05473891719850477,0.8187452096010057,negative
w3_predict_w3,ridge,39_11,0.05391197130794789,0.8063763499095103,positive
w3_predict_w3,ridge,11-8,0.05381578598611334,0.8049376792978797,positive
w3_predict_w3,ridge,25-6,0.053040478182731776,0.7933411848388648,positive
w3_predict_w3,ridge,28-4,0.05287338494679902,0.7908419248337654,negative
w3_predict_w3,ridge,11-7,0.05226650437806456,0.7817646433696585,negative
w3_predict_w3,ridge,24-5,0.05219943149496338,0.7807614156014863,negative
w3_predict_w3,ridge,53-18,0.05181478393518827,0.7750081350641944,positive
w3_predict_w3,ridge,25-7,0.05034546791547708,0.7530311666823388,positive
w3_predict_w3,ridge,39_7,0.05022378956961292,0.7512111898196766,negative
w3_predict_w3,ridge,26-14,0.04954133318815957,0.7410034999041036,positive
w3_predict_w3,ridge,53-19,0.049096468318827705,0.7343495323189503,positive
w3_predict_w3,ridge,29-5,0.04854664273003104,0.7261256380590247,positive
w3_predict_w3,ridge,26-8,0.04839736485356549,0.7238928473406341,negative
w3_predict_w3,ridge,26-9,0.04614584748506264,0.6902162758236965,negative
w3_predict_w3,ridge,26-7,0.04425056576497349,0.6618680199833392,positive
w3_predict_w3,ridge,5-8,0.042446301151970754,0.6348811323291392,positive
w3_predict_w3,ridge,26-6,0.04106910820057676,0.6142820743031814,negative
w3_predict_w3,ridge,28-2,0.04061021306007546,0.6074182520497722,positive
w3_predict_w3,ridge,53-20,0.03972195248351472,0.5941322915456723,negative
w3_predict_w3,ridge,53-7,0.03764951222636256,0.563134226191651,negative
w3_predict_w3,ridge,28-3,0.037333247460169944,0.5584037661179384,positive
w3_predict_w3,ridge,25-9,0.0369478907601418,0.5526398787726419,positive
w3_predict_w3,ridge,11-2,0.035884088838519415,0.5367282975454476,negative
w3_predict_w3,ridge,39_8,0.035864186750347755,0.5364306164771043,positive
w3_predict_w3,ridge,53-9,0.034840490862521105,0.5211189123524709,positive
w3_predict_w3,ridge,11-6,0.03449707220051775,0.5159823039065421,negative
w3_predict_w3,ridge,26-2,0.0342208900513532,0.5118513706842831,negative
w3_predict_w3,ridge,29-7,0.03393194052606566,0.5075294722662391,positive
w3_predict_w3,ridge,27-5,0.03344804467476881,0.5002917074277721,positive
w3_predict_w3,ridge,39_4,0.03145338721231153,0.47045706096848106,negative
w3_predict_w3,ridge,25-5,0.031089670677985463,0.4650168516005785,negative
w3_predict_w3,ridge,29-9,0.03042591505535946,0.45508887413620847,positive
w3_predict_w3,ridge,39_3,0.02965313017457449,0.4435301157321957,negative
w3_predict_w3,ridge,5-3,0.029636892259957557,0.44328724072686243,negative
w3_predict_w3,ridge,39_5,0.028735495117869058,0.42980479295836405,positive
w3_predict_w3,ridge,11-5,0.027943780641815335,0.41796289933284564,positive
w3_predict_w3,ridge,11-3,0.02691128904440325,0.4025196353335072,positive
w3_predict_w3,ridge,39_9,0.025791839238048515,0.38577571321648824,positive
w3_predict_w3,ridge,5-7,0.025546708213671145,0.38210922030421995,positive
w3_predict_w3,ridge,4-1,0.025220891739264697,0.37723589267404434,positive
w3_predict_w3,ridge,53-11,0.02476890900311862,0.3704754611751899,negative
w3_predict_w3,ridge,26-4,0.02436276234409149,0.36440061263063384,negative
w3_predict_w3,ridge,29-1,0.023874008222350498,0.3570901812898561,negative
w3_predict_w3,ridge,26-12,0.020369061848556025,0.3046657235124738,positive
w3_predict_w3,ridge,39_12,0.020001378999828717,0.2991661888768826,negative
w3_predict_w3,ridge,25-8,0.0184538571465336,0.27601947408996935,positive
w3_predict_w3,ridge,26-1,0.017633144867957612,0.26374385226668695,negative
w3_predict_w3,ridge,5-4,0.017074322330192737,0.2553853881386357,negative
w3_predict_w3,ridge,24-3,0.01676239362450567,0.25071978372793496,positive
w3_predict_w3,ridge,39_2,0.016451939106274318,0.24607622914903932,negative
w3_predict_w3,ridge,25-0,0.015561331401159456,0.23275516199032584,negative
w3_predict_w3,ridge,29-4,0.01482230388295863,0.22170132184774488,negative
w3_predict_w3,ridge,28-1,0.012724181548470374,0.19031912251980382,positive
w3_predict_w3,ridge,26-15,0.012431205184144905,0.18593699355024593,positive
w3_predict_w3,ridge,5-5,0.01190193262422608,0.1780205166598584,positive
w3_predict_w3,ridge,4-6,0.011346513679299767,0.16971296101656766,positive
w3_predict_w3,ridge,53-13,0.010051313407346727,0.15034029030242285,negative
w3_predict_w3,ridge,29-2,0.010001930554409311,0.14960165723570876,positive
w3_predict_w3,ridge,36,0.008534435226970831,0.12765192145458273,negative
w3_predict_w3,ridge,39_10,0.00812455784862341,0.12152127150349207,negative
w3_predict_w3,ridge,26-3,0.007588887478260088,0.11350910078280146,negative
w3_predict_w3,ridge,25-3,0.006717636359762846,0.10047755547396187,negative
w3_predict_w3,ridge,26-5,0.006567547635991417,0.09823263668688831,negative
w3_predict_w3,ridge,5-2,0.00637194909263004,0.0953070148701229,negative
w3_predict_w3,ridge,26-10,0.006209430003403131,0.09287617164955432,positive
w3_predict_w3,ridge,11-4,0.004782412809163263,0.0715318785652535,positive
w3_predict_w3,ridge,4-3,0.003114824053504865,0.04658928972432719,negative
w3_predict_w3,ridge,25-1,0.003039555754285631,0.04546348083780711,negative
w3_predict_w3,ridge,5-10,0.0028743862409282115,0.04299299448633046,negative
w3_predict_w3,ridge,11-1,0.002486987860049382,0.03719856915267787,positive
w3_predict_w3,ridge,39_6,0.002053716694458379,0.03071801181904527,negative
w3_predict_w3,ridge,24-6,0.0016436824471613735,0.024585015535444187,positive
w3_predict_w3,ridge,25-4,0.001265199169134434,0.01892393587479085,positive
w3_predict_w3,lasso,51,0.6167288489887085,9.56312265014465,negative
w3_predict_w3,lasso,53-4,0.25751171252231175,3.9930288565838508,negative
w3_predict_w3,lasso,53-12,0.1961361627674602,3.041327130633867,negative
w3_predict_w3,lasso,27-2,0.19064693272072372,2.956210015911768,positive
w3_predict_w3,lasso,1,0.18600031112599652,2.8841585587891574,positive
w3_predict_w3,lasso,30,0.18226367751527794,2.826217559958715,positive
w3_predict_w3,lasso,53-2,0.18074063261406406,2.8026009167355723,positive
w3_predict_w3,lasso,5-6,0.16650148716848778,2.5818058387161433,positive
w3_predict_w3,lasso,5-1,0.15891340402968177,2.4641434821474704,positive
w3_predict_w3,lasso,53-14,0.15131056241563962,2.3462522776676877,positive
w3_predict_w3,lasso,53-5,0.15023310585127705,2.3295450175936723,negative
w3_predict_w3,lasso,53-8,0.12593813004542567,1.952822193949813,negative
w3_predict_w3,lasso,26-13,0.12094794291987997,1.8754433400061084,positive
w3_predict_w3,lasso,59,0.11326278527517387,1.7562757264551379,positive
w3_predict_w3,lasso,24-1,0.1126128378826342,1.7461975103295415,positive
w3_predict_w3,lasso,24-7,0.1101479694126704,1.7079767597786462,positive
w3_predict_w3,lasso,29-6,0.1069356926376764,1.6581665444208735,positive
w3_predict_w3,lasso,26-11,0.10692897625751366,1.6580623988674972,positive
w3_predict_w3,lasso,53-17,0.104891472756818,1.626468456230952,positive
w3_predict_w3,lasso,24-2,0.10435496566903762,1.6181492684849454,negative
w3_predict_w3,lasso,39_13,0.10079027176340752,1.5628744016035552,negative
w3_predict_w3,lasso,25-2,0.09920259334209378,1.538255537905338,positive
w3_predict_w3,lasso,39_1,0.09754894542271707,1.5126137377867166,positive
w3_predict_w3,lasso,48,0.09699322990462361,1.5039967002234005,negative
w3_predict_w3,lasso,32,0.09446477075051006,1.4647898996232365,positive
w3_predict_w3,lasso,29-3,0.09256635085717035,1.4353526156186827,positive
w3_predict_w3,lasso,27-1,0.0895950955048884,1.389279727338259,negative
w3_predict_w3,lasso,24-4,0.08441081036194803,1.3088911501595561,positive
w3_predict_w3,lasso,27-6,0.07840719448885658,1.2157978644589225,positive
w3_predict_w3,lasso,4-2,0.07803185763221476,1.2099778150140632,positive
w3_predict_w3,lasso,53-3,0.07267652897395042,1.1269370023866097,positive
w3_predict_w3,lasso,34,0.07249892320508872,1.1241830113031976,positive
w3_predict_w3,lasso,5-9,0.07240862073583677,1.1227827628950307,negative
w3_predict_w3,lasso,4-5,0.06170839297045973,0.9568628603761564,negative
w3_predict_w3,lasso,27-3,0.05995745838381519,0.9297125134580272,negative
w3_predict_w3,lasso,4-4,0.058847253583109826,0.912497452587542,negative
w3_predict_w3,lasso,11-7,0.05609035190657202,0.869748375889813,negative
w3_predict_w3,lasso,27-4,0.05473548724887972,0.8487395696419722,negative
w3_predict_w3,lasso,29-10,0.053804843295492996,0.834308815698085,positive
w3_predict_w3,lasso,53-10,0.05367812984302889,0.8323439711974192,negative
w3_predict_w3,lasso,29-8,0.05335333829126321,0.8273076875042544,negative
w3_predict_w3,lasso,39_11,0.05294338588011478,0.8209508822486491,positive
w3_predict_w3,lasso,53-6,0.05290079244450792,0.8202904197950645,negative
w3_predict_w3,lasso,25-7,0.04926698917818664,0.7639439291463631,positive
w3_predict_w3,lasso,24-5,0.04895562773696113,0.7591158954718432,negative
w3_predict_w3,lasso,25-6,0.04861543697545509,0.7538408285083583,positive
w3_predict_w3,lasso,26-6,0.04811016154770427,0.7460059252188354,negative
w3_predict_w3,lasso,39_7,0.04735998676502659,0.7343735628483122,negative
w3_predict_w3,lasso,11-8,0.0470729095089053,0.7299220846746277,positive
w3_predict_w3,lasso,26-14,0.04613694658055409,0.715408853625864,positive
w3_predict_w3,lasso,53-16,0.045473108320284214,0.7051152428871588,negative
w3_predict_w3,lasso,26-2,0.04465518553970864,0.692432366316981,negative
w3_predict_w3,lasso,53-1,0.04446667898547514,0.6895093454441176,positive
w3_predict_w3,lasso,53-15,0.04217352136982863,0.6539511782357885,positive
w3_predict_w3,lasso,26-8,0.04171396659903559,0.6468252287285465,negative
w3_predict_w3,lasso,28-3,0.040661605713499374,0.6305071073416517,positive
w3_predict_w3,lasso,28-4,0.038957799359921316,0.6040875403665045,negative
w3_predict_w3,lasso,53-18,0.03807995338322673,0.5904754825604975,positive
w3_predict_w3,lasso,26-9,0.037508312707294184,0.5816115062689416,negative
w3_predict_w3,lasso,53-19,0.03631448818395809,0.5630998210151478,positive
w3_predict_w3,lasso,25-9,0.034583111400902325,0.5362527413672191,positive
w3_predict_w3,lasso,28-2,0.03452228989751539,0.5353096307966513,positive
w3_predict_w3,lasso,5-8,0.03445619704709428,0.5342847816495566,positive
w3_predict_w3,lasso,39_3,0.031663770546336636,0.49098484982044166,negative
w3_predict_w3,lasso,53-9,0.029967703781008232,0.46468529447084816,positive
w3_predict_w3,lasso,29-5,0.029862179450966708,0.46304901280117083,positive
w3_predict_w3,lasso,26-7,0.02979994134720192,0.4620839361377537,positive
w3_predict_w3,lasso,39_8,0.02687394773665459,0.41671288560705927,positive
w3_predict_w3,lasso,11-5,0.025928629162952327,0.40205458402347305,positive
w3_predict_w3,lasso,39_4,0.02299601879311566,0.3565809326808753,negative
w3_predict_w3,lasso,5-3,0.022993148798253187,0.35653642995829293,negative
w3_predict_w3,lasso,11-2,0.02275854917314758,0.35289868057743984,negative
w3_predict_w3,lasso,29-9,0.022459806021974164,0.3482663086683801,positive
w3_predict_w3,lasso,53-20,0.021404607572054035,0.3319041874324827,negative
w3_predict_w3,lasso,11-3,0.01868940403045092,0.28980169047448306,positive
w3_predict_w3,lasso,39_5,0.018354446520327614,0.2846077713686251,positive
w3_predict_w3,lasso,25-5,0.017250717695207723,0.26749312828936994,negative
w3_predict_w3,lasso,29-7,0.015024280080959346,0.23296953495841732,positive
w3_predict_w3,lasso,4-1,0.014662295891370655,0.22735653467778144,positive
w3_predict_w3,lasso,26-1,0.013721677813221282,0.21277111993184258,negative
w3_predict_w3,lasso,11-6,0.011556584152436107,0.1791987383883316,negative
w3_predict_w3,lasso,25-0,0.008502781275222821,0.13184585143964606,negative
w3_predict_w3,lasso,39_12,0.008398811714243894,0.13023367833447422,negative
w3_predict_w3,lasso,53-7,0.008138080349765915,0.12619072490148486,negative
w3_predict_w3,lasso,26-4,0.007974285791626038,0.12365089325344959,negative
w3_predict_w3,lasso,27-5,0.007712855674010695,0.11959710481255399,positive
w3_predict_w3,lasso,39_9,0.007135342787916203,0.11064207283891309,positive
w3_predict_w3,lasso,29-1,0.005995370022952374,0.09296542387551553,negative
w3_predict_w3,lasso,39_2,0.004282100764153406,0.06639912317224339,negative
w3_predict_w3,lasso,5-4,0.003886063975066655,0.06025809637543238,negative
w3_predict_w3,lasso,5-7,0.00358626883790518,0.055609412158222016,positive
w3_predict_w3,lasso,53-11,0.003171070021092668,0.049171255072034396,negative
w3_predict_w3,lasso,36,0.002250885594723868,0.034902688676044465,negative
w3_predict_w3,lasso,25-8,0.0022299450858289287,0.03457798089685248,positive
w3_predict_w3,lasso,39_10,9.401033543760094e-05,0.0014577433334685434,negative
w3_predict_w3,lasso,5-2,0.0,0.0,positive
w3_predict_w3,lasso,28-1,0.0,0.0,positive
w3_predict_w3,lasso,39_6,0.0,0.0,positive
w3_predict_w3,lasso,5-5,0.0,0.0,positive
w3_predict_w3,lasso,4-6,0.0,0.0,positive
w3_predict_w3,lasso,4-3,0.0,0.0,positive
w3_predict_w3,lasso,26-5,0.0,0.0,positive
w3_predict_w3,lasso,26-3,0.0,0.0,positive
w3_predict_w3,lasso,29-4,0.0,0.0,positive
w3_predict_w3,lasso,29-2,0.0,0.0,positive
w3_predict_w3,lasso,5-10,0.0,0.0,positive
w3_predict_w3,lasso,26-12,0.0,0.0,positive
w3_predict_w3,lasso,11-1,0.0,0.0,positive
w3_predict_w3,lasso,11-4,0.0,0.0,positive
w3_predict_w3,lasso,25-3,0.0,0.0,positive
w3_predict_w3,lasso,25-1,0.0,0.0,positive
w3_predict_w3,lasso,25-4,0.0,0.0,positive
w3_predict_w3,lasso,26-10,0.0,0.0,positive
w3_predict_w3,lasso,26-15,0.0,0.0,positive
w3_predict_w3,lasso,53-13,0.0,0.0,positive
w3_predict_w3,lasso,24-3,0.0,0.0,positive
w3_predict_w3,lasso,24-6,0.0,0.0,positive
w2_predict_w3,ridge,v55_8,0.13302316158039082,4.103264348080166,positive
w2_predict_w3,ridge,v55_14,0.10317703332826382,3.1826235173390485,positive
w2_predict_w3,ridge,v55_2,0.09809787622845473,3.025950619188527,positive
w2_predict_w3,ridge,v1,0.09615589788964453,2.966047889560738,negative
w2_predict_w3,ridge,v521,0.09151126691055918,2.8227784883523475,negative
w2_predict_w3,ridge,v55_7,0.08598145557875614,2.652204601671083,positive
w2_predict_w3,ridge,v55_3,0.08579407758169191,2.6464246950305115,positive
w2_predict_w3,ridge,v55_13,0.08546029738005471,2.6361288308727104,positive
w2_predict_w3,ridge,v55_10,0.07498758243934339,2.313084953902026,positive
w2_predict_w3,ridge,v55_1,0.07294922491250609,2.2502092887235396,positive
w2_predict_w3,ridge,v25_6,0.050993867718202926,1.5729690746552123,negative
w2_predict_w3,ridge,v5_5,0.048220953435521595,1.4874350956005014,negative
w2_predict_w3,ridge,v54_2,0.04699664339277349,1.4496697343677598,positive
w2_predict_w3,ridge,v6_7,0.04565690329836389,1.4083437900752522,positive
w2_predict_w3,ridge,v6_6,0.04301097352500604,1.3267268056527173,positive
w2_predict_w3,ridge,v49,0.041666037098788834,1.2852405740629178,negative
w2_predict_w3,ridge,v25_5,0.041461385519602656,1.2789278423650965,negative
w2_predict_w3,ridge,v28_1,0.04046719188909286,1.2482607071783125,positive
w2_predict_w3,ridge,v22_3,0.03933517138129659,1.2133421310765942,positive
w2_predict_w3,ridge,v54_20,0.038108696173623995,1.1755099826472712,negative
w2_predict_w3,ridge,v54_5,0.03803279573273733,1.1731687394427517,negative
w2_predict_w3,ridge,v40,0.037584262312890394,1.1593331699921776,positive
w2_predict_w3,ridge,v25_1,0.037449119648195375,1.1551645269426551,positive
w2_predict_w3,ridge,v19_7,0.03712377852516283,1.1451289766276294,negative
w2_predict_w3,ridge,v26_4,0.03640590625517019,1.1229853164037966,positive
w2_predict_w3,ridge,v25_4,0.03615551718326552,1.1152617550353172,negative
w2_predict_w3,ridge,v38,0.03609676963217209,1.1134496139835275,positive
w2_predict_w3,ridge,v55_9,0.03568782105861563,1.1008350881961637,positive
w2_predict_w3,ridge,v26_5,0.03483274766902578,1.0744592893291696,positive
w2_predict_w3,ridge,v22_5,0.033890431414273926,1.0453923761179464,negative
w2_predict_w3,ridge,v19_2,0.03297157485143978,1.0170491061904887,negative
w2_predict_w3,ridge,v34,0.032360053526174416,0.9981859727162803,positive
w2_predict_w3,ridge,v28_6,0.031671676149118456,0.9769521190344037,positive
w2_predict_w3,ridge,v28_4,0.03147214602803979,0.9707973650617624,positive
w2_predict_w3,ridge,v6_2,0.03135768524943503,0.9672666804311872,negative
w2_predict_w3,ridge,v6_1,0.030866030468774886,0.9521009791421919,positive
w2_predict_w3,ridge,v23_8,0.030175403231437324,0.930797725730434,positive
w2_predict_w3,ridge,v26_6,0.029585115016356016,0.9125895538657829,positive
w2_predict_w3,ridge,v54_6,0.029243087740356558,0.90203929847412,negative
w2_predict_w3,ridge,v54_3,0.028801001107245292,0.8884025881534742,positive
w2_predict_w3,ridge,v27_1,0.028757516931633018,0.8870612648427388,positive
w2_predict_w3,ridge,v19_3,0.02840902810816574,0.8763116950080635,negative
w2_predict_w3,ridge,v54_4,0.028103154331877087,0.8668766391399968,negative
w2_predict_w3,ridge,v23_2,0.027536934457933596,0.8494108850989406,positive
w2_predict_w3,ridge,v5_1,0.02683693914535969,0.8278186617914836,positive
w2_predict_w3,ridge,v54_1,0.026160600185106506,0.8069561480017526,positive
w2_predict_w3,ridge,v36,0.025509898909246605,0.7868844603740863,positive
w2_predict_w3,ridge,v54_9,0.02547098012137407,0.7856839621085916,positive
w2_predict_w3,ridge,v42_11,0.024959621721850702,0.7699104782661743,positive
w2_predict_w3,ridge,v26_2,0.024583111347748085,0.7582965489595553,positive
w2_predict_w3,ridge,v54_16,0.023767795683372412,0.7331471264205173,negative
w2_predict_w3,ridge,v42_01,0.023752730029579054,0.7326824076500688,positive
w2_predict_w3,ridge,v55_12,0.023519825987141564,0.7254981936943664,positive
w2_predict_w3,ridge,v28_2,0.022746794300391508,0.7016530728710964,positive
w2_predict_w3,ridge,v54_11,0.02227651627580934,0.6871467641273563,positive
w2_predict_w3,ridge,v55_6,0.022166901382803736,0.6837655568462717,positive
w2_predict_w3,ridge,v54_15,0.022098544655771955,0.6816570088487003,positive
w2_predict_w3,ridge,v22_4,0.021207201597675723,0.6541624270875781,positive
w2_predict_w3,ridge,v6_8,0.021085741498452607,0.6504158397344028,positive
w2_predict_w3,ridge,v19_8,0.02079139173177617,0.6413362562308997,negative
w2_predict_w3,ridge,v42_09,0.020535560101421203,0.6334448123990497,positive
w2_predict_w3,ridge,v28_10,0.0205151204236101,0.6328143251947754,positive
w2_predict_w3,ridge,v5_3,0.020127746223131814,0.620865287694054,negative
w2_predict_w3,ridge,v2,0.019742196856587377,0.6089725394585476,positive
w2_predict_w3,ridge,v25_11,0.019395061977310796,0.598264733711126,positive
w2_predict_w3,ridge,v28_5,0.01875271494184768,0.5784507429865262,positive
w2_predict_w3,ridge,v42_14,0.01870046940907267,0.5768391647513135,negative
w2_predict_w3,ridge,v54_14,0.018417409714847274,0.5681078375305901,positive
w2_predict_w3,ridge,v6_4,0.017951221369480463,0.5537276800128478,negative
w2_predict_w3,ridge,v42_07,0.017732728464379857,0.5469879954559899,negative
w2_predict_w3,ridge,v25_12,0.0176172718483557,0.5434265929855215,positive
w2_predict_w3,ridge,v54_12,0.017570364759218852,0.541979685663212,negative
w2_predict_w3,ridge,v25_9,0.017513853196726135,0.5402365164521078,negative
w2_predict_w3,ridge,v19_6,0.017150684358735943,0.5290341233684169,negative
w2_predict_w3,ridge,v27_4,0.017111662029684067,0.5278304312468698,negative
w2_predict_w3,ridge,v23_6,0.016839723957373515,0.5194421642432834,negative
w2_predict_w3,ridge,v55_4,0.016656859334735003,0.5138014782327928,positive
w2_predict_w3,ridge,v25_10,0.016380580465650822,0.505279313970775,positive
w2_predict_w3,ridge,v6_3,0.016316128944420465,0.5032912268880285,positive
w2_predict_w3,ridge,v25_2,0.01579384655924962,0.48718077916418107,negative
w2_predict_w3,ridge,v25_14,0.01564554438548052,0.48260621474141496,negative
w2_predict_w3,ridge,v23_1,0.013612396090136262,0.4198912347670114,positive
w2_predict_w3,ridge,v42_03,0.013310094479370168,0.4105663667734471,negative
w2_predict_w3,ridge,v25_3,0.013128510204450694,0.40496517467579285,negative
w2_predict_w3,ridge,v28_7,0.012595474324963309,0.3885230220870021,negative
w2_predict_w3,ridge,v19_4,0.012520262994303035,0.38620303534181066,positive
w2_predict_w3,ridge,v23_4,0.012353763583576734,0.3810671545832053,negative
w2_predict_w3,ridge,v42_05,0.012100365316358755,0.3732507708543277,negative
w2_predict_w3,ridge,v54_10,0.011708067672736917,0.3611498636454989,negative
w2_predict_w3,ridge,v54_18,0.011656712259537409,0.35956574225220966,positive
w2_predict_w3,ridge,v28_9,0.011362302815900078,0.3504843179388572,positive
w2_predict_w3,ridge,v25_13,0.01096938469572764,0.3383642713615256,positive
w2_predict_w3,ridge,v26_1,0.010582350295229082,0.32642571541248083,positive
w2_predict_w3,ridge,v42_12,0.009363996028973537,0.2888440674899382,negative
w2_predict_w3,ridge,v5_4,0.009352410443199325,0.2884866957323122,negative
w2_predict_w3,ridge,v22_6,0.00903816369578221,0.27879336518853665,positive
w2_predict_w3,ridge,v55_11,0.008856297318892844,0.2731834713058562,positive
w2_predict_w3,ridge,v23_9,0.008566921370391918,0.26425731139077896,positive
w2_predict_w3,ridge,v5_6,0.007845823493415765,0.242014153320262,negative
w2_predict_w3,ridge,v42_08,0.007717964919195846,0.23807019707264343,positive
w2_predict_w3,ridge,v22_2,0.007714343270773576,0.23795848283674775,positive
w2_predict_w3,ridge,v42_06,0.007641466527037212,0.2357105093197683,positive
w2_predict_w3,ridge,v27_3,0.007480036113680437,0.23073098806983627,positive
w2_predict_w3,ridge,v54_8,0.007031079030473445,0.2168823501976413,negative
w2_predict_w3,ridge,v3,0.006654796082246945,0.20527543612414587,positive
w2_predict_w3,ridge,v5_2,0.006482986866316346,0.1999757678406373,negative
w2_predict_w3,ridge,v23_3,0.00647053933717749,0.19959180837124604,negative
w2_predict_w3,ridge,v6_10,0.005967120717113016,0.18406323687039566,positive
w2_predict_w3,ridge,v54_7,0.005797053061343539,0.17881728916933504,negative
w2_predict_w3,ridge,v54_19,0.005558931878417581,0.17147214604677985,positive
w2_predict_w3,ridge,v27_2,0.005484061993907979,0.16916269163144876,positive
w2_predict_w3,ridge,v19_5,0.005109914825877937,0.1576216583461661,positive
w2_predict_w3,ridge,v42_10,0.00477942384213589,0.1474272541924868,positive
w2_predict_w3,ridge,v28_8,0.0046070391327055135,0.1421098340984504,negative
w2_predict_w3,ridge,v55_5,0.0045987008672114795,0.1418526299610655,negative
w2_predict_w3,ridge,v42_04,0.0045838716960118235,0.14139520578942338,positive
w2_predict_w3,ridge,v25_15,0.004344498535483198,0.13401144386544603,positive
w2_predict_w3,ridge,v6_5,0.0041470508908699796,0.12792092646134567,positive
w2_predict_w3,ridge,v54_13,0.003842817014505996,0.11853645533968964,negative
w2_predict_w3,ridge,v23_7,0.0030891512090864765,0.09528869913690136,positive
w2_predict_w3,ridge,v25_8,0.002793160402814771,0.08615849573243478,positive
w2_predict_w3,ridge,v22_1,0.002698997839385375,0.08325393471574162,negative
w2_predict_w3,ridge,v54_17,0.0025964960214568877,0.08009213905457636,positive
w2_predict_w3,ridge,v23_5,0.0024709114979046876,0.07621832871929156,negative
w2_predict_w3,ridge,v28_3,0.0021978396103389006,0.06779508777839348,negative
w2_predict_w3,ridge,v19_1,0.0019113064832417175,0.058956618214194595,positive
w2_predict_w3,ridge,v6_9,0.0017935291860941107,0.05532363145717064,negative
w2_predict_w3,ridge,v26_3,0.001721169901095542,0.05309161959653112,negative
w2_predict_w3,ridge,v42_02,0.001532408414029798,0.04726903749153897,negative
w2_predict_w3,ridge,v19_9,0.0011613213373674195,0.035822396518554546,negative
w2_predict_w3,ridge,v42_13,0.0008368495150049605,0.025813660860502484,positive
w2_predict_w3,ridge,v25_7,0.0006190075900768065,0.019094056594183378,positive
w2_predict_w3,ridge,v19_10,0.0005004821965489087,0.015437993876779977,positive
w2_predict_w3,lasso,v55_8,0.23482303127609905,9.637696168343911,positive
w2_predict_w3,lasso,v55_14,0.21428535816245226,8.7947811765799,positive
w2_predict_w3,lasso,v1,0.16054300328873944,6.589067006085417,negative
w2_predict_w3,lasso,v521,0.1319504355134875,5.415559963811292,negative
w2_predict_w3,lasso,v55_2,0.12465420921011512,5.116105468631461,positive
w2_predict_w3,lasso,v55_7,0.1039822328508919,4.2676783519781045,positive
w2_predict_w3,lasso,v55_3,0.10155054161560038,4.1678759553664655,positive
w2_predict_w3,lasso,v54_2,0.07506986340288971,3.081045887809263,positive
w2_predict_w3,lasso,v55_13,0.07308279347366145,2.999491807959925,positive
w2_predict_w3,lasso,v55_1,0.0715670142502661,2.9372806205223685,positive
w2_predict_w3,lasso,v28_1,0.06733799289212543,2.763711517365384,positive
w2_predict_w3,lasso,v25_6,0.06647912856288797,2.728461680881983,negative
w2_predict_w3,lasso,v5_5,0.065273220333731,2.6789683366543655,negative
w2_predict_w3,lasso,v6_6,0.05876692450782525,2.4119344685934596,positive
w2_predict_w3,lasso,v55_10,0.055948934358470405,2.296277445015839,positive
w2_predict_w3,lasso,v19_7,0.0524472723332012,2.1525609002613666,negative
w2_predict_w3,lasso,v54_5,0.04398665766989702,1.805317135119406,negative
w2_predict_w3,lasso,v22_3,0.042009660358623815,1.7241764594874613,positive
w2_predict_w3,lasso,v28_4,0.04164854489820965,1.7093554214050795,positive
w2_predict_w3,lasso,v40,0.041456444269401586,1.7014711543289807,positive
w2_predict_w3,lasso,v26_5,0.04094322242737662,1.6804073082764241,positive
w2_predict_w3,lasso,v26_4,0.04049361146653896,1.661954204204977,positive
w2_predict_w3,lasso,v6_7,0.036054941332795035,1.4797806162564062,positive
w2_predict_w3,lasso,v38,0.03497078221690992,1.4352841454449226,positive
w2_predict_w3,lasso,v34,0.03467773195594456,1.4232566651680105,positive
w2_predict_w3,lasso,v25_1,0.03457005107498623,1.4188371854935664,positive
w2_predict_w3,lasso,v25_5,0.034143763978479,1.401341348333575,negative
w2_predict_w3,lasso,v19_2,0.033844271383451696,1.3890494593316474,negative
w2_predict_w3,lasso,v49,0.03349024927060437,1.3745195491181728,negative
w2_predict_w3,lasso,v26_2,0.030843037509948518,1.2658716771278384,positive
w2_predict_w3,lasso,v54_20,0.029236717342172425,1.1999444738123053,negative
w2_predict_w3,lasso,v27_1,0.0258441540358895,1.060705600179917,positive
w2_predict_w3,lasso,v28_6,0.024159564513802974,0.9915660362537694,positive
w2_predict_w3,lasso,v6_1,0.018341227133662884,0.7527676204000183,positive
w2_predict_w3,lasso,v25_4,0.018069832407436766,0.7416289348169044,negative
w2_predict_w3,lasso,v42_14,0.017291422697592224,0.7096811474248333,negative
w2_predict_w3,lasso,v23_8,0.016976611903149325,0.6967605630559678,positive
w2_predict_w3,lasso,v42_01,0.01676850007025934,0.6882191580518198,positive
w2_predict_w3,lasso,v6_2,0.016427726683710397,0.6742330071024492,negative
w2_predict_w3,lasso,v23_2,0.013113503865522062,0.5382094135805016,positive
w2_predict_w3,lasso,v36,0.01288474223659795,0.5288204917930396,positive
w2_predict_w3,lasso,v25_11,0.011941911658668576,0.49012448059291386,positive
w2_predict_w3,lasso,v42_11,0.011171959191259991,0.45852379856174746,positive
w2_predict_w3,lasso,v26_6,0.008821243244627455,0.3620448205475016,positive
w2_predict_w3,lasso,v19_3,0.006228286916997237,0.2556237206763306,negative
w2_predict_w3,lasso,v54_15,0.004277841305005125,0.17557278998564554,positive
w2_predict_w3,lasso,v25_12,0.0021194104531216344,0.08698564996881313,positive
w2_predict_w3,lasso,v2,0.0019362719103950912,0.07946920823854516,positive
w2_predict_w3,lasso,v55_4,0.0,0.0,positive
w2_predict_w3,lasso,v55_5,0.0,0.0,positive
w2_predict_w3,lasso,v42_05,0.0,0.0,positive
w2_predict_w3,lasso,v42_04,0.0,0.0,positive
w2_predict_w3,lasso,v42_06,0.0,0.0,positive
w2_predict_w3,lasso,v6_5,0.0,0.0,positive
w2_predict_w3,lasso,v6_4,0.0,0.0,positive
w2_predict_w3,lasso,v6_3,0.0,0.0,positive
w2_predict_w3,lasso,v42_12,0.0,0.0,positive
w2_predict_w3,lasso,v42_13,0.0,0.0,positive
w2_predict_w3,lasso,v42_08,0.0,0.0,positive
w2_predict_w3,lasso,v42_09,0.0,0.0,positive
w2_predict_w3,lasso,v42_10,0.0,0.0,positive
w2_predict_w3,lasso,v42_03,0.0,0.0,positive
w2_predict_w3,lasso,v42_02,0.0,0.0,positive
w2_predict_w3,lasso,v27_4,0.0,0.0,positive
w2_predict_w3,lasso,v27_2,0.0,0.0,positive
w2_predict_w3,lasso,v55_12,0.0,0.0,positive
w2_predict_w3,lasso,v55_11,0.0,0.0,positive
w2_predict_w3,lasso,v55_6,0.0,0.0,positive
w2_predict_w3,lasso,v55_9,0.0,0.0,positive
w2_predict_w3,lasso,v25_8,0.0,0.0,positive
w2_predict_w3,lasso,v25_7,0.0,0.0,positive
w2_predict_w3,lasso,v25_2,0.0,0.0,positive
w2_predict_w3,lasso,v25_3,0.0,0.0,positive
w2_predict_w3,lasso,v28_7,0.0,0.0,positive
w2_predict_w3,lasso,v28_8,0.0,0.0,positive
w2_predict_w3,lasso,v28_9,0.0,0.0,positive
w2_predict_w3,lasso,v28_10,0.0,0.0,positive
w2_predict_w3,lasso,v28_5,0.0,0.0,positive
w2_predict_w3,lasso,v28_3,0.0,0.0,positive
w2_predict_w3,lasso,v5_1,0.0,0.0,positive
w2_predict_w3,lasso,v6_10,0.0,0.0,positive
w2_predict_w3,lasso,v6_9,0.0,0.0,positive
w2_predict_w3,lasso,v5_4,0.0,0.0,positive
w2_predict_w3,lasso,v5_6,0.0,0.0,positive
w2_predict_w3,lasso,v28_2,0.0,0.0,positive
w2_predict_w3,lasso,v6_8,0.0,0.0,positive
w2_predict_w3,lasso,v5_3,0.0,0.0,positive
w2_predict_w3,lasso,v5_2,0.0,0.0,positive
w2_predict_w3,lasso,v27_3,0.0,0.0,positive
w2_predict_w3,lasso,v42_07,0.0,0.0,positive
w2_predict_w3,lasso,v3,0.0,0.0,positive
w2_predict_w3,lasso,v19_1,0.0,0.0,positive
w2_predict_w3,lasso,v19_4,0.0,0.0,positive
w2_predict_w3,lasso,v19_8,0.0,0.0,positive
w2_predict_w3,lasso,v19_6,0.0,0.0,positive
w2_predict_w3,lasso,v19_5,0.0,0.0,positive
w2_predict_w3,lasso,v25_13,0.0,0.0,positive
w2_predict_w3,lasso,v25_15,0.0,0.0,positive
w2_predict_w3,lasso,v25_14,0.0,0.0,positive
w2_predict_w3,lasso,v25_9,0.0,0.0,positive
w2_predict_w3,lasso,v25_10,0.0,0.0,positive
w2_predict_w3,lasso,v26_1,0.0,0.0,positive
w2_predict_w3,lasso,v23_9,0.0,0.0,positive
w2_predict_w3,lasso,v23_6,0.0,0.0,positive
w2_predict_w3,lasso,v23_7,0.0,0.0,positive
w2_predict_w3,lasso,v23_5,0.0,0.0,positive
w2_predict_w3,lasso,v23_1,0.0,0.0,positive
w2_predict_w3,lasso,v23_3,0.0,0.0,positive
w2_predict_w3,lasso,v23_4,0.0,0.0,positive
w2_predict_w3,lasso,v19_9,0.0,0.0,positive
w2_predict_w3,lasso,v19_10,0.0,0.0,positive
w2_predict_w3,lasso,v54_6,0.0,0.0,positive
w2_predict_w3,lasso,v54_7,0.0,0.0,positive
w2_predict_w3,lasso,v54_3,0.0,0.0,positive
w2_predict_w3,lasso,v54_4,0.0,0.0,positive
w2_predict_w3,lasso,v54_1,0.0,0.0,positive
w2_predict_w3,lasso,v26_3,0.0,0.0,positive
w2_predict_w3,lasso,v54_11,0.0,0.0,positive
w2_predict_w3,lasso,v54_10,0.0,0.0,positive
w2_predict_w3,lasso,v54_9,0.0,0.0,positive
w2_predict_w3,lasso,v54_8,0.0,0.0,positive
w2_predict_w3,lasso,v54_16,0.0,0.0,positive
w2_predict_w3,lasso,v54_12,0.0,0.0,positive
w2_predict_w3,lasso,v54_13,0.0,0.0,positive
w2_predict_w3,lasso,v54_14,0.0,0.0,positive
w2_predict_w3,lasso,v54_19,0.0,0.0,positive
w2_predict_w3,lasso,v54_18,0.0,0.0,positive
w2_predict_w3,lasso,v54_17,0.0,0.0,positive
w2_predict_w3,lasso,v22_1,0.0,0.0,positive
w2_predict_w3,lasso,v22_2,0.0,0.0,positive
w2_predict_w3,lasso,v22_4,0.0,0.0,positive
w2_predict_w3,lasso,v22_5,0.0,0.0,positive
w2_predict_w3,lasso,v22_6,0.0,0.0,positive
