dataset,variable_name,group_id,item,n_rows,n_missing,pct_missing,n_nonmissing
W2 2024,Psychological Distress Symptoms (Depression/Anxiety/Self-harm Ideation),v55,v55_1,6603,0,0.0,6603
W2 2024,Psychological Distress Symptoms (Depression/Anxiety/Self-harm Ideation),v55,v55_2,6603,0,0.0,6603
W2 2024,Psychological Distress Symptoms (Depression/Anxiety/Self-harm Ideation),v55,v55_3,6603,0,0.0,6603
W2 2024,Psychological Distress Symptoms (Depression/Anxiety/Self-harm Ideation),v55,v55_4,6603,0,0.0,6603
W2 2024,Psychological Distress Symptoms (Depression/Anxiety/Self-harm Ideation),v55,v55_5,6603,0,0.0,6603
W2 2024,Psychological Distress Symptoms (Depression/Anxiety/Self-harm Ideation),v55,v55_6,6603,0,0.0,6603
W2 2024,Psychological Distress Symptoms (Depression/Anxiety/Self-harm Ideation),v55,v55_7,6603,0,0.0,6603
W2 2024,Psychological Distress Symptoms (Depression/Anxiety/Self-harm Ideation),v55,v55_8,6603,0,0.0,6603
W2 2024,Psychological Distress Symptoms (Depression/Anxiety/Self-harm Ideation),v55,v55_9,6603,0,0.0,6603
W2 2024,Psychological Distress Symptoms (Depression/Anxiety/Self-harm Ideation),v55,v55_10,6603,0,0.0,6603
W2 2024,Psychological Distress Symptoms (Depression/Anxiety/Self-harm Ideation),v55,v55_11,6603,0,0.0,6603
W2 2024,Psychological Distress Symptoms (Depression/Anxiety/Self-harm Ideation),v55,v55_12,6603,0,0.0,6603
W2 2024,Psychological Distress Symptoms (Depression/Anxiety/Self-harm Ideation),v55,v55_13,6603,0,0.0,6603
W2 2024,Psychological Distress Symptoms (Depression/Anxiety/Self-harm Ideation),v55,v55_14,6603,0,0.0,6603
W3 2025,Psychological Distress Symptoms (Depression/Anxiety/Self-harm Ideation),54,54-1,6603,0,0.0,6603
W3 2025,Psychological Distress Symptoms (Depression/Anxiety/Self-harm Ideation),54,54-2,6603,0,0.0,6603
W3 2025,Psychological Distress Symptoms (Depression/Anxiety/Self-harm Ideation),54,54-3,6603,0,0.0,6603
W3 2025,Psychological Distress Symptoms (Depression/Anxiety/Self-harm Ideation),54,54-4,6603,0,0.0,6603
W3 2025,Psychological Distress Symptoms (Depression/Anxiety/Self-harm Ideation),54,54-5,6603,0,0.0,6603
W3 2025,Psychological Distress Symptoms (Depression/Anxiety/Self-harm Ideation),54,54-6,6603,0,0.0,6603
W3 2025,Psychological Distress Symptoms (Depression/Anxiety/Self-harm Ideation),54,54-7,6603,0,0.0,6603
W3 2025,Psychological Distress Symptoms (Depression/Anxiety/Self-harm Ideation),54,54-8,6603,0,0.0,6603
W3 2025,Psychological Distress Symptoms (Depression/Anxiety/Self-harm Ideation),54,54-9,6603,0,0.0,6603
W3 2025,Psychological Distress Symptoms (Depression/Anxiety/Self-harm Ideation),54,54-10,6603,0,0.0,6603
W3 2025,Psychological Distress Symptoms (Depression/Anxiety/Self-harm Ideation),54,54-11,6603,0,0.0,6603
W3 2025,Psychological Distress Symptoms (Depression/Anxiety/Self-harm Ideation),54,54-12,6603,0,0.0,6603
W3 2025,Psychological Distress Symptoms (Depression/Anxiety/Self-harm Ideation),54,54-13,6603,0,0.0,6603
W3 2025,Psychological Distress Symptoms (Depression/Anxiety/Self-harm Ideation),54,54-14,6603,0,0.0,6603
W2 2024,Positive Mental Well-being (WHO-5),v57,v57_1,6603,0,0.0,6603
W2 2024,Positive Mental Well-being (WHO-5),v57,v57_2,6603,0,0.0,6603
W2 2024,Positive Mental Well-being (WHO-5),v57,v57_3,6603,0,0.0,6603
W2 2024,Positive Mental Well-being (WHO-5),v57,v57_4,6603,0,0.0,6603
W2 2024,Positive Mental Well-being (WHO-5),v57,v57_5,6603,0,0.0,6603
W3 2025,Positive Mental Well-being (WHO-5),55,55-1,6603,0,0.0,6603
W3 2025,Positive Mental Well-being (WHO-5),55,55-2,6603,0,0.0,6603
W3 2025,Positive Mental Well-being (WHO-5),55,55-3,6603,0,0.0,6603
W3 2025,Positive Mental Well-being (WHO-5),55,55-4,6603,0,0.0,6603
W3 2025,Positive Mental Well-being (WHO-5),55,55-5,6603,0,0.0,6603
W2 2024,Self-Worth and Positive Self-Concept,v52,v52_1,6603,0,0.0,6603
W2 2024,Self-Worth and Positive Self-Concept,v52,v52_2,6603,0,0.0,6603
W2 2024,Self-Worth and Positive Self-Concept,v52,v52_3,6603,0,0.0,6603
W3 2025,Self-Worth and Positive Self-Concept,52,52-1,6603,0,0.0,6603
W3 2025,Self-Worth and Positive Self-Concept,52,52-2,6603,0,0.0,6603
W3 2025,Self-Worth and Positive Self-Concept,52,52-3,6603,0,0.0,6603
W2 2024,Overall Life Satisfaction,v50,v50,6603,0,0.0,6603
W3 2025,Overall Life Satisfaction,49,49,6603,0,0.0,6603
W2 2024,Recent Subjective Happiness,v51,v51,6603,0,0.0,6603
W3 2025,Recent Subjective Happiness,50,50,6603,0,0.0,6603
W2 2024,"Online Peer Interaction Anxiety (Fear of Missing Out, FOMO)",v27,v27_1,6603,0,0.0,6603
W2 2024,"Online Peer Interaction Anxiety (Fear of Missing Out, FOMO)",v27,v27_2,6603,0,0.0,6603
W2 2024,"Online Peer Interaction Anxiety (Fear of Missing Out, FOMO)",v27,v27_3,6603,0,0.0,6603
W2 2024,"Online Peer Interaction Anxiety (Fear of Missing Out, FOMO)",v27,v27_4,6603,0,0.0,6603
W3 2025,"Online Peer Interaction Anxiety (Fear of Missing Out, FOMO)",28,28-1,6603,0,0.0,6603
W3 2025,"Online Peer Interaction Anxiety (Fear of Missing Out, FOMO)",28,28-2,6603,0,0.0,6603
W3 2025,"Online Peer Interaction Anxiety (Fear of Missing Out, FOMO)",28,28-3,6603,0,0.0,6603
W3 2025,"Online Peer Interaction Anxiety (Fear of Missing Out, FOMO)",28,28-4,6603,0,0.0,6603
W2 2024,Delinquent and Health-Risk Behaviors,v42,v42_01,6603,0,0.0,6603
W2 2024,Delinquent and Health-Risk Behaviors,v42,v42_02,6603,0,0.0,6603
W2 2024,Delinquent and Health-Risk Behaviors,v42,v42_03,6603,0,0.0,6603
W2 2024,Delinquent and Health-Risk Behaviors,v42,v42_04,6603,0,0.0,6603
W2 2024,Delinquent and Health-Risk Behaviors,v42,v42_05,6603,0,0.0,6603
W2 2024,Delinquent and Health-Risk Behaviors,v42,v42_06,6603,0,0.0,6603
W2 2024,Delinquent and Health-Risk Behaviors,v42,v42_07,6603,0,0.0,6603
W2 2024,Delinquent and Health-Risk Behaviors,v42,v42_08,6603,0,0.0,6603
W2 2024,Delinquent and Health-Risk Behaviors,v42,v42_09,6603,0,0.0,6603
W2 2024,Delinquent and Health-Risk Behaviors,v42,v42_10,6603,0,0.0,6603
W2 2024,Delinquent and Health-Risk Behaviors,v42,v42_11,6603,0,0.0,6603
W2 2024,Delinquent and Health-Risk Behaviors,v42,v42_12,6603,0,0.0,6603
W2 2024,Delinquent and Health-Risk Behaviors,v42,v42_13,6603,0,0.0,6603
W2 2024,Delinquent and Health-Risk Behaviors,v42,v42_14,6603,0,0.0,6603
W3 2025,Delinquent and Health-Risk Behaviors,39,39-1,6603,0,0.0,6603
W3 2025,Delinquent and Health-Risk Behaviors,39,39-2,6603,0,0.0,6603
W3 2025,Delinquent and Health-Risk Behaviors,39,39-3,6603,0,0.0,6603
W3 2025,Delinquent and Health-Risk Behaviors,39,39-4,6603,0,0.0,6603
W3 2025,Delinquent and Health-Risk Behaviors,39,39-5,6603,0,0.0,6603
W3 2025,Delinquent and Health-Risk Behaviors,39,39-6,6603,0,0.0,6603
W3 2025,Delinquent and Health-Risk Behaviors,39,39-7,6603,0,0.0,6603
W3 2025,Delinquent and Health-Risk Behaviors,39,39-8,6603,0,0.0,6603
W3 2025,Delinquent and Health-Risk Behaviors,39,39-9,6603,0,0.0,6603
W3 2025,Delinquent and Health-Risk Behaviors,39,39-10,6603,0,0.0,6603
W3 2025,Delinquent and Health-Risk Behaviors,39,39-11,6603,0,0.0,6603
W3 2025,Delinquent and Health-Risk Behaviors,39,39-12,6603,0,0.0,6603
W3 2025,Delinquent and Health-Risk Behaviors,39,39-13,6603,0,0.0,6603
W3 2025,Delinquent and Health-Risk Behaviors,39,39-14,6603,0,0.0,6603
W2 2024,Parenting Practices and Parent–Child Interaction Quality (Support/Conflict/Monitoring),v6,v6_1,6603,0,0.0,6603
W2 2024,Parenting Practices and Parent–Child Interaction Quality (Support/Conflict/Monitoring),v6,v6_2,6603,0,0.0,6603
W2 2024,Parenting Practices and Parent–Child Interaction Quality (Support/Conflict/Monitoring),v6,v6_3,6603,0,0.0,6603
W2 2024,Parenting Practices and Parent–Child Interaction Quality (Support/Conflict/Monitoring),v6,v6_4,6603,0,0.0,6603
W2 2024,Parenting Practices and Parent–Child Interaction Quality (Support/Conflict/Monitoring),v6,v6_5,6603,0,0.0,6603
W2 2024,Parenting Practices and Parent–Child Interaction Quality (Support/Conflict/Monitoring),v6,v6_6,6603,0,0.0,6603
W2 2024,Parenting Practices and Parent–Child Interaction Quality (Support/Conflict/Monitoring),v6,v6_7,6603,0,0.0,6603
W2 2024,Parenting Practices and Parent–Child Interaction Quality (Support/Conflict/Monitoring),v6,v6_8,6603,0,0.0,6603
W2 2024,Parenting Practices and Parent–Child Interaction Quality (Support/Conflict/Monitoring),v6,v6_9,6603,0,0.0,6603
W2 2024,Parenting Practices and Parent–Child Interaction Quality (Support/Conflict/Monitoring),v6,v6_10,6603,0,0.0,6603
W3 2025,Parenting Practices and Parent–Child Interaction Quality (Support/Conflict/Monitoring),5,5-1,6603,0,0.0,6603
W3 2025,Parenting Practices and Parent–Child Interaction Quality (Support/Conflict/Monitoring),5,5-2,6603,0,0.0,6603
W3 2025,Parenting Practices and Parent–Child Interaction Quality (Support/Conflict/Monitoring),5,5-3,6603,0,0.0,6603
W3 2025,Parenting Practices and Parent–Child Interaction Quality (Support/Conflict/Monitoring),5,5-4,6603,0,0.0,6603
W3 2025,Parenting Practices and Parent–Child Interaction Quality (Support/Conflict/Monitoring),5,5-5,6603,0,0.0,6603
W3 2025,Parenting Practices and Parent–Child Interaction Quality (Support/Conflict/Monitoring),5,5-6,6603,0,0.0,6603
W3 2025,Parenting Practices and Parent–Child Interaction Quality (Support/Conflict/Monitoring),5,5-7,6603,0,0.0,6603
W3 2025,Parenting Practices and Parent–Child Interaction Quality (Support/Conflict/Monitoring),5,5-8,6603,0,0.0,6603
W3 2025,Parenting Practices and Parent–Child Interaction Quality (Support/Conflict/Monitoring),5,5-9,6603,0,0.0,6603
W3 2025,Parenting Practices and Parent–Child Interaction Quality (Support/Conflict/Monitoring),5,5-10,6603,0,0.0,6603
W2 2024,Family Cohesion and Support (Family Functioning),v5,v5_1,6603,0,0.0,6603
W2 2024,Family Cohesion and Support (Family Functioning),v5,v5_2,6603,0,0.0,6603
W2 2024,Family Cohesion and Support (Family Functioning),v5,v5_3,6603,0,0.0,6603
W2 2024,Family Cohesion and Support (Family Functioning),v5,v5_4,6603,0,0.0,6603
W2 2024,Family Cohesion and Support (Family Functioning),v5,v5_5,6603,0,0.0,6603
W2 2024,Family Cohesion and Support (Family Functioning),v5,v5_6,6603,0,0.0,6603
W3 2025,Family Cohesion and Support (Family Functioning),4,4-1,6603,0,0.0,6603
W3 2025,Family Cohesion and Support (Family Functioning),4,4-2,6603,0,0.0,6603
W3 2025,Family Cohesion and Support (Family Functioning),4,4-3,6603,0,0.0,6603
W3 2025,Family Cohesion and Support (Family Functioning),4,4-4,6603,0,0.0,6603
W3 2025,Family Cohesion and Support (Family Functioning),4,4-5,6603,0,0.0,6603
W3 2025,Family Cohesion and Support (Family Functioning),4,4-6,6603,0,0.0,6603
W2 2024,Perceived Effectiveness of School-based Digital/Technology Learning,v49,v49,6603,0,0.0,6603
W3 2025,Perceived Effectiveness of School-based Digital/Technology Learning,48,48,6603,0,0.0,6603
W2 2024,Cyberbullying Victimization (including Misinformation-related),v38,v38,6603,0,0.0,6603
W3 2025,Cyberbullying Victimization (including Misinformation-related),34,34,6603,0,0.0,6603
W2 2024,Cyberbullying Perpetration (including Misinformation-related),v40,v40,6603,0,0.0,6603
W3 2025,Cyberbullying Perpetration (including Misinformation-related),36,36,6603,0,0.0,6603
W2 2024,Problematic Internet Use and Internet Dependence,v28,v28_1,6603,0,0.0,6603
W2 2024,Problematic Internet Use and Internet Dependence,v28,v28_2,6603,0,0.0,6603
W2 2024,Problematic Internet Use and Internet Dependence,v28,v28_3,6603,0,0.0,6603
W2 2024,Problematic Internet Use and Internet Dependence,v28,v28_4,6603,0,0.0,6603
W2 2024,Problematic Internet Use and Internet Dependence,v28,v28_5,6603,0,0.0,6603
W2 2024,Problematic Internet Use and Internet Dependence,v28,v28_6,6603,0,0.0,6603
W2 2024,Problematic Internet Use and Internet Dependence,v28,v28_7,6603,0,0.0,6603
W2 2024,Problematic Internet Use and Internet Dependence,v28,v28_8,6603,0,0.0,6603
W2 2024,Problematic Internet Use and Internet Dependence,v28,v28_9,6603,0,0.0,6603
W2 2024,Problematic Internet Use and Internet Dependence,v28,v28_10,6603,0,0.0,6603
W3 2025,Problematic Internet Use and Internet Dependence,29,29-1,6603,0,0.0,6603
W3 2025,Problematic Internet Use and Internet Dependence,29,29-2,6603,0,0.0,6603
W3 2025,Problematic Internet Use and Internet Dependence,29,29-3,6603,0,0.0,6603
W3 2025,Problematic Internet Use and Internet Dependence,29,29-4,6603,0,0.0,6603
W3 2025,Problematic Internet Use and Internet Dependence,29,29-5,6603,0,0.0,6603
W3 2025,Problematic Internet Use and Internet Dependence,29,29-6,6603,0,0.0,6603
W3 2025,Problematic Internet Use and Internet Dependence,29,29-7,6603,0,0.0,6603
W3 2025,Problematic Internet Use and Internet Dependence,29,29-8,6603,0,0.0,6603
W3 2025,Problematic Internet Use and Internet Dependence,29,29-9,6603,0,0.0,6603
W3 2025,Problematic Internet Use and Internet Dependence,29,29-10,6603,0,0.0,6603
W2 2024,Social Media Self-Presentation and Online Image Management,v25,v25_1,6603,0,0.0,6603
W2 2024,Social Media Self-Presentation and Online Image Management,v25,v25_2,6603,0,0.0,6603
W2 2024,Social Media Self-Presentation and Online Image Management,v25,v25_3,6603,0,0.0,6603
W2 2024,Social Media Self-Presentation and Online Image Management,v25,v25_4,6603,0,0.0,6603
W2 2024,Social Media Self-Presentation and Online Image Management,v25,v25_5,6603,0,0.0,6603
W2 2024,Social Media Self-Presentation and Online Image Management,v25,v25_6,6603,0,0.0,6603
W2 2024,Social Media Self-Presentation and Online Image Management,v25,v25_7,6603,0,0.0,6603
W2 2024,Social Media Self-Presentation and Online Image Management,v25,v25_8,6603,0,0.0,6603
W2 2024,Social Media Self-Presentation and Online Image Management,v25,v25_9,6603,0,0.0,6603
W2 2024,Social Media Self-Presentation and Online Image Management,v25,v25_10,6603,0,0.0,6603
W2 2024,Social Media Self-Presentation and Online Image Management,v25,v25_11,6603,0,0.0,6603
W2 2024,Social Media Self-Presentation and Online Image Management,v25,v25_12,6603,0,0.0,6603
W2 2024,Social Media Self-Presentation and Online Image Management,v25,v25_13,6603,0,0.0,6603
W2 2024,Social Media Self-Presentation and Online Image Management,v25,v25_14,6603,0,0.0,6603
W2 2024,Social Media Self-Presentation and Online Image Management,v25,v25_15,6603,0,0.0,6603
W3 2025,Social Media Self-Presentation and Online Image Management,26,26-1,6603,0,0.0,6603
W3 2025,Social Media Self-Presentation and Online Image Management,26,26-2,6603,0,0.0,6603
W3 2025,Social Media Self-Presentation and Online Image Management,26,26-3,6603,0,0.0,6603
W3 2025,Social Media Self-Presentation and Online Image Management,26,26-4,6603,0,0.0,6603
W3 2025,Social Media Self-Presentation and Online Image Management,26,26-5,6603,0,0.0,6603
W3 2025,Social Media Self-Presentation and Online Image Management,26,26-6,6603,0,0.0,6603
W3 2025,Social Media Self-Presentation and Online Image Management,26,26-7,6603,0,0.0,6603
W3 2025,Social Media Self-Presentation and Online Image Management,26,26-8,6603,0,0.0,6603
W3 2025,Social Media Self-Presentation and Online Image Management,26,26-9,6603,0,0.0,6603
W3 2025,Social Media Self-Presentation and Online Image Management,26,26-10,6603,0,0.0,6603
W3 2025,Social Media Self-Presentation and Online Image Management,26,26-11,6603,0,0.0,6603
W3 2025,Social Media Self-Presentation and Online Image Management,26,26-12,6603,0,0.0,6603
W3 2025,Social Media Self-Presentation and Online Image Management,26,26-13,6603,0,0.0,6603
W3 2025,Social Media Self-Presentation and Online Image Management,26,26-14,6603,0,0.0,6603
W3 2025,Social Media Self-Presentation and Online Image Management,26,26-15,6603,0,0.0,6603
W2 2024,Physical/Offline Bullying Victimization,v34,v34,6603,0,0.0,6603
W3 2025,Physical/Offline Bullying Victimization,30,30,6603,0,0.0,6603
W2 2024,Parental Involvement in Schooling and Academic Monitoring,v19,v19_1,6603,0,0.0,6603
W2 2024,Parental Involvement in Schooling and Academic Monitoring,v19,v19_2,6603,0,0.0,6603
W2 2024,Parental Involvement in Schooling and Academic Monitoring,v19,v19_3,6603,0,0.0,6603
W2 2024,Parental Involvement in Schooling and Academic Monitoring,v19,v19_4,6603,0,0.0,6603
W2 2024,Parental Involvement in Schooling and Academic Monitoring,v19,v19_5,6603,0,0.0,6603
W2 2024,Parental Involvement in Schooling and Academic Monitoring,v19,v19_6,6603,0,0.0,6603
W2 2024,Parental Involvement in Schooling and Academic Monitoring,v19,v19_7,6603,0,0.0,6603
W2 2024,Parental Involvement in Schooling and Academic Monitoring,v19,v19_8,6603,0,0.0,6603
W2 2024,Parental Involvement in Schooling and Academic Monitoring,v19,v19_9,6603,0,0.0,6603
W2 2024,Parental Involvement in Schooling and Academic Monitoring,v19,v19_10,6603,0,0.0,6603
W3 2025,Parental Involvement in Schooling and Academic Monitoring,11,11-1,6603,0,0.0,6603
W3 2025,Parental Involvement in Schooling and Academic Monitoring,11,11-2,6603,0,0.0,6603
W3 2025,Parental Involvement in Schooling and Academic Monitoring,11,11-3,6603,0,0.0,6603
W3 2025,Parental Involvement in Schooling and Academic Monitoring,11,11-4,6603,0,0.0,6603
W3 2025,Parental Involvement in Schooling and Academic Monitoring,11,11-5,6603,0,0.0,6603
W3 2025,Parental Involvement in Schooling and Academic Monitoring,11,11-6,6603,0,0.0,6603
W3 2025,Parental Involvement in Schooling and Academic Monitoring,11,11-7,6603,0,0.0,6603
W3 2025,Parental Involvement in Schooling and Academic Monitoring,11,11-8,6603,0,0.0,6603
W2 2024,Gender (Demographic Variable),v1,v1,6603,0,0.0,6603
W3 2025,Gender (Demographic Variable),1,1,6603,0,0.0,6603
W2 2024,Perceived Social Status (Subjective Social Status),v3,v3,6603,0,0.0,6603
W3 2025,Perceived Social Status (Subjective Social Status),59,59,6603,0,0.0,6603
W2 2024,Social Media Use: Selective Sharing and Impression Management,v23,v23_1,6603,0,0.0,6603
W2 2024,Social Media Use: Selective Sharing and Impression Management,v23,v23_2,6603,0,0.0,6603
W2 2024,Social Media Use: Selective Sharing and Impression Management,v23,v23_3,6603,0,0.0,6603
W2 2024,Social Media Use: Selective Sharing and Impression Management,v23,v23_4,6603,0,0.0,6603
W2 2024,Social Media Use: Selective Sharing and Impression Management,v23,v23_5,6603,0,0.0,6603
W2 2024,Social Media Use: Selective Sharing and Impression Management,v23,v23_6,6603,0,0.0,6603
W2 2024,Social Media Use: Selective Sharing and Impression Management,v23,v23_7,6603,0,0.0,6603
W2 2024,Social Media Use: Selective Sharing and Impression Management,v23,v23_8,6603,0,0.0,6603
W2 2024,Social Media Use: Selective Sharing and Impression Management,v23,v23_9,6603,0,0.0,6603
W3 2025,Social Media Use: Selective Sharing and Impression Management,25,25-0,6603,0,0.0,6603
W3 2025,Social Media Use: Selective Sharing and Impression Management,25,25-1,6603,267,4.04,6336
W3 2025,Social Media Use: Selective Sharing and Impression Management,25,25-2,6603,267,4.04,6336
W3 2025,Social Media Use: Selective Sharing and Impression Management,25,25-3,6603,267,4.04,6336
W3 2025,Social Media Use: Selective Sharing and Impression Management,25,25-4,6603,267,4.04,6336
W3 2025,Social Media Use: Selective Sharing and Impression Management,25,25-5,6603,267,4.04,6336
W3 2025,Social Media Use: Selective Sharing and Impression Management,25,25-6,6603,267,4.04,6336
W3 2025,Social Media Use: Selective Sharing and Impression Management,25,25-7,6603,267,4.04,6336
W3 2025,Social Media Use: Selective Sharing and Impression Management,25,25-8,6603,267,4.04,6336
W3 2025,Social Media Use: Selective Sharing and Impression Management,25,25-9,6603,267,4.04,6336
W2 2024,Physical/Offline Bullying Perpetration,v36,v36,6603,0,0.0,6603
W3 2025,Physical/Offline Bullying Perpetration,32,32,6603,0,0.0,6603
W2 2024,Self-Rated Health Status,v52,v52,6603,0,0.0,6603
W3 2025,Self-Rated Health Status,51,51,6603,0,0.0,6603
W2 2024,Online Social Comparison and Perspective Seeking,v26,v26_1,6603,0,0.0,6603
W2 2024,Online Social Comparison and Perspective Seeking,v26,v26_2,6603,0,0.0,6603
W2 2024,Online Social Comparison and Perspective Seeking,v26,v26_3,6603,0,0.0,6603
W2 2024,Online Social Comparison and Perspective Seeking,v26,v26_4,6603,0,0.0,6603
W2 2024,Online Social Comparison and Perspective Seeking,v26,v26_5,6603,0,0.0,6603
W2 2024,Online Social Comparison and Perspective Seeking,v26,v26_6,6603,0,0.0,6603
W3 2025,Online Social Comparison and Perspective Seeking,27,27-1,6603,0,0.0,6603
W3 2025,Online Social Comparison and Perspective Seeking,27,27-2,6603,0,0.0,6603
W3 2025,Online Social Comparison and Perspective Seeking,27,27-3,6603,0,0.0,6603
W3 2025,Online Social Comparison and Perspective Seeking,27,27-4,6603,0,0.0,6603
W3 2025,Online Social Comparison and Perspective Seeking,27,27-5,6603,0,0.0,6603
W3 2025,Online Social Comparison and Perspective Seeking,27,27-6,6603,0,0.0,6603
W2 2024,Social and Emotional Learning (SEL) Competencies,v54,v54_1,6603,0,0.0,6603
W2 2024,Social and Emotional Learning (SEL) Competencies,v54,v54_2,6603,0,0.0,6603
W2 2024,Social and Emotional Learning (SEL) Competencies,v54,v54_3,6603,0,0.0,6603
W2 2024,Social and Emotional Learning (SEL) Competencies,v54,v54_4,6603,0,0.0,6603
W2 2024,Social and Emotional Learning (SEL) Competencies,v54,v54_5,6603,0,0.0,6603
W2 2024,Social and Emotional Learning (SEL) Competencies,v54,v54_6,6603,0,0.0,6603
W2 2024,Social and Emotional Learning (SEL) Competencies,v54,v54_7,6603,0,0.0,6603
W2 2024,Social and Emotional Learning (SEL) Competencies,v54,v54_8,6603,0,0.0,6603
W2 2024,Social and Emotional Learning (SEL) Competencies,v54,v54_9,6603,0,0.0,6603
W2 2024,Social and Emotional Learning (SEL) Competencies,v54,v54_10,6603,0,0.0,6603
W2 2024,Social and Emotional Learning (SEL) Competencies,v54,v54_11,6603,0,0.0,6603
W2 2024,Social and Emotional Learning (SEL) Competencies,v54,v54_12,6603,0,0.0,6603
W2 2024,Social and Emotional Learning (SEL) Competencies,v54,v54_13,6603,0,0.0,6603
W2 2024,Social and Emotional Learning (SEL) Competencies,v54,v54_14,6603,0,0.0,6603
W2 2024,Social and Emotional Learning (SEL) Competencies,v54,v54_15,6603,0,0.0,6603
W2 2024,Social and Emotional Learning (SEL) Competencies,v54,v54_16,6603,0,0.0,6603
W2 2024,Social and Emotional Learning (SEL) Competencies,v54,v54_17,6603,0,0.0,6603
W2 2024,Social and Emotional Learning (SEL) Competencies,v54,v54_18,6603,0,0.0,6603
W2 2024,Social and Emotional Learning (SEL) Competencies,v54,v54_19,6603,0,0.0,6603
W2 2024,Social and Emotional Learning (SEL) Competencies,v54,v54_20,6603,0,0.0,6603
W3 2025,Social and Emotional Learning (SEL) Competencies,53,53-1,6603,0,0.0,6603
W3 2025,Social and Emotional Learning (SEL) Competencies,53,53-2,6603,0,0.0,6603
W3 2025,Social and Emotional Learning (SEL) Competencies,53,53-3,6603,0,0.0,6603
W3 2025,Social and Emotional Learning (SEL) Competencies,53,53-4,6603,0,0.0,6603
W3 2025,Social and Emotional Learning (SEL) Competencies,53,53-5,6603,0,0.0,6603
W3 2025,Social and Emotional Learning (SEL) Competencies,53,53-6,6603,0,0.0,6603
W3 2025,Social and Emotional Learning (SEL) Competencies,53,53-7,6603,0,0.0,6603
W3 2025,Social and Emotional Learning (SEL) Competencies,53,53-8,6603,0,0.0,6603
W3 2025,Social and Emotional Learning (SEL) Competencies,53,53-9,6603,0,0.0,6603
W3 2025,Social and Emotional Learning (SEL) Competencies,53,53-10,6603,0,0.0,6603
W3 2025,Social and Emotional Learning (SEL) Competencies,53,53-11,6603,0,0.0,6603
W3 2025,Social and Emotional Learning (SEL) Competencies,53,53-12,6603,0,0.0,6603
W3 2025,Social and Emotional Learning (SEL) Competencies,53,53-13,6603,0,0.0,6603
W3 2025,Social and Emotional Learning (SEL) Competencies,53,53-14,6603,0,0.0,6603
W3 2025,Social and Emotional Learning (SEL) Competencies,53,53-15,6603,0,0.0,6603
W3 2025,Social and Emotional Learning (SEL) Competencies,53,53-16,6603,0,0.0,6603
W3 2025,Social and Emotional Learning (SEL) Competencies,53,53-17,6603,0,0.0,6603
W3 2025,Social and Emotional Learning (SEL) Competencies,53,53-18,6603,0,0.0,6603
W3 2025,Social and Emotional Learning (SEL) Competencies,53,53-19,6603,0,0.0,6603
W3 2025,Social and Emotional Learning (SEL) Competencies,53,53-20,6603,0,0.0,6603
W2 2024,Online Coping and Support Seeking under Distress,v22,v22_1,6603,0,0.0,6603
W2 2024,Online Coping and Support Seeking under Distress,v22,v22_2,6603,0,0.0,6603
W2 2024,Online Coping and Support Seeking under Distress,v22,v22_3,6603,0,0.0,6603
W2 2024,Online Coping and Support Seeking under Distress,v22,v22_4,6603,0,0.0,6603
W2 2024,Online Coping and Support Seeking under Distress,v22,v22_5,6603,0,0.0,6603
W2 2024,Online Coping and Support Seeking under Distress,v22,v22_6,6603,0,0.0,6603
W3 2025,Online Coping and Support Seeking under Distress,24,24-1,6603,0,0.0,6603
W3 2025,Online Coping and Support Seeking under Distress,24,24-2,6603,0,0.0,6603
W3 2025,Online Coping and Support Seeking under Distress,24,24-3,6603,0,0.0,6603
W3 2025,Online Coping and Support Seeking under Distress,24,24-4,6603,0,0.0,6603
W3 2025,Online Coping and Support Seeking under Distress,24,24-5,6603,0,0.0,6603
W3 2025,Online Coping and Support Seeking under Distress,24,24-6,6603,0,0.0,6603
W3 2025,Online Coping and Support Seeking under Distress,24,24-7,6603,0,0.0,6603
W2 2024,Parental Marital Status / Family Structure,v2,v2,6603,0,0.0,6603
W3 2025,Parental Marital Status / Family Structure,3,3,6603,0,0.0,6603
