column,min,max,median,avg,p22,p75
student_oid,,,,,,
student_id,,,,,,
qb_code,,,,,,
q_name,2024.0,2024.0,2024.0,2024.0,2024.0,2024.0
school_id,11301.0,714502.0,104506.0,148629.057,34557.0,191313.0
school_name,,,,,,
class,2.0,829.0,803.0,678.177,801.0,809.0
status,0.0,0.0,0.0,0.0,0.0,0.0
name,111119.0,6.96969696969697e+29,2.7722373727727272e+29,3.1285429288106062e+29,619396008.74,5.900780301583333e+29
cell,-977626273.0,9030092454.0,936037893.0,933138659.773,910980648.56,971601101.0
cell_who,1.0,3.0,1.0,1.336,1.0,2.0
email,3.142,9.44454454554444e+49,6351910.5,5.862229112586217e+48,508649.04,944076401.25
v1,1.0,2.0,2.0,1.507,1.0,2.0
v2,0.0,1.0,0.375,0.425,0.375,0.375
v3,0.0,1.0,0.556,0.543,0.444,0.667
v4_1,0.0,1.0,0.667,0.708,0.667,1.0
v4_2,0.0,1.0,0.667,0.6,0.333,0.667
v4_3,0.0,1.0,0.667,0.699,0.667,1.0
v5_1,0.0,1.0,0.667,0.734,0.667,1.0
v5_2,0.0,1.0,0.667,0.745,0.667,1.0
v5_3,0.0,1.0,0.667,0.677,0.333,1.0
v5_4,0.0,1.0,0.667,0.755,0.667,1.0
v5_5,0.0,1.0,0.667,0.682,0.333,1.0
v5_6,0.0,1.0,0.667,0.731,0.667,1.0
v6_1,0.0,1.0,0.333,0.475,0.333,0.667
v6_2,0.0,1.0,0.667,0.671,0.333,1.0
v6_3,0.0,1.0,0.667,0.738,0.667,1.0
v6_4,0.0,1.0,0.667,0.688,0.333,1.0
v6_5,0.0,1.0,0.0,0.154,0.0,0.333
v6_6,0.0,1.0,0.333,0.316,0.0,0.333
v6_7,0.0,1.0,0.667,0.681,0.333,1.0
v6_8,0.0,1.0,0.333,0.354,0.0,0.667
v6_9,0.0,1.0,0.0,0.218,0.0,0.333
v6_10,0.0,1.0,0.667,0.653,0.333,1.0
v7a_1,0.0,1.0,0.667,0.525,0.333,0.667
v7a_2,0.0,1.0,0.667,0.569,0.333,0.667
v7a_3,0.0,1.0,0.333,0.458,0.0,0.667
v7a_4,0.0,1.0,1.0,0.8,0.667,1.0
v7a_5,0.0,1.0,1.0,0.805,0.667,1.0
v7a_6,0.0,1.0,1.0,0.824,0.667,1.0
v7b_1,0.0,1.0,0.333,0.286,0.0,0.333
v7b_2,0.0,1.0,0.333,0.389,0.333,0.667
v7b_3,0.0,1.0,0.333,0.271,0.0,0.333
v7b_4,0.0,1.0,0.667,0.687,0.667,1.0
v7b_5,0.0,1.0,0.667,0.691,0.667,1.0
v7b_6,0.0,1.0,0.667,0.722,0.667,1.0
v8_01,0.0,1.0,0.0,0.266,0.0,1.0
v8_02,0.0,1.0,1.0,0.619,0.0,1.0
v8_03,0.0,1.0,0.0,0.37,0.0,1.0
v8_04,0.0,1.0,0.0,0.022,0.0,0.0
v8_05,0.0,1.0,0.0,0.49,0.0,1.0
v8_06,0.0,1.0,0.0,0.075,0.0,0.0
v8_07,0.0,1.0,0.0,0.293,0.0,1.0
v8_08,0.0,1.0,0.0,0.354,0.0,1.0
v8_09,0.0,1.0,0.0,0.417,0.0,1.0
v8_10,0.0,1.0,0.0,0.084,0.0,0.0
v8_11,0.0,1.0,0.0,0.053,0.0,0.0
v8_12,0.0,1.0,0.0,0.136,0.0,0.0
v8_13,0.0,1.0,0.0,0.15,0.0,0.0
v9_1,0.0,1.0,0.667,0.59,0.333,0.667
v9_2,0.0,1.0,0.333,0.305,0.0,0.333
v9_3,0.0,1.0,0.667,0.579,0.333,0.667
v10_1,0.0,1.0,0.0,0.219,0.0,0.333
v10_2,0.0,1.0,0.333,0.284,0.0,0.333
v11_1,0.0,1.0,0.667,0.673,0.667,1.0
v11_2,0.0,1.0,0.667,0.553,0.333,0.667
v12_1,0.0,1.0,0.667,0.704,0.667,1.0
v12_2,0.0,1.0,0.667,0.73,0.667,1.0
v12_3,0.0,1.0,0.667,0.651,0.333,0.667
v13,1.0,56.0,15.0,16.02,7.0,23.0
v14_1_01,0.0,60.0,11.0,13.048,3.0,21.0
v14_1_02,0.0,60.0,12.0,13.707,4.0,22.0
v14_1_03,0.0,60.0,12.0,13.918,3.0,22.0
v14_1_04,0.0,60.0,12.0,13.16,0.0,22.0
v14_1_05,0.0,60.0,9.0,12.162,0.0,22.0
v14_2_01,0.0,60.0,3.0,8.328,0.0,14.0
v14_2_02,0.0,60.0,1.0,7.96,0.0,14.0
v14_2_03,0.0,60.0,0.0,7.584,0.0,14.0
v14_2_04,0.0,60.0,0.0,6.74,0.0,12.0
v14_2_05,0.0,60.0,0.0,5.888,0.0,8.0
v14_3_01,0.0,60.0,10.0,12.285,2.0,19.0
v14_3_02,0.0,60.0,12.0,13.821,4.0,21.0
v14_3_03,0.0,60.0,13.0,14.677,5.0,23.0
v14_3_04,0.0,60.0,13.0,14.602,3.0,23.0
v14_3_05,0.0,60.0,12.0,13.347,0.0,23.0
v14_4_01,0.0,60.0,4.0,8.273,0.0,13.0
v14_4_02,0.0,60.0,4.0,8.601,0.0,14.0
v14_4_03,0.0,60.0,0.0,8.342,0.0,15.0
v14_4_04,0.0,60.0,0.0,7.898,0.0,15.0
v14_4_05,0.0,60.0,0.0,6.762,0.0,11.0
v15,0.0,1.0,0.5,0.416,0.25,0.5
v16,0.0,1.0,0.4,0.405,0.2,0.6
v17,0.0,1.0,0.0,0.315,0.0,1.0
v17_01,0.0,1.0,1.0,0.822,1.0,1.0
v17_02,0.0,1.0,1.0,0.75,0.0,1.0
v17_03,0.0,1.0,1.0,0.548,0.0,1.0
v17_04,0.0,1.0,0.0,0.171,0.0,0.0
v17_05,0.0,1.0,0.0,0.087,0.0,0.0
v17_06,0.0,1.0,0.0,0.009,0.0,0.0
v17_07,0.0,1.0,0.0,0.027,0.0,0.0
v18_1,0.0,1.0,0.444,0.51,0.222,0.778
v18_2,0.0,1.0,0.556,0.595,0.444,0.778
v18_3,0.0,1.0,0.444,0.526,0.333,0.778
v18_4,0.0,1.0,0.444,0.438,0.111,0.667
v19_1,0.0,1.0,1.0,0.807,0.667,1.0
v19_2,0.0,1.0,0.667,0.713,0.667,1.0
v19_3,0.0,1.0,0.667,0.576,0.333,0.667
v19_4,0.0,1.0,0.667,0.586,0.333,1.0
v19_5,0.0,1.0,0.333,0.459,0.0,0.667
v19_6,0.0,1.0,0.0,0.232,0.0,0.333
v19_7,0.0,1.0,0.667,0.494,0.333,0.667
v19_8,0.0,1.0,0.667,0.751,0.667,1.0
v19_9,0.0,1.0,0.667,0.584,0.333,1.0
v19_10,0.0,1.0,0.333,0.45,0.0,0.667
v20_1_1,0.0,1.0,0.25,0.354,0.0,0.5
v20_1_2,0.0,1.0,0.25,0.352,0.0,0.75
v20_1_3,0.0,1.0,0.5,0.427,0.25,0.75
v20_1_4,0.0,1.0,0.25,0.269,0.0,0.5
v20_1_5,0.0,1.0,0.25,0.247,0.0,0.5
v20_1_6,0.0,1.0,0.25,0.28,0.0,0.5
v20_1_7,0.0,1.0,0.5,0.519,0.25,0.75
v20_1_8,0.0,1.0,0.5,0.447,0.25,0.75
v20_1_9,0.0,1.0,0.25,0.338,0.0,0.5
v20_1_10,0.0,1.0,0.0,0.144,0.0,0.25
v20_1_11,0.0,1.0,0.25,0.24,0.0,0.5
v20_1_12,0.0,1.0,0.0,0.164,0.0,0.25
v20_2_1,0.0,1.0,0.5,0.404,0.0,0.75
v20_2_2,0.0,1.0,0.5,0.396,0.0,0.75
v20_2_3,0.0,1.0,0.5,0.431,0.25,0.75
v20_2_4,0.0,1.0,0.25,0.295,0.0,0.5
v20_2_5,0.0,1.0,0.25,0.234,0.0,0.5
v20_2_6,0.0,1.0,0.25,0.308,0.0,0.5
v20_2_7,0.0,1.0,0.75,0.561,0.25,0.75
v20_2_8,0.0,1.0,0.5,0.477,0.25,0.75
v20_2_9,0.0,1.0,0.25,0.357,0.0,0.5
v20_2_10,0.0,1.0,0.0,0.159,0.0,0.25
v20_2_11,0.0,1.0,0.25,0.271,0.0,0.5
v20_2_12,0.0,1.0,0.0,0.177,0.0,0.25
v21_1,0.0,1.0,0.182,0.196,0.091,0.273
v21_2,0.0,1.0,0.091,0.136,0.0,0.182
v21_3,0.0,1.0,0.273,0.336,0.091,0.545
v21_4,0.0,1.0,0.273,0.354,0.091,0.455
v21_5,0.0,1.0,0.182,0.252,0.091,0.364
v21_6,0.0,1.0,0.182,0.279,0.091,0.364
v22_1,0.0,1.0,0.333,0.465,0.0,0.667
v22_2,0.0,1.0,0.667,0.507,0.333,0.667
v22_3,0.0,1.0,0.667,0.547,0.333,0.667
v22_4,0.0,1.0,0.667,0.508,0.333,0.667
v22_5,0.0,1.0,0.667,0.576,0.333,1.0
v22_6,0.0,1.0,0.0,0.265,0.0,0.333
v23_1,0.0,1.0,0.667,0.488,0.0,0.667
v23_2,0.0,1.0,0.667,0.475,0.0,0.667
v23_3,0.0,1.0,0.333,0.303,0.0,0.667
v23_4,0.0,1.0,0.333,0.404,0.0,0.667
v23_5,0.0,1.0,0.333,0.373,0.0,0.667
v23_6,0.0,1.0,0.333,0.337,0.0,0.667
v23_7,0.0,1.0,0.333,0.346,0.0,0.667
v23_8,0.0,1.0,0.333,0.383,0.0,0.667
v23_9,0.0,1.0,0.333,0.373,0.0,0.667
v24_1,0.0,1.0,0.667,0.536,0.333,0.667
v24_2,0.0,1.0,0.667,0.581,0.333,0.667
v24_3,0.0,1.0,0.333,0.439,0.0,0.667
v24_4,0.0,1.0,0.333,0.398,0.0,0.667
v24_5,0.0,1.0,0.333,0.332,0.0,0.667
v24_6,0.0,1.0,0.333,0.346,0.0,0.667
v25_1,0.0,1.0,0.667,0.581,0.333,0.667
v25_2,0.0,1.0,0.667,0.538,0.333,0.667
v25_3,0.0,1.0,0.667,0.517,0.333,0.667
v25_4,0.0,1.0,0.667,0.62,0.333,0.667
v25_5,0.0,1.0,0.667,0.594,0.333,0.667
v25_6,0.0,1.0,0.667,0.567,0.333,0.667
v25_7,0.0,1.0,0.333,0.417,0.0,0.667
v25_8,0.0,1.0,0.333,0.357,0.0,0.667
v25_9,0.0,1.0,0.333,0.354,0.0,0.667
v25_10,0.0,1.0,0.333,0.406,0.0,0.667
v25_11,0.0,1.0,0.333,0.381,0.0,0.667
v25_12,0.0,1.0,0.333,0.364,0.0,0.667
v25_13,0.0,1.0,0.667,0.497,0.333,0.667
v25_14,0.0,1.0,0.333,0.397,0.0,0.667
v25_15,0.0,1.0,0.333,0.328,0.0,0.667
v26_1,0.0,1.0,0.333,0.391,0.0,0.667
v26_2,0.0,1.0,0.333,0.419,0.0,0.667
v26_3,0.0,1.0,0.333,0.334,0.0,0.667
v26_4,0.0,1.0,0.667,0.596,0.333,0.667
v26_5,0.0,1.0,0.667,0.596,0.333,0.667
v26_6,0.0,1.0,0.667,0.626,0.333,0.667
v27_1,0.0,1.0,0.333,0.347,0.0,0.667
v27_2,0.0,1.0,0.333,0.365,0.0,0.667
v27_3,0.0,1.0,0.333,0.348,0.0,0.667
v27_4,0.0,1.0,0.333,0.269,0.0,0.333
v28_1,0.0,1.0,0.333,0.344,0.0,0.667
v28_2,0.0,1.0,0.333,0.321,0.0,0.333
v28_3,0.0,1.0,0.333,0.311,0.0,0.333
v28_4,0.0,1.0,0.333,0.434,0.0,0.667
v28_5,0.0,1.0,0.333,0.413,0.0,0.667
v28_6,0.0,1.0,0.333,0.431,0.0,0.667
v28_7,0.0,1.0,0.333,0.334,0.0,0.667
v28_8,0.0,1.0,0.333,0.255,0.0,0.333
v28_9,0.0,1.0,0.333,0.273,0.0,0.333
v28_10,0.0,1.0,0.333,0.265,0.0,0.333
v29_1,0.0,1.0,0.667,0.695,0.667,1.0
v29_2,0.0,1.0,0.667,0.517,0.333,0.667
v29_3,0.0,1.0,0.667,0.707,0.667,1.0
v29_4,0.0,1.0,0.667,0.713,0.667,1.0
v29_5,0.0,1.0,0.667,0.678,0.667,1.0
v30,0.0,1.0,0.333,0.308,0.0,0.333
v31,0.0,1.0,0.667,0.765,0.667,1.0
v32,0.0,1.0,0.667,0.628,0.333,1.0
v33,0.0,1.0,1.0,0.88,0.667,1.0
v34,0.0,1.0,1.0,0.764,0.0,1.0
v35_1,1.0,4.0,2.0,1.952,1.0,3.0
v35_2,1.0,4.0,2.0,2.38,2.0,3.0
v35_3,1.0,4.0,1.0,1.69,1.0,2.0
v35_4,1.0,4.0,2.0,2.13,1.0,3.0
v35_5,1.0,4.0,1.0,1.81,1.0,2.0
v35_6,1.0,4.0,1.0,1.501,1.0,2.0
v35_7,1.0,4.0,1.0,1.274,1.0,1.0
v35_8,1.0,4.0,1.0,1.476,1.0,2.0
v36,0.0,1.0,1.0,0.845,1.0,1.0
v37_1,1.0,4.0,2.0,1.844,1.0,2.0
v37_2,1.0,4.0,2.0,2.187,2.0,3.0
v37_3,1.0,4.0,1.0,1.632,1.0,2.0
v37_4,1.0,4.0,2.0,1.896,1.0,2.0
v37_5,1.0,4.0,1.0,1.659,1.0,2.0
v37_6,1.0,4.0,1.0,1.399,1.0,2.0
v37_7,1.0,4.0,1.0,1.241,1.0,1.0
v37_8,1.0,4.0,1.0,1.412,1.0,2.0
v38,0.0,1.0,1.0,0.884,1.0,1.0
v39_1,1.0,4.0,2.0,1.849,1.0,2.0
v39_2,1.0,4.0,2.0,2.141,1.0,3.0
v39_3,1.0,4.0,1.0,1.64,1.0,2.0
v39_4,1.0,4.0,2.0,1.866,1.0,2.0
v39_5,1.0,4.0,1.0,1.659,1.0,2.0
v39_6,1.0,4.0,1.0,1.588,1.0,2.0
v39_7,1.0,4.0,1.0,1.266,1.0,1.0
v40,0.0,1.0,1.0,0.933,1.0,1.0
v41_1,1.0,4.0,2.0,1.879,1.0,2.0
v41_2,1.0,4.0,2.0,2.119,2.0,3.0
v41_3,1.0,4.0,1.0,1.626,1.0,2.0
v41_4,1.0,4.0,2.0,1.849,1.0,2.0
v41_5,1.0,4.0,1.0,1.653,1.0,2.0
v41_6,1.0,4.0,1.0,1.548,1.0,2.0
v41_7,1.0,4.0,1.0,1.31,1.0,1.0
v42_01,0.0,1.0,0.0,0.102,0.0,0.0
v42_02,0.0,1.0,0.0,0.022,0.0,0.0
v42_03,0.0,1.0,0.0,0.024,0.0,0.0
v42_04,0.0,1.0,0.0,0.048,0.0,0.0
v42_05,0.0,1.0,0.0,0.027,0.0,0.0
v42_06,0.0,1.0,0.0,0.024,0.0,0.0
v42_07,0.0,1.0,0.0,0.023,0.0,0.0
v42_08,0.0,1.0,0.0,0.022,0.0,0.0
v42_09,0.0,1.0,0.0,0.064,0.0,0.0
v42_10,0.0,1.0,0.0,0.012,0.0,0.0
v42_11,0.0,1.0,0.0,0.049,0.0,0.0
v42_12,0.0,1.0,0.0,0.016,0.0,0.0
v42_13,0.0,1.0,0.0,0.033,0.0,0.0
v42_14,0.0,1.0,1.0,0.789,1.0,1.0
v43_1,0.0,1.0,0.333,0.347,0.0,0.667
v43_2,0.0,1.0,0.333,0.277,0.0,0.333
v44_1,0.0,1.0,0.667,0.728,0.667,1.0
v44_2,0.0,1.0,0.667,0.638,0.333,0.667
v44_3,0.0,1.0,0.667,0.557,0.333,0.667
v44_4,0.0,1.0,0.667,0.702,0.667,1.0
v44_5,0.0,1.0,0.667,0.67,0.667,1.0
v45_1,0.0,1.0,0.667,0.57,0.333,0.667
v45_2,0.0,1.0,0.667,0.556,0.333,0.667
v45_3,0.0,1.0,0.333,0.458,0.333,0.667
v45_4,0.0,1.0,0.333,0.399,0.0,0.667
v46_1,0.0,1.0,1.0,0.807,1.0,1.0
v46_2,0.0,1.0,0.0,0.34,0.0,1.0
v46_3,0.0,1.0,0.0,0.263,0.0,1.0
v47_1,0.0,1.0,0.75,0.674,0.5,0.75
v47_2,0.0,1.0,0.75,0.692,0.5,0.75
v47_3,0.0,1.0,0.75,0.705,0.5,0.75
v47_4,0.0,1.0,0.75,0.759,0.5,1.0
v47_5,0.0,1.0,0.75,0.737,0.5,1.0
v47_6,0.0,1.0,0.75,0.708,0.5,1.0
v47_7,0.0,1.0,0.5,0.442,0.25,0.75
v47_8,0.0,1.0,0.5,0.547,0.25,0.75
v47_9,0.0,1.0,0.5,0.574,0.5,0.75
v48_01,0.0,1.0,0.0,0.356,0.0,1.0
v48_02,0.0,1.0,1.0,0.63,0.0,1.0
v48_03,0.0,1.0,1.0,0.651,0.0,1.0
v48_04,0.0,1.0,0.0,0.481,0.0,1.0
v48_05,0.0,1.0,0.0,0.481,0.0,1.0
v48_06,0.0,1.0,0.0,0.434,0.0,1.0
v48_07,0.0,1.0,0.0,0.355,0.0,1.0
v48_08,0.0,1.0,0.0,0.162,0.0,0.0
v49,0.0,1.0,0.667,0.636,0.667,0.667
v50,0.0,1.0,0.667,0.708,0.667,1.0
v51,0.0,1.0,0.667,0.696,0.667,1.0
v521,0.0,1.0,0.667,0.74,0.667,1.0
v52_1,0.0,1.0,0.667,0.691,0.667,1.0
v52_2,0.0,1.0,0.667,0.688,0.333,1.0
v52_3,0.0,1.0,0.667,0.644,0.333,1.0
v53_1,0.0,1.0,1.0,0.756,0.5,1.0
v53_2,0.0,1.0,1.0,0.753,0.5,1.0
v53_3,0.0,1.0,1.0,0.736,0.5,1.0
v53_4,0.0,1.0,1.0,0.721,0.5,1.0
v53_5,0.0,1.0,0.5,0.672,0.5,1.0
v54_1,0.0,1.0,0.667,0.791,0.667,1.0
v54_2,0.0,1.0,0.667,0.781,0.667,1.0
v54_3,0.0,1.0,0.667,0.801,0.667,1.0
v54_4,0.0,1.0,0.667,0.694,0.667,1.0
v54_5,0.0,1.0,0.667,0.709,0.667,1.0
v54_6,0.0,1.0,0.667,0.7,0.667,1.0
v54_7,0.0,1.0,0.667,0.678,0.667,1.0
v54_8,0.0,1.0,0.667,0.638,0.333,0.667
v54_9,0.0,1.0,0.667,0.676,0.667,1.0
v54_10,0.0,1.0,0.667,0.761,0.667,1.0
v54_11,0.0,1.0,0.667,0.706,0.667,1.0
v54_12,0.0,1.0,0.667,0.581,0.333,0.667
v54_13,0.0,1.0,0.667,0.638,0.333,0.667
v54_14,0.0,1.0,0.667,0.741,0.667,1.0
v54_15,0.0,1.0,0.667,0.712,0.667,1.0
v54_16,0.0,1.0,0.667,0.689,0.667,1.0
v54_17,0.0,1.0,0.667,0.732,0.667,1.0
v54_18,0.0,1.0,0.667,0.785,0.667,1.0
v54_19,0.0,1.0,0.667,0.742,0.667,1.0
v54_20,0.0,1.0,0.667,0.667,0.667,0.667
v55_1,0.0,1.0,0.0,0.111,0.0,0.25
v55_2,0.0,1.0,0.0,0.193,0.0,0.25
v55_3,0.0,1.0,0.0,0.175,0.0,0.25
v55_4,0.0,1.0,0.0,0.089,0.0,0.0
v55_5,0.0,1.0,0.0,0.07,0.0,0.0
v55_6,0.0,1.0,0.0,0.094,0.0,0.0
v55_7,0.0,1.0,0.0,0.138,0.0,0.25
v55_8,0.0,1.0,0.0,0.243,0.0,0.5
v55_9,0.0,1.0,0.0,0.103,0.0,0.0
v55_10,0.0,1.0,0.0,0.154,0.0,0.25
v55_11,0.0,1.0,0.0,0.102,0.0,0.0
v55_12,0.0,1.0,0.0,0.124,0.0,0.25
v55_13,0.0,1.0,0.0,0.152,0.0,0.25
v55_14,0.0,1.0,0.0,0.145,0.0,0.25
v56_1,0.0,1.0,0.5,0.576,0.333,0.833
v56_2,0.0,1.0,0.667,0.627,0.333,0.833
v56_3,0.0,1.0,0.667,0.603,0.333,0.833
v56_4,0.0,1.0,0.667,0.597,0.333,0.833
v56_5,0.0,1.0,0.667,0.601,0.333,0.833
v56_6,0.0,1.0,0.667,0.62,0.333,0.833
v57_1,0.0,1.0,0.75,0.66,0.25,1.0
v57_2,0.0,1.0,0.75,0.656,0.25,1.0
v57_3,0.0,1.0,0.75,0.632,0.25,1.0
v57_4,0.0,1.0,0.75,0.599,0.25,1.0
v57_5,0.0,1.0,0.75,0.647,0.25,1.0
v58_1h,0.0,1.0,0.4,0.381,0.4,0.4
v58_1m,0.0,1.0,0.364,0.411,0.182,0.545
v58_2h,0.0,1.0,0.286,0.244,0.143,0.286
v58_2m,0.0,1.0,0.273,0.379,0.0,0.727
v59_1h,0.0,1.0,0.957,0.872,0.913,0.957
v59_1m,0.0,1.0,0.364,0.327,0.0,0.545
v59_2h,0.0,1.0,0.217,0.224,0.217,0.217
v59_2m,0.0,1.0,0.545,0.446,0.091,0.727
v59_3h,0.0,0.0,0.0,0.0,0.0,0.0
v59_3m,0.0,1.0,0.182,0.319,0.0,0.545
v59_4h,0.0,0.0,0.0,0.0,0.0,0.0
v59_4m,0.0,1.0,0.273,0.312,0.0,0.545
v59_5,0.0,1.0,0.667,0.681,0.667,1.0
v60_1,0.0,1.0,0.167,0.148,0.0,0.167
v60_2,0.0,1.0,0.167,0.15,0.0,0.167
v61,-5.0,230.0,163.0,163.287,157.0,169.0
v62,-5.0,563.0,51.5,54.83,45.0,60.0
v63,1.0,9.0,4.0,4.195,3.0,5.0
