index,y_true,y_pred,residual
8,2.8051179717078982,1.3247605957116722,1.480357375996226
14,-0.218223701741338,0.03406297466732488,-0.25228667640866287
17,2.8051179717078982,0.30076948751563326,2.504348484192265
19,-0.05026027543860274,-0.03725123692003345,-0.013009038518569285
23,0.11770315086413255,0.04389068275866786,0.07381246810546468
31,-0.7221139806495441,-0.2596971166448203,-0.4624168640047238
37,-0.7221139806495441,-0.06786604248132665,-0.6542479381682175
41,-0.7221139806495441,0.17249320874970764,-0.8946071893992518
45,-0.6381322674981765,-0.10460737720739985,-0.5335248902907767
50,-0.30220541489270564,-0.16298816010360823,-0.1392172547890974
51,0.5376117166209713,0.34540534129298345,0.19220637532798784
57,1.2094654218319123,0.6415208127653201,0.5679446090665922
61,0.5376117166209713,-0.4101468481424638,0.9477585647634351
65,0.11770315086413255,-0.30622894418084895,0.4239320950449815
73,1.2934471349832803,-0.24371121202553508,1.5371583470088155
79,2.217245979648325,0.3851833389673277,1.8320626406809972
80,1.629373987588751,0.3246587684040558,1.3047152191846951
84,-0.7221139806495441,-0.6713399404404408,-0.050774040209103366
87,-0.05026027543860274,-0.22682262711093984,0.1765623516723371
88,-0.30220541489270564,-0.0493078445800905,-0.2528975703126151
91,-0.3861871280440733,-0.35138247875356665,-0.03480464929050664
93,1.2934471349832803,0.8492319902372569,0.4442151447460234
95,-0.05026027543860274,-0.5515409500299132,0.5012806745913104
96,0.8735385692264418,-0.033803529296465344,0.9073420985229071
100,-0.6381322674981765,-0.5670582334307925,-0.071074034067384
101,0.789556856075074,0.1787796294440923,0.6107772266309817
106,1.125483708680545,0.5329257880864846,0.5925579205940603
122,2.217245979648325,0.06341722808515242,2.1538287515631724
131,-0.4701688411954412,-0.5842643591268359,0.11409551793139472
132,-0.7221139806495441,-0.15342831752796357,-0.5686856631215805
156,0.11770315086413255,0.3294018394325496,-0.21169868856841703
157,0.20168486401550045,-0.0914460125239934,0.2931308765394939
167,-0.6381322674981765,-0.199377477751222,-0.43875478974695453
168,-0.218223701741338,-0.08940693359751979,-0.1288167681438182
169,-0.3861871280440733,-0.24053241911045398,-0.14565470893361931
176,0.20168486401550045,0.42707612244898296,-0.2253912584334825
177,2.8051179717078982,0.06468344467654213,2.740434527031356
179,-0.13424198858997038,-0.12499273595925733,-0.00924925263071305
185,-0.7221139806495441,-0.1907147301374583,-0.5313992505120858
188,0.03372143771276491,-0.1729217225909839,0.2066431603037488
196,-0.4701688411954412,-0.19680688092907994,-0.2733619602663613
198,1.4614105612860155,0.7125564018615675,0.748854159424448
199,-0.05026027543860274,0.2018501196243383,-0.25211039506294103
208,-0.3861871280440733,-0.20697735365803244,-0.17920977438604085
210,3.980861955827046,-0.059654941867326346,4.040516897694372
216,-0.7221139806495441,-0.24729957853260776,-0.4748144021169364
217,0.45363000346960336,-0.0544800041206877,0.508110007590291
221,-0.5541505543468088,-0.558952289316512,0.004801734969703153
228,-0.13424198858997038,-0.4326471125990458,0.29840512400907543
230,3.980861955827046,1.0641376958154865,2.9167242600115593
231,0.7055751429237066,0.2686592952472273,0.4369158476764793
233,2.8051179717078982,1.2480761565541891,1.557041815153709
239,0.03372143771276491,0.13613432859146016,-0.10241289087869525
245,-0.7221139806495441,-0.6180729792227155,-0.1040410014268286
247,0.8735385692264418,0.20907241286516082,0.664466156361281
248,1.629373987588751,0.6085697586791071,1.0208042289096437
251,0.6215934297723387,0.7071650067957423,-0.08557157702340368
254,0.2856665771668681,1.11073545022014,-0.825068873053272
259,-0.7221139806495441,-0.343995582325372,-0.37811839832417216
263,1.629373987588751,1.0678918429465976,0.5614821446421534
265,0.7055751429237066,0.5214229201206492,0.18415222280305743
286,-0.13424198858997038,0.09987386218059947,-0.23411585077056984
290,-0.6381322674981765,-0.12490298912911825,-0.5132292783690583
291,-0.7221139806495441,-0.18697651983779615,-0.535137460811748
296,-0.7221139806495441,-0.4212282494624178,-0.3008857311871263
308,0.3696482903182357,0.12757585302400587,0.24207243729422984
318,1.125483708680545,0.14170841988276917,0.9837752887977758
319,-0.6381322674981765,-0.46123908653227763,-0.1768931809658989
321,0.45363000346960336,0.6068110151387958,-0.1531810116691924
322,2.8051179717078982,0.2505994606683139,2.5545185110395843
323,-0.13424198858997038,-0.3648814602606397,0.23063947167066934
324,-0.5541505543468088,-0.05522003330487135,-0.49893052104193747
325,-0.4701688411954412,-0.2622605348084815,-0.20790830638695973
332,3.8968802426756786,1.0860386785210776,2.810841564154601
333,-0.3861871280440733,0.09002790219836271,-0.476215030242436
334,-0.30220541489270564,-0.11073976917941704,-0.1914656457132886
339,-0.7221139806495441,0.005914655478070496,-0.7280286361276146
346,-0.5541505543468088,-0.04809607154311468,-0.5060544828036941
347,-0.7221139806495441,-0.3884672121833833,-0.3336467684661608
351,0.6215934297723387,1.394100015043719,-0.7725065852713804
371,2.8890996848592656,0.09890874973007333,2.7901909351291923
373,-0.6381322674981765,-0.07523788578865756,-0.562894381709519
376,-0.7221139806495441,-0.24537278457946182,-0.4767411960700823
378,-0.05026027543860274,0.40644524613552285,-0.4567055215741256
381,1.2934471349832803,0.5208539691958355,0.7725931657874449
393,-0.5541505543468088,-0.25080819378609404,-0.3033423605607148
401,1.2934471349832803,1.1184136272498586,0.17503350773342174
408,-0.4701688411954412,-0.14870713987098108,-0.32146170132446017
410,-0.7221139806495441,-0.22352124492441314,-0.49859273572513096
421,0.20168486401550045,0.18437218482420856,0.017312679191291896
425,-0.13424198858997038,0.7810079052287187,-0.915249893818689
426,0.20168486401550045,0.30696285157676,-0.10527798756125956
429,0.03372143771276491,0.02815123082536247,0.005570206887402441
432,-0.7221139806495441,-0.0547506750024567,-0.6673633056470875
434,-0.7221139806495441,-0.4283260137170777,-0.29378796693246645
435,-0.30220541489270564,-0.060335149842837034,-0.2418702650498686
437,-0.7221139806495441,-0.5941151477293003,-0.12799883292024383
438,-0.7221139806495441,-0.37291752225771746,-0.34919645839182667
439,-0.6381322674981765,-0.19059256394552226,-0.44753970355265427
447,2.1332642664969566,0.12996928194029422,2.0032949845566623
457,-0.5541505543468088,-0.34441355186201983,-0.209737002484789
465,3.2250265374647364,1.461380982377784,1.7636455550869525
468,3.3090082506161047,0.6795168968934524,2.6294913537226523
469,0.45363000346960336,0.07861539300766444,0.3750146104619389
472,-0.7221139806495441,-0.12715532526773543,-0.5949586553818087
473,-0.7221139806495441,-0.5222630069927845,-0.19985097365675963
476,-0.7221139806495441,-0.36144787141903284,-0.3606661092305113
478,-0.7221139806495441,-0.5212971576605304,-0.2008168229890137
479,-0.7221139806495441,-0.4652886119070765,-0.25682536874246764
486,-0.30220541489270564,1.0298544973112596,-1.3320599122039651
487,-0.30220541489270564,-0.18649485128912358,-0.11571056360358206
491,-0.4701688411954412,0.16015444166342074,-0.630323282858862
496,1.629373987588751,-9.72097038874581e-05,1.6294711972926383
500,-0.7221139806495441,0.0791795527562749,-0.801293533405819
501,0.20168486401550045,0.24830593165644657,-0.04662106764094612
503,-0.05026027543860274,0.3908965158341155,-0.44115679127271823
505,-0.7221139806495441,-0.05613746962481732,-0.6659765110247268
506,-0.6381322674981765,1.4711444874742494,-2.109276754972426
509,0.03372143771276491,0.22176063273506202,-0.1880391950222971
511,0.11770315086413255,0.16014289800778822,-0.04243974714365567
518,0.3696482903182357,0.3438442578591219,0.02580403245911378
527,-0.7221139806495441,0.15901338779279012,-0.8811273684423342
534,-0.5541505543468088,-0.39912553958666896,-0.15502501476013986
535,-0.5541505543468088,-0.049332506723340074,-0.5048180476234687
538,-0.30220541489270564,0.34204974302532654,-0.6442551579180322
543,0.45363000346960336,0.4117810157570081,0.041848987712595265
544,-0.7221139806495441,0.20041700533491197,-0.9225309859844562
547,-0.7221139806495441,0.4912825495138429,-1.213396530163387
549,-0.6381322674981765,-0.008347005894242499,-0.629785261603934
550,0.6215934297723387,0.6890998758240243,-0.06750644605168565
561,0.20168486401550045,0.2969314585084763,-0.09524659449297584
565,3.7289168163729425,1.27493448161147,2.4539823347614727
576,-0.7221139806495441,0.5642309002671184,-1.2863448809166624
585,2.8051179717078982,0.6777943610238963,2.1273236106840017
586,3.2250265374647364,0.5534550156042257,2.6715715218605105
592,-0.7221139806495441,-0.3180127187716618,-0.4041012618778823
599,1.2094654218319123,0.29219349258918637,0.9172719292427259
604,0.45363000346960336,0.7492595349248706,-0.29562953145526727
611,-0.7221139806495441,-0.24256973039723984,-0.4795442502523043
620,-0.05026027543860274,0.1390637264120302,-0.18932400185063292
622,-0.7221139806495441,0.06027838705916514,-0.7823923677087092
625,-0.7221139806495441,0.029911407821878195,-0.7520253884714223
626,-0.218223701741338,0.20540775461625155,-0.4236314563575896
640,0.11770315086413255,0.06076246457813275,0.0569406862859998
642,0.8735385692264418,0.29142133068101356,0.5821172385454283
672,-0.7221139806495441,-0.43279123885222637,-0.28932274179731776
676,0.3696482903182357,0.01611392457225167,0.353534365745984
681,-0.7221139806495441,-0.5995847024751624,-0.12252927817438175
683,-0.13424198858997038,-0.0841561902963211,-0.050085798293649286
696,-0.7221139806495441,-0.45846022719615853,-0.2636537534533856
705,-0.5541505543468088,-0.2049851511075724,-0.3491654032392364
706,-0.5541505543468088,-0.0387444682907481,-0.5154060860560608
711,0.6215934297723387,0.5712170462808757,0.050376383491463006
712,-0.05026027543860274,0.09808220219270536,-0.1483424776313081
730,-0.7221139806495441,-0.3131248971054283,-0.40898908354411584
733,-0.7221139806495441,-0.26313135829378836,-0.45898262235575576
734,-0.4701688411954412,-0.30820287794996465,-0.16196596324547657
736,-0.7221139806495441,-0.4031192416058199,-0.3189947390437242
737,-0.6381322674981765,-0.08803735787915255,-0.550094909619024
742,-0.7221139806495441,-0.37007400878055285,-0.3520399718689913
743,-0.4701688411954412,-0.12904693605905856,-0.34112190513638263
746,-0.7221139806495441,-0.48736422985881933,-0.2347497507907248
747,0.2856665771668681,0.006025478706675563,0.2796410984601925
748,-0.6381322674981765,-0.5322084247807141,-0.10592384271746247
752,-0.7221139806495441,-0.3439189053446364,-0.3781950753049077
755,-0.3861871280440733,-0.24724082044909076,-0.13894630759498253
756,-0.13424198858997038,-0.02914085154504652,-0.10510113704492387
763,3.980861955827046,2.1375826001214735,1.8432793557055724
764,0.03372143771276491,1.1129465662305569,-1.079225128517792
786,-0.30220541489270564,-0.2617142347475889,-0.04049118014511671
789,-0.7221139806495441,-0.14702674838013358,-0.5750872322694105
798,1.629373987588751,0.11034421476411756,1.5190297728246334
800,-0.7221139806495441,-0.5050936543268723,-0.21702032632267187
805,1.125483708680545,0.5546954153128667,0.5707882933676782
811,-0.30220541489270564,0.7116044305921468,-1.0138098454848525
812,3.980861955827046,-0.06079542674108532,4.041657382568132
828,-0.7221139806495441,-0.1207797870363827,-0.6013341936131614
833,0.20168486401550045,-0.11487398136109817,0.3165588453765986
838,0.45363000346960336,-0.23978853006299702,0.6934185335326004
842,-0.5541505543468088,-0.031769000099335636,-0.5223815542474732
847,0.03372143771276491,0.3165966203834323,-0.28287518267066736
852,-0.13424198858997038,0.20148156980265114,-0.3357235583926215
864,-0.6381322674981765,-0.02027353110736362,-0.6178587363908129
865,-0.6381322674981765,-0.23934506531789485,-0.3987872021802817
866,1.3774288481346477,0.2960504173468938,1.0813784307877539
904,0.3696482903182357,-0.2553968754322198,0.6250451657504554
911,-0.7221139806495441,-0.28449428173592806,-0.4376196989136161
921,-0.7221139806495441,-0.3331440788601626,-0.3889699017893815
927,-0.7221139806495441,-0.4034843400895497,-0.31862964055999443
932,-0.5541505543468088,-0.28951637857271845,-0.2646341757740904
937,-0.218223701741338,0.4549509893209027,-0.6731746910622407
940,0.3696482903182357,0.07738206431828733,0.2922662259999484
957,-0.6381322674981765,-0.41100023766950994,-0.2271320298286666
960,-0.7221139806495441,0.5579609743063474,-1.2800749549558916
965,-0.218223701741338,0.019476469112835317,-0.23770017085417333
970,0.20168486401550045,0.09512404989248593,0.10656081412301452
982,0.2856665771668681,1.1732928827845908,-0.8876263056177227
994,-0.30220541489270564,-0.2207392659421556,-0.08146614895055004
996,-0.3861871280440733,-0.26297005390871425,-0.12321707413535904
1002,-0.7221139806495441,-0.35983858816655545,-0.3622753924829887
1005,-0.7221139806495441,-0.5087116892224383,-0.21340229142710587
1009,2.049282553345589,-0.23882838002890094,2.2881109333744902
1020,0.45363000346960336,0.08767287575122765,0.36595712771837574
1022,-0.7221139806495441,-0.5668498069287674,-0.15526417372077672
1024,-0.7221139806495441,-0.26484785060065913,-0.457266130048885
1025,-0.5541505543468088,-0.5574750684422798,0.003324514095470965
1033,-0.7221139806495441,-0.38356701729331355,-0.3385469633562306
1034,-0.4701688411954412,1.3330162095318192,-1.8031850507272604
1038,-0.13424198858997038,-0.5274527012589871,0.39321071266901675
1039,0.9575202823778092,0.6633923656035902,0.294127916774219
1041,-0.3861871280440733,-0.2966282667780549,-0.08955886126601836
1042,-0.6381322674981765,0.6232584845128826,-1.2613907520110592
1046,-0.13424198858997038,0.4113862654650381,-0.5456282540550085
1047,0.2856665771668681,-0.2206393625177751,0.5063059396846432
1049,-0.7221139806495441,0.19641561490758597,-0.9185295955571301
1055,-0.13424198858997038,0.11321475544166253,-0.24745674403163292
1056,-0.13424198858997038,-0.5324048887420889,0.3981629001521185
1057,-0.218223701741338,0.22343848137756875,-0.44166218311890676
1061,1.4614105612860155,0.6146697412922205,0.846740819993795
1074,0.3696482903182357,1.138278097283332,-0.7686298069650963
1075,2.38520940595106,0.3690342800314107,2.0161751259196494
1078,1.125483708680545,-0.025516463629853523,1.1510001723103984
1079,0.45363000346960336,-0.29326830633624845,0.7468983098058518
1084,-0.7221139806495441,0.051912232046946796,-0.774026212696491
1087,-0.5541505543468088,-0.1569371890632324,-0.3972133652835764
1090,-0.7221139806495441,0.3061898146825581,-1.0283037953321021
1097,0.03372143771276491,0.1627474077579785,-0.1290259700452136
1103,-0.7221139806495441,-0.20228780361268758,-0.5198261770368565
1108,1.041501995529177,1.4583725800099852,-0.41687058448080805
1109,0.11770315086413255,-0.05081735178014417,0.1685205026442767
1115,0.3696482903182357,-0.2540293463881673,0.623677636706403
1128,-0.218223701741338,0.044301498332736326,-0.2625252000740743
1142,-0.13424198858997038,-0.02327181766906164,-0.11097017092090875
1144,-0.7221139806495441,-0.09762678793782568,-0.6244871927117185
1149,0.3696482903182357,-0.04518484735071949,0.4148331376689552
1153,-0.7221139806495441,-0.6234324576378533,-0.09868152301169086
1158,-0.4701688411954412,0.3341983365812782,-0.8043671777767194
1163,0.45363000346960336,1.6290342634309551,-1.175404259961352
1168,1.4614105612860155,-0.07490738975380912,1.5363179510398246
1172,-0.7221139806495441,-0.2840645872228241,-0.43804939342672
1173,2.1332642664969566,0.09155398219186439,2.041710284305092
1174,-0.6381322674981765,-0.28193842876729514,-0.3561938387308814
1175,0.6215934297723387,-0.11023968529053821,0.7318331150628768
1176,0.9575202823778092,-0.20432368182729874,1.161843964205108
1181,2.8051179717078982,-0.2543207712055942,3.0594387429134926
1188,-0.218223701741338,-0.4541402358438917,0.23591653410255367
1192,-0.3861871280440733,-0.2357549590458893,-0.15043216899818398
1193,-0.7221139806495441,-0.020404992611455314,-0.7017089880380888
1195,-0.7221139806495441,-0.6751807996125392,-0.046933181037004945
1197,0.20168486401550045,0.15084496579016538,0.05083989822533508
1199,0.03372143771276491,-0.2903528324300674,0.3240742701428323
1201,-0.7221139806495441,-0.07757904376841156,-0.6445349368811326
1210,-0.4701688411954412,-0.27725938624563906,-0.19290945494980216
1215,0.03372143771276491,0.5199696070069746,-0.48624816929420966
1219,-0.7221139806495441,0.21453583150039923,-0.9366498121499434
1221,0.45363000346960336,1.2164838293473357,-0.7628538258777323
1223,-0.7221139806495441,-0.11801794724914368,-0.6040960334004004
1226,0.6215934297723387,0.08138070977332312,0.5402127199990155
1242,-0.13424198858997038,-0.1641883957483759,0.02994640715840552
1244,0.20168486401550045,0.02787508282368609,0.17380978119181437
1261,-0.7221139806495441,0.5388651265519396,-1.2609791072014838
1263,1.629373987588751,0.08327922789865096,1.5460947596901
1277,-0.5541505543468088,-0.283055980775259,-0.2710945735715498
1281,-0.05026027543860274,-0.19068743497857463,0.1404271595399719
1287,0.11770315086413255,-0.14575143777917302,0.26345458864330557
1295,-0.7221139806495441,1.0882767937992992,-1.8103907744488432
1297,3.980861955827046,-0.173051907757393,4.153913863584439
1298,1.041501995529177,0.36364419702097167,0.6778577985082055
1302,-0.7221139806495441,-0.340152156118342,-0.38196182453120214
1315,-0.7221139806495441,0.34920060958648524,-1.0713145902360295
1317,-0.7221139806495441,0.7670328063529557,-1.4891467870025
1320,-0.7221139806495441,0.09877244994304586,-0.82088643059259
1321,2.8051179717078982,-0.04829572173131046,2.8534136934392085
1322,2.8890996848592656,1.0249183797465378,1.8641813051127278
1328,-0.218223701741338,0.2907721345645064,-0.5089958363058444
1330,0.7055751429237066,0.30267875059601723,0.40289639232768937
1335,-0.7221139806495441,0.4202523506253497,-1.1423663312748937
1352,1.629373987588751,0.40480941306253626,1.2245645745262146
1370,-0.4701688411954412,0.23261189018011716,-0.7027807313755584
1372,-0.7221139806495441,0.04703057586457072,-0.7691445565141148
1373,0.03372143771276491,-0.30544124245121973,0.33916268016398465
1374,-0.4701688411954412,0.0037292747065583824,-0.4738981159019996
1375,0.7055751429237066,0.25128414463876475,0.45429099828494185
1379,-0.30220541489270564,-0.5031774734595835,0.2009720585668779
1383,1.629373987588751,-0.04995752207276309,1.679331509661514
1385,-0.05026027543860274,0.0018876683332918803,-0.05214794377189462
1393,-0.7221139806495441,-0.419845090008282,-0.3022688906412621
1400,-0.7221139806495441,-0.22736642413623073,-0.49474755651331337
1406,-0.5541505543468088,0.4340448749468473,-0.9881954292936561
1407,-0.4701688411954412,-0.10267315457590546,-0.36749568661953574
1410,-0.6381322674981765,-0.5502913483154845,-0.08784091918269199
1412,-0.6381322674981765,-0.2091169878657311,-0.42901527963244546
1414,-0.7221139806495441,-0.24220790700617084,-0.4799060736433733
1419,3.980861955827046,1.520732473291198,2.460129482535848
1420,-0.7221139806495441,-0.25942245313986606,-0.46269152750967807
1421,0.03372143771276491,-0.16975443431114196,0.20347587202390688
1423,-0.7221139806495441,-0.3598161360137787,-0.3622978446357654
1425,-0.30220541489270564,-0.20860619250669882,-0.09359922238600682
1426,-0.13424198858997038,-0.3625179231493092,0.2282759345593388
1429,-0.3861871280440733,-0.059198954182554074,-0.32698817386151924
1430,-0.6381322674981765,-0.2393347108004913,-0.39879755669768524
1436,-0.218223701741338,0.21832060713230517,-0.43654430887364315
1438,2.637154545405163,0.4504770916495698,2.186677453755593
1443,-0.6381322674981765,-0.07548398925163709,-0.5626482782465394
1446,-0.7221139806495441,-0.19675214818154296,-0.5253618324680012
1451,-0.7221139806495441,-0.3449327382962739,-0.3771812423532702
1452,-0.7221139806495441,-0.3260469782402064,-0.39606700240933773
1465,-0.4701688411954412,-0.22228776219526697,-0.24788107900017425
1467,0.45363000346960336,1.1264574141516173,-0.6728274106820139
1477,1.545392274437383,0.6713322150630144,0.8740600593743685
1480,-0.3861871280440733,0.08166288415196994,-0.4678500121960432
1483,-0.7221139806495441,-0.19636187037661107,-0.525752110272933
1487,1.629373987588751,0.3962948966517557,1.2330790909369953
1488,-0.7221139806495441,-0.08165218477841098,-0.6404617958711332
1498,-0.4701688411954412,-0.3551971295035569,-0.1149717116918843
1499,0.3696482903182357,-0.18819143479931444,0.5578397251175502
1501,-0.7221139806495441,-0.4263503068408277,-0.29576367380871643
1507,2.8051179717078982,0.42239261941259715,2.382725352295301
1509,0.11770315086413255,-0.1439321216483122,0.2616352725124448
1511,-0.7221139806495441,-0.09930998565212873,-0.6228039949974153
1515,-0.13424198858997038,-0.09647911205913055,-0.03776287653083983
1533,-0.7221139806495441,-0.0604066542540408,-0.6617073263955033
1535,-0.3861871280440733,0.1822319902112466,-0.5684191182553199
1536,-0.6381322674981765,0.12401913366946672,-0.7621514011676432
1539,0.8735385692264418,0.21335165811900872,0.6601869111074331
1543,1.3774288481346477,0.6596183214779792,0.7178105266566686
1544,-0.3861871280440733,-0.1783597479849385,-0.2078273800591348
1550,2.8051179717078982,0.7954719330693096,2.0096460386385884
1559,-0.4701688411954412,-0.2730999142724162,-0.19706892692302502
1561,2.049282553345589,0.4370033586103121,1.612279194735277
1562,0.3696482903182357,0.8232563649757172,-0.4536080746574815
1565,0.5376117166209713,0.38456634697554465,0.15304536964542664
1566,1.4614105612860155,0.7331121055878389,0.7282984556981766
1569,-0.3861871280440733,-0.01254744566074196,-0.37363968238333134
1582,-0.7221139806495441,-0.5559246278865995,-0.16618935276294466
1586,-0.218223701741338,-0.33017125195801095,0.11194755021667294
1593,-0.6381322674981765,-0.18848234737763503,-0.4496499201205415
1595,0.3696482903182357,0.20668739965831023,0.16296089065992547
1600,-0.7221139806495441,-0.4393519858838088,-0.2827619947657353
1606,-0.3861871280440733,-0.22484067038976252,-0.16134645765431077
1608,1.2934471349832803,0.7906606483880216,0.5027864865952587
1615,0.3696482903182357,0.1927499449030227,0.17689834541521302
1616,-0.05026027543860274,-0.13210510233731085,0.08184482689870812
1618,0.6215934297723387,-0.3514798876724999,0.9730733174448385
1623,1.125483708680545,0.2782710850779734,0.8472126236025715
1632,-0.30220541489270564,-0.16192516718834557,-0.14028024770436007
1634,-0.7221139806495441,-0.1762469764771871,-0.545867004172357
1643,-0.7221139806495441,-0.36188693735318517,-0.36022704329635896
1649,-0.13424198858997038,-0.48904878082486036,0.35480679223489
1650,-0.7221139806495441,-0.22358414828494144,-0.4985298323646027
1652,-0.7221139806495441,-0.4546931938163515,-0.26742078683319265
1656,0.3696482903182357,0.19887565938935164,0.17077263092888406
1662,1.545392274437383,0.9734973066338466,0.5718949678035363
1665,-0.218223701741338,-0.19703266822489163,-0.021191033516446384
1671,-0.7221139806495441,-0.3524259470869426,-0.36968803356260155
1672,-0.218223701741338,0.17344006730447942,-0.39166376904581746
1677,-0.7221139806495441,-0.33693503986829304,-0.3851789407812511
1683,-0.7221139806495441,-0.6129677684604762,-0.10914621218906795
1694,-0.30220541489270564,0.09285791138122136,-0.395063326273927
1702,-0.7221139806495441,0.08045841382536305,-0.8025723944749071
1706,-0.7221139806495441,-0.33925266323459574,-0.3828613174149484
1718,-0.218223701741338,-0.1535774470696697,-0.06464625467166832
1721,-0.6381322674981765,-0.44032729952570915,-0.19780496797246738
1726,-0.7221139806495441,-0.2582844636383712,-0.4638295170111729
1730,-0.7221139806495441,-0.6089822421804456,-0.11313173846909852
1737,-0.7221139806495441,-0.012617715892236257,-0.7094962647573079
1740,-0.7221139806495441,-0.21938306166881166,-0.5027309189807325
1741,0.45363000346960336,-0.4161103240368537,0.869740327506457
1744,0.6215934297723387,0.5117079683028413,0.1098854614694974
1747,-0.6381322674981765,-0.394688328786383,-0.24344393871179354
1755,1.4614105612860155,0.5761051195823298,0.8853054417036857
1760,0.03372143771276491,0.150162425967678,-0.1164409882549131
1782,-0.7221139806495441,-0.16079151604394482,-0.5613224646055993
1783,-0.6381322674981765,1.0159933515961983,-1.654125619094375
1786,-0.4701688411954412,-0.1283195024122182,-0.341849338783223
1789,0.20168486401550045,0.30547023726645633,-0.10378537325095588
1790,-0.7221139806495441,-0.3492674464573636,-0.37284653419218056
1803,-0.6381322674981765,-0.06858473714937041,-0.5695475303488061
1811,-0.13424198858997038,0.5882956553062733,-0.7225376438962436
1817,2.469191119102428,-0.04125584670611262,2.5104469658085407
1820,-0.7221139806495441,0.04061600556511357,-0.7627299862146577
1835,3.0570631111620017,-0.15338618221692807,3.2104492933789297
1839,-0.7221139806495441,-0.523356687742563,-0.19875729290698108
1844,1.041501995529177,0.07034620151892661,0.9711557940102505
1860,-0.6381322674981765,0.4655321199999332,-1.1036643874981098
1862,0.03372143771276491,0.1768036146678411,-0.1430821769550762
1864,0.20168486401550045,0.8125686168817162,-0.6108837528662158
1869,0.11770315086413255,-0.2508466086772395,0.36854975954137204
1870,-0.7221139806495441,-0.2081846434036607,-0.5139293372458834
1871,-0.7221139806495441,-0.3955784216364859,-0.32653555901305825
1872,-0.218223701741338,0.1903757799708145,-0.40859948171215255
1876,-0.7221139806495441,-0.6362381909382255,-0.0858757897113186
1880,-0.6381322674981765,-0.4420768385495332,-0.1960554289486433
1882,-0.7221139806495441,0.25604118555860855,-0.9781551662081527
1891,2.8051179717078982,-0.032562572581172955,2.8376805442890713
1893,-0.4701688411954412,-0.343263194849359,-0.1269056463460822
1894,-0.30220541489270564,-0.1853977273759923,-0.11680768751671333
1897,-0.7221139806495441,0.009660009784496531,-0.7317739904340407
1915,0.03372143771276491,-0.3704371763205089,0.4041586140332738
1916,-0.7221139806495441,-0.33501365057854277,-0.38710033007100136
1918,2.217245979648325,0.7005692230363778,1.516676756611947
1919,-0.7221139806495441,-0.2237214007906308,-0.49839257985891333
1926,-0.3861871280440733,-0.34645062626889406,-0.039736501775179234
1928,-0.7221139806495441,-0.20759542233907988,-0.5145185583104642
1934,0.7055751429237066,-0.09556249387780603,0.8011376368015126
1941,-0.7221139806495441,0.07491850702684655,-0.7970324876763907
1945,-0.7221139806495441,-0.23325922004287275,-0.4888547606066714
1954,-0.5541505543468088,-0.34762580666727366,-0.20652474767953516
1956,3.980861955827046,1.247298350727711,2.7335636050993353
1964,1.629373987588751,0.5040809311677282,1.1252930564210226
1965,-0.13424198858997038,0.03046482969445963,-0.16470681828443
1966,-0.7221139806495441,-0.0009111963742560911,-0.7212027842752881
1971,-0.4701688411954412,-0.1266689417702646,-0.3434998994251766
1992,-0.3861871280440733,-0.221488936389366,-0.16469819165470728
2018,0.5376117166209713,0.028903463442820746,0.5087082531781505
2020,-0.218223701741338,-0.2443622293669505,0.0261385276256125
2022,-0.7221139806495441,-0.324687645022438,-0.3974263356271061
2024,-0.4701688411954412,-0.11167040264440295,-0.35849843855103825
2029,0.45363000346960336,0.5177927705643505,-0.06416276709474711
2031,0.789556856075074,0.8872750019313375,-0.09771814585626348
2034,0.03372143771276491,0.018437734135460643,0.015283703577304266
2045,-0.7221139806495441,-0.2057079252187054,-0.5164060554308387
2057,0.8735385692264418,0.048323620747224474,0.8252149484792173
2063,0.03372143771276491,0.3752891212987084,-0.34156768358594347
2069,1.4614105612860155,0.3411786506882409,1.1202319105977747
2077,-0.5541505543468088,-0.06308749985674267,-0.49106305449006615
2083,-0.7221139806495441,-0.441801842830738,-0.28031213781880615
2094,-0.6381322674981765,-0.06923341224536173,-0.5688988552528148
2095,-0.4701688411954412,0.0597498983003012,-0.5299187394957424
2098,-0.7221139806495441,0.16939522105709617,-0.8915092017066403
2110,-0.7221139806495441,0.35147298269934424,-1.0735869633488884
2112,-0.7221139806495441,-0.1928285632899712,-0.5292854173595729
2114,0.3696482903182357,0.8868103638131213,-0.5171620734948856
2117,-0.7221139806495441,-0.4077360789988637,-0.3143779016506804
2118,-0.30220541489270564,-0.07787090359085198,-0.22433451130185367
2119,-0.7221139806495441,-0.058957224562722794,-0.6631567560868213
2127,-0.218223701741338,-0.25152471909672847,0.033301017355390455
2133,-0.7221139806495441,-0.44719009144938077,-0.27492388920016336
2138,-0.7221139806495441,-0.30742341454037614,-0.414690566109168
2149,-0.6381322674981765,-0.30698811440471285,-0.3311441530934637
2154,0.2856665771668681,-0.32056220536451835,0.6062287825313865
2155,1.3774288481346477,-0.7088475654349738,2.0862764135696215
2157,-0.05026027543860274,-0.3437116722088917,0.293451396770289
2164,-0.3861871280440733,0.003861697688969026,-0.39004882573304234
2166,-0.7221139806495441,0.7113946448564333,-1.4335086255059775
2168,-0.4701688411954412,-0.06209834636917847,-0.40807049482626273
2173,0.6215934297723387,0.17493572388629905,0.4466577058860396
2177,-0.7221139806495441,-0.16209751063822522,-0.5600164700113189
2181,1.3774288481346477,0.48774514694517956,0.8896837011894682
2183,0.2856665771668681,-0.0971085192570716,0.3827750964239397
2184,-0.218223701741338,-0.3833793953947344,0.1651556936533964
2189,3.4769716769188395,0.19826170507695798,3.2787099718418813
2197,0.6215934297723387,0.24610772784559,0.3754857019267487
2199,-0.7221139806495441,0.3217726411044396,-1.0438866217539837
2206,-0.7221139806495441,-0.2559795902499942,-0.4661343903995499
2208,2.553172832253795,1.0095105907178852,1.54366224153591
2215,-0.7221139806495441,-0.6004375014970335,-0.12167647915251067
2229,-0.7221139806495441,-0.22434935637023895,-0.4977646242793052
2233,-0.7221139806495441,1.2605044780093875,-1.9826184586589317
2249,-0.7221139806495441,-0.29166802354712756,-0.43044595710241657
2251,-0.7221139806495441,-0.4088325909299016,-0.31328138971964253
2252,-0.7221139806495441,-0.0863527822964482,-0.635761198353096
2260,-0.7221139806495441,0.4097022475852818,-1.1318162282348259
2264,-0.7221139806495441,0.022814729489745517,-0.7449287101392896
2268,-0.7221139806495441,-0.3917532413673806,-0.33036073928216353
2271,-0.7221139806495441,-0.6270598399433023,-0.09505414070624185
2273,-0.13424198858997038,-0.1812246046660201,0.04698261607604973
2275,-0.7221139806495441,0.3696874165091285,-1.0918013971586726
2284,1.629373987588751,1.2091141074673353,0.4202598801214157
2287,-0.6381322674981765,-0.3392970749672016,-0.29883519253097496
2288,-0.7221139806495441,-0.2560631049739995,-0.46605087567554465
2298,-0.7221139806495441,-0.35952262913396715,-0.362591351515577
2299,-0.6381322674981765,-0.31080805254650296,-0.3273242149516736
2301,-0.7221139806495441,0.056199920425218035,-0.7783139010747622
2302,-0.7221139806495441,-0.432958762043347,-0.28915521860619714
2303,-0.7221139806495441,-0.20121277611809277,-0.5209012045314514
2306,-0.7221139806495441,-0.5760036533854798,-0.14611032726406437
2312,-0.7221139806495441,-0.4657847584734064,-0.25632922217613774
2316,-0.7221139806495441,0.04578628452175423,-0.7679002651712984
2318,-0.30220541489270564,0.3613909888471528,-0.6635964037398585
2323,-0.5541505543468088,-0.11018140382525593,-0.4439691505215529
2328,-0.3861871280440733,-0.10403058792883091,-0.2821565401152424
2333,0.7055751429237066,0.13430051354195363,0.571274629381753
2338,-0.7221139806495441,0.1151876536998096,-0.8373016343493538
2344,-0.7221139806495441,-0.36495537665035876,-0.35715860399918536
2348,2.637154545405163,0.5067659329804219,2.130388612424741
2354,-0.4701688411954412,-0.551818545314454,0.08164970411901273
2392,-0.6381322674981765,-0.39606975571744113,-0.2420625117807354
2398,0.03372143771276491,0.3195885965308642,-0.28586715881809927
2402,-0.05026027543860274,0.2942655595715198,-0.3445258350101225
2405,0.03372143771276491,0.020822726226299174,0.012898711486465736
2406,-0.7221139806495441,1.0424838014966598,-1.764597782146204
2407,0.03372143771276491,-0.21712022403698583,0.25084166174975076
2412,-0.5541505543468088,-0.37705580924555465,-0.17709474510125417
2418,-0.7221139806495441,-0.49744130284880944,-0.2246726778007347
2431,-0.6381322674981765,-0.009538052052505673,-0.6285942154456708
2432,1.125483708680545,0.15684521476716595,0.968638493913379
2436,0.3696482903182357,0.44378801645490745,-0.07413972613667175
2445,-0.3861871280440733,-0.2273562935476683,-0.158830834496405
2446,-0.7221139806495441,-0.4098193058369829,-0.31229467481256123
2447,2.8051179717078982,-0.2685335943416708,3.073651566049569
2465,-0.7221139806495441,0.9757796459504434,-1.6978936265999875
2470,2.8051179717078982,-0.10829228238233708,2.9134102540902354
2471,-0.7221139806495441,1.7821057614926132,-2.5042197421421575
2484,-0.5541505543468088,-0.3005967508773241,-0.2535538034694847
2498,-0.6381322674981765,0.10817183156037112,-0.7463040990585477
2505,-0.7221139806495441,-0.46351574402226386,-0.25859823662728026
2509,-0.7221139806495441,-0.000501487558288506,-0.7216124930912556
2510,-0.7221139806495441,-0.4999064808422303,-0.2222074998073138
2513,-0.7221139806495441,0.2055359020945001,-0.9276498827440443
2515,0.3696482903182357,0.3584495994410949,0.011198690877140816
2516,-0.7221139806495441,-0.32215878500250184,-0.3999551956470423
2517,-0.7221139806495441,-0.011458392457991412,-0.7106555881915527
2521,0.8735385692264418,0.556370296445652,0.31716827278078985
2523,-0.5541505543468088,-0.6610843825698257,0.10693382822301689
2526,-0.218223701741338,-0.3574903888033993,0.13926668706206127
2531,-0.7221139806495441,-0.1328522251284402,-0.5892617555211039
2533,-0.13424198858997038,-0.06751348266359067,-0.06672850592637972
2542,0.9575202823778092,-0.02304774597033704,0.9805680283481462
2543,-0.3861871280440733,0.294078527565068,-0.6802656556091413
2550,-0.7221139806495441,0.025645823991494166,-0.7477598046410383
2572,0.9575202823778092,0.6028651774310876,0.3546551049467216
2574,-0.7221139806495441,-0.2836131717642518,-0.4385008088852923
2577,-0.7221139806495441,-0.3406857240151253,-0.3814282566344188
2578,-0.7221139806495441,-0.4370701498620934,-0.2850438307874507
2579,-0.7221139806495441,-0.28889936145900585,-0.4332146191905383
2582,-0.7221139806495441,-0.24866535140901708,-0.47344862924052705
2585,1.629373987588751,-0.31765413402640985,1.9470281216151608
2588,-0.4701688411954412,0.07126800243387459,-0.5414368436293158
2614,-0.5541505543468088,-0.3900823638562988,-0.16406819049051002
2617,2.469191119102428,0.10730549937048407,2.3618856197319436
2618,-0.6381322674981765,-0.3901637299979637,-0.2479685375002128
2619,-0.13424198858997038,0.05878015260779392,-0.1930221411977643
2622,1.545392274437383,1.4761588793857907,0.0692333950515922
2627,-0.05026027543860274,0.06786952351401108,-0.11812979895261383
2629,-0.5541505543468088,-0.3663501875666966,-0.18780036678011225
2638,-0.7221139806495441,-0.05024269345968623,-0.6718712871898579
2644,0.2856665771668681,-0.1260819467495038,0.4117485239163719
2646,-0.7221139806495441,-0.4400988373959651,-0.282015143253579
2650,0.20168486401550045,0.26313915534240595,-0.0614542913269055
2653,-0.4701688411954412,-0.22780963206309884,-0.24235920913234238
2654,-0.6381322674981765,-0.4634410883329081,-0.17469117916526844
2664,-0.7221139806495441,-0.29376269168985086,-0.42835128895969327
2666,-0.4701688411954412,0.06814999367944728,-0.5383188348748885
2669,-0.7221139806495441,-0.5376094488125748,-0.18450453183696935
2673,-0.6381322674981765,0.12167054379405715,-0.7598028112922337
2677,-0.218223701741338,-0.008197645405817319,-0.21002605633552068
2678,0.3696482903182357,0.1378928413021501,0.2317554490160856
2684,-0.05026027543860274,0.16732218063166268,-0.2175824560702654
2687,0.8735385692264418,-0.028794864751421668,0.9023334339778635
2689,-0.4701688411954412,-0.31127206664394214,-0.1588967745514991
2691,0.11770315086413255,-0.19823974660938706,0.3159428974735196
2705,-0.30220541489270564,-0.1487257982409121,-0.15347961665179355
2716,-0.6381322674981765,-0.25041708106335675,-0.3877151864348198
2718,-0.5541505543468088,-0.015339461646924379,-0.5388110926998845
2728,-0.6381322674981765,-0.2675823069879671,-0.37054996051020944
2732,-0.7221139806495441,-0.6483118203867659,-0.0738021602627782
2748,-0.5541505543468088,0.01992080531712041,-0.5740713596639292
2751,-0.6381322674981765,0.3153479860158472,-0.9534802535140237
2755,-0.5541505543468088,-0.2112323278606637,-0.3429182264861451
2764,-0.7221139806495441,-0.6318044852756419,-0.0903094953739022
2770,-0.30220541489270564,0.14631577307572693,-0.44852118796843254
2771,-0.7221139806495441,-0.43964801731064135,-0.2824659633389028
2778,-0.7221139806495441,-0.18769352542282464,-0.5344204552267195
2781,-0.05026027543860274,0.11831953780432312,-0.16857981324292587
2794,-0.7221139806495441,-0.24421300833237222,-0.4779009723171719
2795,-0.7221139806495441,-0.6167194230662844,-0.10539455758325977
2799,-0.7221139806495441,-0.2047219095297192,-0.517392071119825
2802,1.041501995529177,-0.4426311639567565,1.4841331594859337
2805,-0.6381322674981765,-0.0936690791118868,-0.5444631883862897
2807,0.789556856075074,0.26285210840321954,0.5267047476718545
2812,-0.7221139806495441,-0.27747446496447215,-0.444639515685072
2820,-0.7221139806495441,-0.5318510828159164,-0.1902628978336277
2825,-0.218223701741338,-0.17430220326393664,-0.04392149847740137
2833,-0.7221139806495441,0.3782092032443772,-1.1003231838939214
2835,1.629373987588751,-0.21942572557643872,1.8487997131651897
2836,2.7211362585565304,0.4241993644528074,2.296936894103723
2840,1.7133557007401188,0.29627747198114984,1.417078228758969
2843,-0.3861871280440733,-0.4629989793126654,0.07681185126859214
2845,3.980861955827046,-0.46020045775902924,4.441062413586075
2846,-0.7221139806495441,-0.2232608059579908,-0.4988531746915533
2850,-0.7221139806495441,0.12805081327999676,-0.8501647939295409
2859,-0.7221139806495441,-0.46076706827898123,-0.2613469123705629
2860,-0.7221139806495441,-0.08828475560396659,-0.6338292250455775
2862,-0.7221139806495441,0.34791746319971906,-1.0700314438492633
2864,-0.7221139806495441,-0.05833316576981283,-0.6637808148797313
2876,-0.13424198858997038,-0.08262259181151414,-0.05161939677845624
2877,0.20168486401550045,0.13173920321272872,0.06994566080277173
2882,0.2856665771668681,-0.29775669022585066,0.5834232673927188
2885,-0.7221139806495441,-0.3768273454329159,-0.3452866352166282
2887,2.8051179717078982,-0.4302962373159514,3.23541420902385
2890,0.20168486401550045,-0.11239005800330594,0.3140749220188064
2900,0.03372143771276491,1.5751012719579736,-1.5413798342452087
2902,0.2856665771668681,0.08418843603009726,0.20147814113677084
2903,1.2934471349832803,0.38922811435707744,0.9042190206262029
2908,0.11770315086413255,-0.18902761252925238,0.3067307633933849
2917,-0.7221139806495441,-0.4769055910405868,-0.24520838960895736
2921,-0.218223701741338,0.6461898423515287,-0.8644135440928666
2925,-0.7221139806495441,-0.5068610977217965,-0.21525288292774758
2927,0.11770315086413255,-0.047732440190410654,0.1654355910545432
2937,-0.7221139806495441,-0.16440572684167193,-0.5577082538078721
2939,-0.05026027543860274,0.14027435001945748,-0.19053462545806021
2943,-0.5541505543468088,-0.2894689773813305,-0.26468157696547834
2948,0.8735385692264418,-0.07460972588435462,0.9481482951107965
2949,0.2856665771668681,0.4291553931472191,-0.14348881598035101
2952,0.6215934297723387,0.23319867000557973,0.38839475976675897
2963,-0.6381322674981765,-0.18611663323597086,-0.4520156342622057
2966,-0.7221139806495441,0.17932551578670175,-0.9014394964362459
2981,-0.6381322674981765,-0.2090833224895678,-0.42904894500860874
2984,-0.7221139806495441,-0.4833193905128895,-0.2387945901366546
2991,0.789556856075074,0.32864166310217546,0.4609151929728985
2992,-0.7221139806495441,0.009395823152098354,-0.7315098038016424
2996,-0.7221139806495441,-0.330976918764823,-0.39113706188472114
2997,3.980861955827046,1.7509984023845153,2.229863553442531
3001,1.629373987588751,0.027773020755990623,1.6016009668327604
3002,0.8735385692264418,0.23441439790316979,0.639124171323272
3003,-0.13424198858997038,0.26854950425800295,-0.40279149284797333
3006,0.7055751429237066,0.3666292137973406,0.338945929126366
3011,-0.7221139806495441,-0.1375155328984432,-0.5845984477511009
3014,-0.7221139806495441,-0.6372893349303377,-0.08482464571920645
3016,-0.7221139806495441,-0.006608230616699387,-0.7155057500328448
3018,-0.5541505543468088,-0.048543397558123084,-0.5056071567886857
3024,-0.5541505543468088,0.11648804830943454,-0.6706386026562434
3027,0.2856665771668681,-0.17950193906267306,0.46516851622954114
3043,2.8051179717078982,0.2530009295670478,2.5521170421408503
3053,0.03372143771276491,0.42398424223259423,-0.3902628045198293
3058,-0.7221139806495441,-0.22209939451790955,-0.5000145861316345
3080,-0.5541505543468088,0.24552079625064244,-0.7996713505974513
3095,2.38520940595106,1.474040570378957,0.911168835572103
3100,-0.05026027543860274,0.16585604685611888,-0.2161163222947216
3114,1.629373987588751,-0.2694273807097377,1.8988013682984888
3128,0.5376117166209713,0.9356560267936326,-0.3980443101726613
3132,-0.3861871280440733,0.0442146771126275,-0.4304018051567008
3133,0.2856665771668681,-0.16302472360474168,0.4486913007716098
3139,-0.05026027543860274,0.05063181681147826,-0.100892092250081
3142,0.03372143771276491,-0.24754874701082177,0.28127018472358667
3148,-0.30220541489270564,0.644284346337707,-0.9464897612304126
3149,-0.3861871280440733,-0.1510325839065293,-0.235154544137544
3151,-0.218223701741338,-0.03638126398727468,-0.18184243775406334
3154,-0.7221139806495441,-0.21832901845214114,-0.503784962197403
3159,-0.7221139806495441,-0.3080193053343209,-0.4140946753152232
3163,-0.7221139806495441,-0.43005209038263476,-0.2920618902669094
3164,-0.3861871280440733,0.1428519143964641,-0.5290390424405373
3165,-0.30220541489270564,0.09267241793911318,-0.3948778328318188
3181,-0.7221139806495441,-0.586278335405827,-0.13583564524371716
3184,-0.5541505543468088,-0.5597556391297593,0.00560508478295052
3195,-0.05026027543860274,-0.07443436853944427,0.02417409310084153
3206,-0.6381322674981765,-0.4886293629572623,-0.14950290454091425
3210,2.553172832253795,0.5377662857753873,2.015406546478408
3213,-0.6381322674981765,-0.4237033977981072,-0.21442886970006936
3217,3.2250265374647364,1.5282369935011335,1.696789543963603
3226,-0.7221139806495441,0.07569594482502547,-0.7978099254745696
3231,1.7973374138914862,-0.2271147255687573,2.0244521394602435
3244,1.9653008401942214,0.03407651438766464,1.9312243258065567
3252,0.5376117166209713,0.030879371044369854,0.5067323455766014
3257,-0.7221139806495441,0.8320222466538082,-1.5541362273033523
3262,-0.218223701741338,-0.43604923457604156,0.21782553283470354
3265,-0.7221139806495441,-0.6361044361393355,-0.08600954451020859
3269,-0.5541505543468088,1.1693075553339203,-1.723458109680729
3274,0.5376117166209713,0.272541150824253,0.2650705657967183
3279,-0.4701688411954412,-0.33300329984842136,-0.13716554134701986
3282,0.45363000346960336,-0.20606379536005365,0.659693798829657
3289,-0.7221139806495441,-0.2901504128103742,-0.43196356783916995
3290,-0.7221139806495441,-0.42914379665870944,-0.2929701839908347
3296,-0.6381322674981765,-0.002685127055749391,-0.6354471404424271
3297,3.2250265374647364,0.8106995936108,2.4143269438539363
3305,0.6215934297723387,0.32250030170210886,0.2990931280702298
3306,-0.13424198858997038,-0.12147574324293942,-0.012766245347030969
3307,-0.6381322674981765,-0.20254400401412898,-0.43558826348404756
3309,0.789556856075074,-0.23453766209477428,1.0240945181698482
3313,-0.30220541489270564,-0.08489215277769666,-0.21731326211500898
3315,-0.7221139806495441,-0.2225647173056253,-0.4995492633439188
3316,0.03372143771276491,0.6971482628701056,-0.6634268251573406
3317,-0.4701688411954412,-0.39588745251968954,-0.07428138867575168
3318,-0.6381322674981765,0.09450387371781617,-0.7326361412159927
3319,-0.7221139806495441,-0.30404702034413267,-0.41806696030541146
3326,-0.7221139806495441,-0.2629916772450307,-0.45912230340451343
3328,-0.4701688411954412,0.34890217229926607,-0.8190710134947072
3332,-0.7221139806495441,-0.2703778727621802,-0.4517361078873639
3340,-0.6381322674981765,-0.40863299661251823,-0.2294992708856583
3347,-0.4701688411954412,-0.1935163388569787,-0.2766525023384625
3349,-0.05026027543860274,0.00011175967309947298,-0.05037203511170221
3352,-0.6381322674981765,-0.14970758692612535,-0.4884246805720512
3353,0.789556856075074,0.1819785113928472,0.6075783446822267
3358,1.629373987588751,1.2147727140929354,0.41460127349581555
3362,-0.5541505543468088,-0.2523274478321085,-0.30182310651470035
3377,0.7055751429237066,-0.13363812529166513,0.8392132682153717
3383,1.629373987588751,-0.07458146148400824,1.703955449072759
3386,1.629373987588751,0.7771352827633936,0.8522387048253574
3392,-0.7221139806495441,-0.4489172792711917,-0.27319670137835245
3395,0.7055751429237066,-0.18116746970975425,0.8867426126334609
3399,1.629373987588751,-0.18109333917703946,1.8104673267657905
3404,-0.6381322674981765,-0.38422780710024235,-0.2539044603979342
3405,-0.218223701741338,-0.01804239755704212,-0.2001813041842959
3407,0.11770315086413255,-0.13080411894387356,0.2485072698080061
3411,-0.6381322674981765,-0.17254075735765242,-0.46559151014052413
3412,-0.4701688411954412,-0.2709942417765125,-0.19917459941892873
3413,0.2856665771668681,0.05641395713176241,0.22925262003510571
3418,1.629373987588751,0.8000709479466513,0.8293030396420996
3431,0.11770315086413255,-0.22859870077120345,0.346301851635336
3437,-0.7221139806495441,-0.1836577851798477,-0.5384561954696965
3438,-0.5541505543468088,-0.32245790705887706,-0.23169264728793176
3442,0.03372143771276491,-0.1632312988757719,0.1969527365885368
3450,0.2856665771668681,0.416470872986903,-0.1308042958200349
3458,0.3696482903182357,-0.19078262460256476,0.5604309149208004
3464,0.8735385692264418,0.9337047859460706,-0.06016621671962885
3469,1.125483708680545,-0.04840214889336523,1.1738858575739102
3473,-0.7221139806495441,-0.16888327963909538,-0.5532307010104487
3482,-0.7221139806495441,-0.007926652587620668,-0.7141873280619234
3483,-0.7221139806495441,-0.17224469724748595,-0.5498692834020582
3484,-0.4701688411954412,-0.29154987277538924,-0.17861896842005198
3491,-0.7221139806495441,-0.02630720469132942,-0.6958067759582147
3497,-0.3861871280440733,-0.20416399533605797,-0.18202313270801532
3499,-0.218223701741338,-0.1263707763342118,-0.09185292540712622
3513,2.8051179717078982,-0.2853580799467125,3.0904760516546106
3519,-0.4701688411954412,-0.22002145827507028,-0.250147382920371
3520,-0.5541505543468088,0.053656416981966444,-0.6078069713287753
3523,-0.05026027543860274,0.06258901487559346,-0.11284929031419619
3528,-0.7221139806495441,0.9349160166501721,-1.6570299972997162
3534,3.980861955827046,2.1665372537721863,1.8143247020548596
3542,0.8735385692264418,0.5918437892403113,0.28169477998613046
3543,-0.218223701741338,0.2715851395037409,-0.48980884124507895
3544,-0.4701688411954412,0.44175921200186496,-0.9119280531973062
3545,-0.7221139806495441,-0.048626837687280704,-0.6734871429622634
3558,-0.3861871280440733,-0.2799748340519648,-0.10621229399210846
3574,3.980861955827046,0.20295541000096964,3.777906545826076
3580,0.03372143771276491,0.3473602819053025,-0.31363884419253757
3599,0.20168486401550045,-0.2215799221422004,0.42326478615770086
3601,3.0570631111620017,0.8944632838715171,2.1625998272904847
3605,-0.30220541489270564,-0.4335028506608418,0.13129743576813618
3608,2.1332642664969566,0.01165859760536339,2.121605668891593
3616,0.9575202823778092,-0.34354303940344144,1.3010633217812506
3620,-0.13424198858997038,0.5573271834328388,-0.6915691720228092
3621,-0.6381322674981765,-0.28664231410551033,-0.3514899533926662
3624,0.7055751429237066,-0.17871623547789237,0.884291378401599
3626,0.5376117166209713,0.2671398209428218,0.2704718956781495
3649,1.3774288481346477,0.3242178854089753,1.0532109627256725
3653,0.789556856075074,0.15196610232671684,0.6375907537483572
3656,0.03372143771276491,-0.3969865306869407,0.4307079683997056
3658,-0.4701688411954412,-0.21636222799507726,-0.25380661320036396
3660,-0.30220541489270564,0.013668143606750241,-0.31587355849945586
3661,-0.7221139806495441,-0.664559655952551,-0.057554324696993175
3666,-0.7221139806495441,-0.5339411724581359,-0.18817280819140825
3671,0.8735385692264418,0.04228170865432344,0.8312568605721183
3682,-0.7221139806495441,0.9474427154455434,-1.6695566960950874
3684,-0.7221139806495441,-0.17343625791042494,-0.5486777227391192
3686,-0.5541505543468088,-0.38788333101124983,-0.166267223335559
3703,-0.05026027543860274,-0.3121703717190077,0.26191009628040496
3704,-0.7221139806495441,-0.33449275859923877,-0.38762122205030536
3706,-0.7221139806495441,-0.2783627103566778,-0.4437512702928663
3717,-0.6381322674981765,-0.3439959383911621,-0.2941363291070144
3718,3.5609533900702077,-0.3614263227432416,3.9223797128134494
3721,-0.6381322674981765,-0.5306333406567975,-0.10749892684137907
3731,0.6215934297723387,0.09612017801424466,0.525473251758094
3734,-0.7221139806495441,-0.07623007899420157,-0.6458839016553426
3745,0.11770315086413255,0.3870154340766931,-0.2693122832125605
3749,3.4769716769188395,0.6216328979880797,2.8553387789307596
3751,-0.7221139806495441,-0.2824165547764001,-0.43969742587314403
3765,-0.7221139806495441,-0.46527658126011484,-0.2568373993894293
3770,-0.7221139806495441,-0.42612828216538057,-0.29598569848416356
3771,-0.4701688411954412,-0.2835904754694243,-0.18657836572601694
3773,-0.3861871280440733,-0.07062624800001095,-0.31556088004406235
3779,-0.7221139806495441,-0.6047052202301347,-0.1174087604194094
3781,-0.3861871280440733,-0.12908393330146248,-0.2571031947426108
3782,-0.7221139806495441,-0.4864833598847867,-0.23563062076475744
3784,-0.7221139806495441,-0.17332532059189024,-0.5487886600576539
3792,-0.7221139806495441,-0.3127203389409851,-0.409393641708559
3794,-0.7221139806495441,-0.5681535068233875,-0.15396047382615663
3796,-0.7221139806495441,-0.31245169029693465,-0.4096622903526095
3799,0.8735385692264418,0.5686590873935451,0.3048794818328967
3800,-0.7221139806495441,-0.20229547519509625,-0.5198185054544479
3805,-0.7221139806495441,-0.2508814880679825,-0.47123249258156163
3806,-0.6381322674981765,-0.16294849548764334,-0.4751837720105332
3815,-0.7221139806495441,-0.35665820037943236,-0.3654557802701118
3821,-0.7221139806495441,-0.38755280287136185,-0.3345611777781823
3822,-0.7221139806495441,-0.17645020742899392,-0.5456637732205503
3824,2.8051179717078982,-0.3686722002781502,3.1737901719860484
3825,-0.3861871280440733,0.039453671646344966,-0.42564079969041824
3829,-0.7221139806495441,-0.32551266853568367,-0.39660131211386046
3833,-0.7221139806495441,-0.23863519954798354,-0.4834787811015606
3834,-0.7221139806495441,-0.5069160643009126,-0.2151979163486315
3841,-0.7221139806495441,-0.08501602880301014,-0.637097951846534
3846,-0.218223701741338,-0.18478630233039842,-0.033437399410939594
3856,-0.7221139806495441,-0.33324800516757225,-0.3888659754819719
3859,-0.4701688411954412,-0.5201148919097264,0.04994605071428515
3861,-0.7221139806495441,-0.2605336747280706,-0.46158030592147353
3869,-0.6381322674981765,-0.37069133126494896,-0.26744093623322757
3885,3.980861955827046,1.078126841664764,2.902735114162282
3889,-0.7221139806495441,-0.5014825370506131,-0.22063144359893105
3892,-0.7221139806495441,-0.4220758576444236,-0.3000381230051205
3898,-0.7221139806495441,-0.3438430741135844,-0.37827090653595974
3907,-0.7221139806495441,-0.20230112822738075,-0.5198128524221634
3914,-0.7221139806495441,-0.3240821822756593,-0.3980317983738848
3927,-0.7221139806495441,-0.2512279920527803,-0.47088598859676384
3939,-0.30220541489270564,0.20386235791556742,-0.5060677728082731
3941,-0.5541505543468088,-0.4442460069028488,-0.10990454744396
3942,-0.7221139806495441,-0.2875054565322578,-0.43460852411728634
3945,-0.6381322674981765,-0.28464971713514614,-0.3534825503630304
3946,-0.7221139806495441,-0.4475408257677453,-0.27457315488179884
3956,1.881319127042854,-0.21441551908163278,2.0957346461244866
3960,-0.7221139806495441,-0.5977970542046992,-0.12431692644484493
3961,-0.5541505543468088,-0.4270999625442277,-0.1270505918025811
3964,0.3696482903182357,0.21540357080707212,0.15424471951116359
3968,-0.7221139806495441,-0.2861081182268513,-0.43600586242269285
3971,-0.3861871280440733,-0.21447339636522605,-0.17171373167884724
3973,-0.5541505543468088,-0.545247555136866,-0.008902999209942863
3975,-0.7221139806495441,-0.38498483958971896,-0.33712914105982517
3982,-0.7221139806495441,-0.09656297041729749,-0.6255510102322467
3989,-0.7221139806495441,-0.471902462719221,-0.25021151793032315
4002,-0.7221139806495441,-0.433497773524263,-0.28861620712528113
4012,3.980861955827046,-0.492136209348446,4.4729981651754915
4013,-0.7221139806495441,0.05839946809698564,-0.7805134487465297
4015,-0.7221139806495441,-0.18864158670522008,-0.533472393944324
4019,-0.7221139806495441,-0.23834073087736293,-0.48377324977218117
4022,0.45363000346960336,-0.36833474651714637,0.8219647499867497
4024,-0.5541505543468088,-0.04706705892357812,-0.5070834954232307
4025,1.2934471349832803,1.1804762998749994,0.11297083510828099
4030,-0.7221139806495441,-0.03509067867270219,-0.6870233019768419
4031,0.45363000346960336,0.3430057041902568,0.11062429927934658
4035,-0.6381322674981765,0.2534927123480045,-0.891624979846181
4041,-0.7221139806495441,-0.32022759663195066,-0.40188638401759347
4050,0.2856665771668681,-0.12356858317094228,0.4092351603378104
4071,-0.3861871280440733,0.22827118669385038,-0.6144583147379237
4078,0.11770315086413255,0.08892954453877265,0.0287736063253599
4080,0.3696482903182357,-0.43743878747336734,0.807087077791603
4081,0.20168486401550045,0.7322522968366939,-0.5305674328211935
4087,-0.6381322674981765,-0.27823469069893353,-0.359897576799243
4094,-0.3861871280440733,0.8748586302174638,-1.261045758261537
4096,-0.7221139806495441,0.0887209693626221,-0.8108349500121662
4098,0.03372143771276491,0.37509711515632294,-0.341375677443558
4101,-0.218223701741338,0.7515156301463634,-0.9697393318877013
4103,-0.3861871280440733,-0.20583847864844432,-0.18034864939562897
4104,0.2856665771668681,0.8240265508797449,-0.5383599737128768
4105,-0.05026027543860274,-0.22397303547493028,0.17371276003632755
4110,-0.6381322674981765,-0.16436873781742353,-0.47376352968075297
4119,-0.4701688411954412,-0.39361076822219887,-0.07655807297324235
4127,-0.7221139806495441,-0.20194953017280382,-0.5201644504767403
4129,2.8051179717078982,0.3421904731986115,2.462927498509287
4147,-0.7221139806495441,-0.1785103173881208,-0.5436036632614234
4154,-0.218223701741338,0.11070873038066781,-0.32893243212200585
4157,-0.3861871280440733,-0.1832344665857882,-0.20295266145828508
4161,-0.7221139806495441,-0.44310891319789514,-0.279005067451649
4162,-0.5541505543468088,-0.14799244048641103,-0.4061581138603978
4165,-0.7221139806495441,-0.24412386010702075,-0.4779901205425234
4166,-0.4701688411954412,0.11675520013568923,-0.5869240413311304
4168,-0.7221139806495441,-0.35545925204738277,-0.36665472860216136
4169,-0.7221139806495441,-0.41486647155081774,-0.3072475090987264
4173,0.45363000346960336,-0.19456983471945022,0.6481998381890536
4194,-0.13424198858997038,1.0295282210277512,-1.1637702096177216
4201,1.041501995529177,0.4960839661356423,0.5454180293935348
4204,-0.7221139806495441,-0.640663282375899,-0.08145069827364515
4217,0.03372143771276491,-0.00472387920900484,0.03844531692176975
4222,-0.7221139806495441,-0.5129831808206905,-0.20913079982885363
4231,-0.7221139806495441,-0.42322183754765585,-0.2988921431018883
4237,-0.7221139806495441,0.06312732827562796,-0.7852413089251721
4239,-0.05026027543860274,-0.2555657428898768,0.2053054674512741
4240,3.980861955827046,-0.2552593537207748,4.236121309547821
4246,0.5376117166209713,-0.023429901256768127,0.5610416178777394
4250,-0.30220541489270564,0.021133922680585993,-0.32333933757329164
4251,-0.3861871280440733,-0.18862484453213776,-0.19756228351193553
4253,0.11770315086413255,0.14102161304713173,-0.023318462182999183
4254,0.11770315086413255,-0.002649032098355231,0.12035218296248779
4257,-0.6381322674981765,-0.09791820872469387,-0.5402140587734827
4264,-0.7221139806495441,-0.3653194910584212,-0.3567944895911229
4271,-0.13424198858997038,-0.3330579967500446,0.19881600816007422
4288,-0.3861871280440733,-0.1608576285276638,-0.2253294995164095
4294,-0.7221139806495441,-0.2031583056589425,-0.5189556749906017
4304,-0.7221139806495441,-0.5344857240730584,-0.18762825657648574
4305,0.20168486401550045,-0.06426185801859388,0.2659467220340943
4306,-0.218223701741338,-0.03940651066207592,-0.17881719107926208
4316,0.2856665771668681,0.039838666421802206,0.2458279107450659
4317,0.45363000346960336,-0.28501143137256446,0.7386414348421678
4318,1.3774288481346477,-0.00816444813525072,1.3855932962698985
4325,-0.7221139806495441,-0.2516150067886553,-0.47049897386088885
4326,-0.05026027543860274,0.41608586197469116,-0.4663461374132939
4329,-0.6381322674981765,-0.4590021073414435,-0.17913016015673305
4336,-0.7221139806495441,-0.48004891181120757,-0.24206506883833656
4348,-0.6381322674981765,-0.5120871196522596,-0.12604514784591692
4352,0.20168486401550045,0.264143486760933,-0.06245862274543257
4354,0.45363000346960336,1.9378103151439665,-1.484180311674363
4359,-0.5541505543468088,-0.5071508189362796,-0.046999735410529264
4366,1.629373987588751,1.1746822328964248,0.45469175469232614
4382,-0.6381322674981765,-0.3575982062529467,-0.28053406124522984
4383,-0.7221139806495441,-0.5211975741794819,-0.20091640647006226
4391,-0.3861871280440733,0.19038469151756268,-0.576571819561636
4398,-0.13424198858997038,-0.4806277317401368,0.3463857431501664
4409,2.3012276927996926,1.1955123603541045,1.1057153324455882
4414,-0.7221139806495441,-0.1115072639147961,-0.610606716734748
4416,-0.13424198858997038,-0.08075007490800014,-0.053491913681970246
4417,-0.7221139806495441,-0.2544170407828174,-0.4676969398667267
4428,0.45363000346960336,0.3744989008939359,0.07913110257566747
4434,-0.5541505543468088,-0.46542861672321945,-0.08872193762358938
4438,0.3696482903182357,0.7199694159551598,-0.35032112563692414
4439,-0.30220541489270564,-0.13886481871417833,-0.1633405961785273
4441,-0.5541505543468088,-0.3998170499063421,-0.15433350444046673
4442,-0.7221139806495441,-0.11276846194194305,-0.6093455187076011
4446,0.45363000346960336,-0.1118531606610727,0.5654831641306761
4450,-0.7221139806495441,-0.2219058399241109,-0.5002081407254333
4457,-0.4701688411954412,-0.3272915702265355,-0.14287727096890573
4462,-0.7221139806495441,-0.5980133923098727,-0.12410058833967141
4463,0.3696482903182357,0.18638473841412811,0.1832635519041076
4467,1.4614105612860155,0.03816738798642196,1.4232431732995936
4472,-0.7221139806495441,-0.27781659525570235,-0.4442973853938418
4480,1.2094654218319123,-0.4161434585378625,1.6256088803697748
4482,-0.218223701741338,-0.3859696726655828,0.16774597092424479
4483,-0.7221139806495441,-0.26370887203725357,-0.45840510861229056
4486,-0.4701688411954412,0.02214159304962252,-0.49231043424506377
4500,-0.7221139806495441,-0.07126941886497402,-0.6508445617845701
4504,0.20168486401550045,0.3325486245642615,-0.13086376054876103
4505,-0.7221139806495441,-0.569359286213799,-0.15275469443574508
4506,-0.5541505543468088,-0.14022445786265755,-0.41392609648415124
4509,0.2856665771668681,0.012581308348295002,0.2730852688185731
4512,2.217245979648325,0.5276730080748196,1.6895729715735053
4516,1.125483708680545,1.0320796410212523,0.09340406765929266
4519,-0.7221139806495441,-0.4948054215677831,-0.227308559081761
4520,-0.5541505543468088,-0.33320230746852564,-0.22094824687828318
4522,-0.5541505543468088,-0.5812746169833227,0.0271240626365139
4527,0.11770315086413255,-0.18462937891086537,0.3023325297749979
4537,1.7133557007401188,0.5495936533367546,1.163762047403364
4538,-0.7221139806495441,-0.10060406121409565,-0.6215099194354485
4541,0.20168486401550045,-0.3581255106397937,0.5598103746552942
4556,-0.5541505543468088,-0.20863929666307918,-0.34551125768372964
4568,-0.6381322674981765,0.13493121008005507,-0.7730634775782316
4570,-0.7221139806495441,-0.3346383510627603,-0.38747562958678383
4586,-0.218223701741338,-0.1861259956915063,-0.0320977060498317
4588,-0.6381322674981765,-0.5981228791012322,-0.040009388396944345
4590,-0.7221139806495441,-0.6387995597361901,-0.08331442091335406
4597,2.3012276927996926,0.8504834637820754,1.4507442290176171
4603,-0.7221139806495441,0.24684713376258757,-0.9689611144121317
4607,-0.7221139806495441,-0.40889751553292897,-0.31321646511661516
4610,-0.7221139806495441,0.6392883739235522,-1.3614023545730962
4617,-0.30220541489270564,0.09927617256439758,-0.4014815874571032
4619,0.789556856075074,0.3896875751718725,0.39986928090320145
4623,-0.05026027543860274,0.3556188246801109,-0.40587910011871364
4624,1.3774288481346477,0.12009990444849056,1.2573289436861572
4625,-0.6381322674981765,-0.5871767697911846,-0.050955497706991926
4634,1.545392274437383,0.16725324080647277,1.37813903363091
4635,-0.5541505543468088,-0.03644249708982974,-0.5177080572569791
4643,-0.13424198858997038,0.31295897739663103,-0.4472009659866014
4650,-0.30220541489270564,0.4009273428833414,-0.7031327577760471
4653,-0.7221139806495441,1.4767060587370224,-2.1988200393865664
4655,0.2856665771668681,0.2642657075787481,0.021400869588119986
4672,-0.7221139806495441,-0.46406280449336457,-0.25805117615617956
4674,0.11770315086413255,-0.08702671872108465,0.20472986958521722
4677,0.03372143771276491,-0.3323322788825228,0.36605371659528774
4678,-0.30220541489270564,0.04668376086300721,-0.3488891757557129
4687,-0.30220541489270564,0.17742833695804283,-0.47963375185074847
4690,-0.7221139806495441,-0.32740223709915967,-0.39471174355038446
4697,-0.13424198858997038,-0.0342482128721762,-0.09999377571779419
4704,-0.30220541489270564,-0.151544104628175,-0.15066131026453064
4705,-0.4701688411954412,-0.22143335432412797,-0.24873548687131325
4706,-0.7221139806495441,0.36421959503235984,-1.086333575681904
4716,-0.7221139806495441,-0.35324268457189556,-0.36887129607764857
4728,-0.7221139806495441,-0.5837452442267821,-0.13836873642276204
4730,-0.7221139806495441,-0.653699060846401,-0.06841491980314318
4731,-0.7221139806495441,-0.2499074969639729,-0.4722064836855712
4733,-0.05026027543860274,-0.325049821926335,0.2747895464877323
4740,-0.7221139806495441,0.18720273662568937,-0.9093167172752334
4741,-0.7221139806495441,-0.02616945119248008,-0.6959445294570641
4747,-0.7221139806495441,-0.2550675693052617,-0.46704641134428243
4750,-0.4701688411954412,0.16934606169479827,-0.6395149028902395
4751,3.8968802426756786,1.9149994025317396,1.981880840143939
4761,-0.6381322674981765,-0.2629352597845805,-0.37519700771359604
4763,-0.6381322674981765,0.07406860679110726,-0.7122008742892838
4767,-0.7221139806495441,-0.1838389591036143,-0.5382750215459298
4772,0.2856665771668681,0.9568010113192991,-0.671134434152431
4781,1.7973374138914862,-0.03569048566835885,1.833027899559845
4782,-0.7221139806495441,1.1090137733874013,-1.8311277540369453
4787,0.45363000346960336,0.5634876933101562,-0.10985768984055289
4791,0.8735385692264418,0.6452387248166912,0.2282998444097506
4793,-0.7221139806495441,0.37317162520211716,-1.0952856058516613
4817,0.7055751429237066,-0.11553434297505027,0.8211094858987569
4818,-0.6381322674981765,-0.4919469747854754,-0.14618529271270114
4819,-0.7221139806495441,-0.22531126230971188,-0.49680271833983225
4823,-0.218223701741338,1.5153956504382051,-1.733619352179543
4824,0.45363000346960336,0.5886195915191319,-0.13498958804952854
4827,-0.7221139806495441,1.030482385725566,-1.7525963663751103
4828,0.11770315086413255,0.8708757751757904,-0.7531726243116579
4829,-0.7221139806495441,-0.19373466221627636,-0.5283793184332678
4830,1.7133557007401188,0.8095949401714561,0.9037607605686627
4836,-0.7221139806495441,-0.5805667175544807,-0.14154726309506338
4852,-0.6381322674981765,0.10463223468513465,-0.7427645021833111
4865,-0.7221139806495441,-0.2112683870913608,-0.5108455935581833
4874,0.45363000346960336,0.08036883331981853,0.3732611701497848
4879,-0.3861871280440733,0.39091817055029815,-0.7771052985943714
4880,-0.7221139806495441,0.29367232114317576,-1.01578630179272
4888,-0.218223701741338,0.35711185232247067,-0.5753355540638087
4890,0.03372143771276491,-0.11955372575573008,0.15327516346849498
4898,-0.05026027543860274,-0.3284932931529499,0.27823301771434716
4914,-0.30220541489270564,-0.3448497908267665,0.04264437593406084
4920,-0.13424198858997038,0.05698503712084688,-0.19122702571081726
4930,3.5609533900702077,-0.052631403352178675,3.6135847934223864
4932,-0.05026027543860274,-0.3616492932301294,0.31138901779152667
4938,0.45363000346960336,-0.4845668688200226,0.9381968722896259
4939,-0.5541505543468088,-0.33255528546163804,-0.22159526888517078
4942,1.629373987588751,-0.14399659674707774,1.7733705843358287
4949,0.7055751429237066,0.49056064666819194,0.21501449625551466
4954,-0.7221139806495441,-0.3718126440751368,-0.3503013365744073
4956,0.2856665771668681,0.6357466197834886,-0.35008004261662046
4958,0.6215934297723387,0.052437294616524126,0.5691561351558145
4959,-0.13424198858997038,-0.37121360097275763,0.23697161238278724
4979,-0.7221139806495441,-0.16845609228083408,-0.55365788836871
4985,0.45363000346960336,0.24311193667094025,0.2105180667986631
4987,1.629373987588751,0.21235403792034635,1.4170199496684046
4998,-0.4701688411954412,-0.08391858444555901,-0.3862502567498822
4999,0.45363000346960336,0.7309574033782108,-0.27732739990860744
5002,-0.05026027543860274,-0.07501275120518927,0.024752475766586533
5003,0.9575202823778092,-0.04187170532184038,0.9993919876996495
5007,2.8051179717078982,-0.24018684464729903,3.0453048163551975
5010,1.2094654218319123,0.9829665489447811,0.22649887288713122
5014,0.789556856075074,0.430857854594913,0.358699001480161
5022,-0.30220541489270564,-0.46191308443750795,0.1597076695448023
5025,-0.3861871280440733,-0.10679728432499427,-0.27938984371907905
5028,-0.7221139806495441,-0.2258611123013259,-0.49625286834821825
5035,2.7211362585565304,0.5018021259613926,2.219334132595138
5045,-0.7221139806495441,-0.06508840811328927,-0.6570255725362548
5046,0.20168486401550045,-0.031298228075690875,0.23298309209119134
5054,-0.05026027543860274,-0.23930278325385682,0.18904250781525408
5059,-0.7221139806495441,-0.074591887653509,-0.6475220929960351
5060,-0.3861871280440733,-0.1772667859609701,-0.2089203420831032
5071,-0.218223701741338,0.06804249250732829,-0.2862661942486663
5072,-0.6381322674981765,-0.22485063076725015,-0.4132816367309264
5079,-0.4701688411954412,-0.3217802561687725,-0.14838858502666874
5090,-0.7221139806495441,-0.36485755669040926,-0.3572564239591349
5096,-0.7221139806495441,-0.3188122899969694,-0.4033016906525747
5099,-0.5541505543468088,-0.0011751047749069216,-0.5529754495719019
5101,-0.7221139806495441,-0.6196718802170796,-0.10244210043246449
5102,-0.6381322674981765,-0.4728785083093931,-0.16525375918878343
5105,-0.5541505543468088,-0.21231064668099744,-0.3418399076658114
5111,-0.4701688411954412,0.011872667813662108,-0.4820415090091033
5114,0.45363000346960336,-0.04708421748751684,0.5007142209571201
5117,0.45363000346960336,-0.19142191651650475,0.6450519199861081
5119,-0.3861871280440733,-0.20123160145772262,-0.18495552658635067
5133,-0.218223701741338,-0.40135758053823634,0.18313387879689833
5138,-0.218223701741338,-0.15314843342722417,-0.06507526831411384
5140,-0.6381322674981765,0.07227803288973829,-0.7104103003879149
5141,-0.3861871280440733,-0.4570247338007445,0.0708376057566712
5146,1.9653008401942214,1.0668076608870725,0.8984931793071489
5152,-0.7221139806495441,-0.30465602150210724,-0.4174579591474369
5155,0.2856665771668681,-0.11276411178811187,0.39843068895497996
5159,-0.4701688411954412,0.045360636123915186,-0.5155294773193564
5160,0.45363000346960336,0.05952194957251062,0.39410805389709275
5162,-0.7221139806495441,-0.15339675867060987,-0.5687172219789343
5163,-0.7221139806495441,-0.41712197742657287,-0.30499200322297126
5176,-0.7221139806495441,0.20826064970787805,-0.9303746303574222
5178,-0.6381322674981765,-0.1847703812486561,-0.45336188624952045
5180,-0.5541505543468088,0.6322294729146973,-1.1863800272615062
5184,-0.7221139806495441,-0.05402202686199292,-0.6680919537875512
5190,-0.05026027543860274,-0.11797920969492164,0.06771893425631889
5193,-0.3861871280440733,1.0873796121440569,-1.4735667401881303
5199,0.11770315086413255,0.16350124554321294,-0.04579809467908039
5200,-0.5541505543468088,-0.17237947797480146,-0.38177107637200736
5201,-0.7221139806495441,0.06691707473262919,-0.7890310553821733
5202,-0.7221139806495441,-0.19359783953993992,-0.5285161411096042
5210,1.041501995529177,-0.4246638720955795,1.4661658676247566
5218,0.7055751429237066,-0.6704866132308126,1.3760617561545192
5224,-0.30220541489270564,0.10211153294732782,-0.40431694784003347
5230,-0.7221139806495441,-0.4072808467147765,-0.31483313393476764
5231,-0.4701688411954412,-0.1740740191301436,-0.29609482206529764
5239,-0.7221139806495441,-0.15364540688510003,-0.5684685737644442
5241,-0.7221139806495441,-0.16711227042456941,-0.5550017102249747
5244,-0.6381322674981765,-0.3784589789224103,-0.2596732885757662
5251,0.11770315086413255,-0.15946557434637337,0.27716872521050595
5261,-0.3861871280440733,-0.46298695505022475,0.07679982700615146
5265,-0.3861871280440733,-0.30106479860437185,-0.08512232943970144
5273,-0.05026027543860274,-0.20296715722509806,0.15270688178649533
5283,-0.13424198858997038,-0.13376321339029917,-0.00047877519967121085
5286,-0.7221139806495441,0.31245558649979094,-1.0345695671493351
5288,-0.7221139806495441,-0.564357116276145,-0.15775686437339909
5294,0.2856665771668681,-0.10434443842908639,0.3900110155959545
5296,-0.7221139806495441,-0.5632795095992323,-0.1588344710503118
5300,-0.7221139806495441,-0.24040571711226277,-0.48170826353728136
5303,-0.05026027543860274,-0.19812066116200303,0.1478603857234003
5304,-0.4701688411954412,-0.20281086054342917,-0.26735798065201205
5325,2.8890996848592656,0.2524994095499034,2.636600275309362
5332,0.03372143771276491,-0.3874367767957262,0.4211582145084911
5335,-0.3861871280440733,-0.43809326848902547,0.051906140444952176
5345,-0.7221139806495441,-0.37678603887598494,-0.3453279417735592
5347,-0.4701688411954412,0.2686361671760798,-0.738805008371521
5356,-0.13424198858997038,0.2356218196510285,-0.36986380824099885
5360,0.5376117166209713,1.0354220544656016,-0.49781033784463036
5361,-0.218223701741338,0.012989921531610353,-0.23121362327294837
5367,1.629373987588751,-0.06395047813986036,1.6933244657286113
5368,-0.6381322674981765,0.5144306586831069,-1.1525629261812833
5369,1.7973374138914862,0.7032145908552334,1.0941228230362527
5382,-0.7221139806495441,-0.439781708148411,-0.28233227250113313
5385,-0.30220541489270564,-0.2968884676102309,-0.005316947282474727
5414,1.7133557007401188,0.10256351002291775,1.6107921907172011
5416,0.03372143771276491,0.5679946505385249,-0.53427321282576
5419,-0.5541505543468088,-0.31278481634590416,-0.24136573800090466
5422,-0.3861871280440733,-0.285464071015296,-0.10072305702877732
5425,-0.4701688411954412,0.005595964036490283,-0.4757648052319315
5434,0.03372143771276491,-0.31180111156237234,0.34552254927513726
5435,-0.05026027543860274,0.07262218309632269,-0.12288245853492544
5436,-0.05026027543860274,0.3759282009271874,-0.4261884763657901
5440,-0.05026027543860274,0.20965479010395507,-0.25991506554255783
5445,-0.30220541489270564,-0.3126655540802096,0.010460139187503936
5454,-0.6381322674981765,-0.33377444852762833,-0.3043578189705482
5457,-0.5541505543468088,-0.044411826780472015,-0.5097387275663368
5460,-0.13424198858997038,-0.07115858492292124,-0.06308340366704915
5482,0.45363000346960336,-0.31157510592240345,0.7652051093920068
5484,-0.7221139806495441,-0.3291456486509375,-0.39296833199860665
5489,-0.7221139806495441,-0.21068253702999246,-0.5114314436195517
5492,1.4614105612860155,0.1209870542130131,1.3404235070730024
5495,-0.4701688411954412,-0.11941811073185661,-0.3507507304635846
5502,-0.7221139806495441,-0.4240067808141838,-0.2981071998353603
5503,-0.7221139806495441,0.3200460926793422,-1.0421600733288863
5509,-0.6381322674981765,0.1515456379786399,-0.7896779054768164
5513,0.20168486401550045,0.39383190605644314,-0.19214704204094268
5515,-0.6381322674981765,0.25817401402350715,-0.8963062815216837
5519,-0.05026027543860274,-0.11437974183578686,0.06411946639718413
5527,0.2856665771668681,0.15230981370412994,0.13335676346273817
5542,-0.6381322674981765,-0.5482479254233767,-0.08988434207479978
5543,-0.7221139806495441,-0.5510788626200619,-0.17103511802948224
5547,-0.4701688411954412,-0.3303625488134004,-0.13980629238204084
5556,-0.7221139806495441,-0.3917549640022644,-0.33035901664727974
5558,0.789556856075074,1.0606075860359243,-0.27105072996085033
5559,-0.7221139806495441,0.23385061300611681,-0.9559645936556609
5576,-0.6381322674981765,-0.09003767799470762,-0.5480945895034689
5583,-0.7221139806495441,-0.3797343495924905,-0.3423796310570536
5584,0.45363000346960336,-0.025038203822042675,0.47866820729164605
5587,-0.7221139806495441,-0.39899798998666813,-0.323115990662876
5593,0.45363000346960336,0.20597451912059767,0.2476554843490057
5597,0.3696482903182357,0.8012234028919262,-0.43157511257369047
5599,-0.7221139806495441,-0.28736724952791853,-0.4347467311216256
5602,-0.13424198858997038,-0.2808689740485644,0.14662698545859404
5612,-0.30220541489270564,0.3085963997521286,-0.6108018146448342
5626,-0.7221139806495441,0.19828019765478194,-0.9203941783043261
5631,-0.7221139806495441,0.04596034016440007,-0.7680743208139442
5633,1.629373987588751,0.46505139474942314,1.1643225928393277
5634,-0.7221139806495441,-0.6130428896024966,-0.10907109104704749
5635,-0.6381322674981765,-0.3494644271972285,-0.28866784030094805
5638,-0.5541505543468088,-0.23533795927805817,-0.31881259506875065
5639,0.20168486401550045,0.051923643954412214,0.14976122006108825
5642,-0.3861871280440733,0.12269490153648453,-0.5088820295805578
5656,2.8051179717078982,0.6960038937511299,2.109114077956768
5663,-0.7221139806495441,0.3506222064504325,-1.0727361870999768
5664,-0.13424198858997038,0.5772644102299359,-0.7115063988199063
5665,-0.7221139806495441,-0.1671992417783419,-0.5549147388712022
5669,-0.4701688411954412,0.07632766239667846,-0.5464965035921197
5676,0.789556856075074,0.08725295491273038,0.7023039011623435
5678,-0.6381322674981765,0.020974125508436747,-0.6591063930066132
5680,-0.5541505543468088,-0.10468422614595305,-0.44946632820085575
5686,-0.05026027543860274,-0.5318263230459948,0.481566047607392
5687,-0.7221139806495441,-0.1485982872361461,-0.573515693413398
5698,1.545392274437383,0.37621776756923453,1.1691745068681483
5700,-0.7221139806495441,-0.22421614879889099,-0.49789783185065317
5706,-0.7221139806495441,-0.47519731007916655,-0.24691667057037758
5714,-0.7221139806495441,-0.6216809264424539,-0.10043305420709026
5723,-0.7221139806495441,0.30443704266363775,-1.0265510233131818
5751,0.6215934297723387,-0.04396171057509213,0.6655551403474308
5753,1.4614105612860155,1.127852268015362,0.33355829327065356
5760,-0.7221139806495441,-0.39488982536122813,-0.327224155288316
5762,-0.218223701741338,-0.5698326085254476,0.3516089067841096
5763,-0.218223701741338,0.1374805797681595,-0.3557042815094975
5768,1.4614105612860155,0.22186354081613235,1.239547020469883
5771,-0.7221139806495441,-0.11850244529214425,-0.6036115353573999
5773,0.8735385692264418,1.1369117920142755,-0.2633732227878337
5780,1.7973374138914862,0.1163639330371271,1.680973480854359
5782,-0.7221139806495441,-0.39609317867626,-0.32602080197328415
5785,-0.7221139806495441,-0.18627735999882555,-0.5358366206507186
5786,-0.3861871280440733,-0.20504752248377328,-0.1811396055603
5792,-0.7221139806495441,-0.5547974088637503,-0.16731657178579384
5793,-0.7221139806495441,-0.14818922748717203,-0.5739247531623721
5804,-0.7221139806495441,-0.6526928705387484,-0.06942111011079577
5806,-0.7221139806495441,-0.3915910525929829,-0.33052292805656125
5812,-0.3861871280440733,-0.05238658945921284,-0.3338005385848605
5816,-0.5541505543468088,-0.42927099347481174,-0.12487956087199709
5819,-0.4701688411954412,0.08555308329010365,-0.5557219244855449
5822,-0.13424198858997038,0.037436977713610785,-0.17167896630358118
5837,-0.7221139806495441,-0.5793256401597606,-0.1427883404897835
5841,0.6215934297723387,-0.3260438174643066,0.9476372472366452
5845,-0.7221139806495441,-0.4787968173472417,-0.2433171633023024
5848,-0.7221139806495441,-0.18733500549435605,-0.5347789751551881
5849,0.2856665771668681,0.09915213130588364,0.18651444586098448
5858,-0.7221139806495441,-0.24026991250077162,-0.4818440681487725
5862,-0.6381322674981765,-0.1872571139205987,-0.4508751535775778
5867,-0.5541505543468088,-0.07585153888673589,-0.4782990154600729
5879,-0.4701688411954412,-0.20827717434882156,-0.2618916668466197
5884,-0.6381322674981765,-0.5512022912343545,-0.08692997626382204
5891,-0.5541505543468088,-0.19225041002892254,-0.3619001443178863
5893,-0.7221139806495441,-0.0932661265756375,-0.6288478540739066
5897,-0.05026027543860274,-0.26569309759666465,0.21543282215806192
5904,-0.7221139806495441,-0.20683164204005663,-0.5152823386094875
5910,0.5376117166209713,0.7062098656181885,-0.16859814899721726
5911,1.3774288481346477,0.6620844903902822,0.7153443577443656
5921,-0.7221139806495441,-0.4413084691528427,-0.2808055114967014
5922,-0.7221139806495441,-0.010979012649514914,-0.7111349680000292
5923,-0.7221139806495441,-0.243455563653856,-0.4786584169956881
5928,0.5376117166209713,-0.13889920302372577,0.676510919644697
5934,2.8051179717078982,0.712528358591867,2.092589613116031
5944,-0.7221139806495441,-0.3583148321237154,-0.36379914852582873
5948,-0.4701688411954412,-0.3764092984646521,-0.09375954273078912
5955,-0.5541505543468088,-0.3845763963750754,-0.16957415797173342
5956,-0.5541505543468088,-0.23143085848470815,-0.3227196958621007
5962,-0.7221139806495441,-0.03183072875193146,-0.6902832518976126
5964,-0.7221139806495441,-0.05855405183562099,-0.6635599288139231
5969,0.6215934297723387,-0.24375649953496742,0.8653499293073061
5974,-0.5541505543468088,-0.3046466004483334,-0.2495039538984754
5975,-0.13424198858997038,-0.26105352592798087,0.12681153733801048
5981,-0.7221139806495441,-0.10428125697375018,-0.6178327236757939
5985,-0.5541505543468088,-0.10407903240101057,-0.45007152194579825
5990,-0.7221139806495441,-0.4206562602756516,-0.3014577203738925
5994,-0.6381322674981765,-0.11044084947636136,-0.5276914180218152
5998,-0.3861871280440733,-0.46938738993599954,0.08320026189192625
6005,0.20168486401550045,-0.2241051214598791,0.42578998547537955
6014,-0.6381322674981765,-0.1614056086175522,-0.4767266588806243
6018,0.5376117166209713,0.24768805885557146,0.28992365776539986
6024,-0.7221139806495441,-0.596950490049612,-0.12516349059993215
6028,-0.7221139806495441,-0.5356862141385437,-0.18642776651100046
6029,-0.7221139806495441,-0.19688168551269264,-0.5252322951368515
6030,-0.3861871280440733,-0.6457286357922002,0.2595415077481269
6036,1.7973374138914862,0.13563232113578716,1.661705092755699
6040,0.45363000346960336,0.2998590275574437,0.15377097591215966
6046,0.5376117166209713,0.12409663931671237,0.4135150773042589
6049,0.45363000346960336,0.18787666556443028,0.2657533379051731
6052,-0.7221139806495441,-0.13911297641842285,-0.5830010042311213
6056,-0.7221139806495441,1.0884878761575374,-1.8106018568070814
6057,3.3090082506161047,0.5817085289744051,2.7272997216416996
6064,-0.4701688411954412,-0.05413661221405752,-0.4160322289813837
6075,-0.30220541489270564,-0.3155958185394292,0.013390403646723559
6080,-0.5541505543468088,-0.18169879120469137,-0.3724517631421175
6086,0.20168486401550045,0.025626288250430392,0.17605857576507006
6087,2.8890996848592656,0.6524444087115704,2.236655276147695
6094,-0.7221139806495441,-0.13947540886544293,-0.5826385717841012
6096,-0.3861871280440733,-0.25684244014778995,-0.12934468789628334
6098,-0.7221139806495441,-0.4472679657636495,-0.2748460148858946
6099,-0.5541505543468088,0.02772877375084155,-0.5818793280976504
6103,-0.7221139806495441,1.4537910440096895,-2.1759050246592335
6110,-0.7221139806495441,-0.1452168951140658,-0.5768970855354784
6116,2.8051179717078982,1.2597530565841122,1.545364915123786
6117,0.45363000346960336,0.38617629897981864,0.06745370448978472
6118,1.629373987588751,0.8940363691570068,0.7353376184317442
6119,-0.7221139806495441,-0.19477819367247884,-0.5273357869770653
6120,1.629373987588751,0.06347994902964929,1.5658940385591016
6126,1.629373987588751,1.0104339673145575,0.6189400202741935
6127,2.8051179717078982,0.029261362561678383,2.77585660914622
6137,1.545392274437383,1.6046063630945855,-0.05921408865720257
6142,-0.30220541489270564,-0.21985996826541693,-0.08234544662728871
6146,-0.13424198858997038,-0.36211648301978616,0.22787449442981578
6148,-0.7221139806495441,-0.268945294819114,-0.45316868583043013
6149,-0.4701688411954412,-0.12549824655611183,-0.34467059463932936
6150,-0.30220541489270564,0.006507052753338254,-0.3087124676460439
6174,-0.05026027543860274,0.06968665935722222,-0.11994693479582497
6183,-0.7221139806495441,-0.11094248837991454,-0.6111714922696296
6208,-0.6381322674981765,-0.15385070323572114,-0.4842815642624554
6210,-0.6381322674981765,0.23902004952758282,-0.8771523170257594
6219,-0.4701688411954412,-0.3388008656191627,-0.1313679755762785
6226,-0.7221139806495441,-0.6344044074462263,-0.08770957320331785
6228,2.7211362585565304,0.9391343657830976,1.7820018927734327
6229,0.2856665771668681,-0.11676262128281673,0.40242919844968483
6232,0.3696482903182357,0.20347787521436012,0.1661704151038756
6234,2.38520940595106,1.3308923175963858,1.0543170883546742
6236,1.125483708680545,-0.14261531749029965,1.2680990261708445
6239,-0.13424198858997038,0.6484421143210348,-0.7826841029110052
6240,0.20168486401550045,-0.11364690901326817,0.31533177302876864
6248,1.041501995529177,0.7389597245956739,0.30254227093350317
6250,-0.7221139806495441,-0.16966717501091316,-0.5524468056386309
6254,0.03372143771276491,0.14405546501365502,-0.1103340273008901
6255,-0.7221139806495441,-0.3358862725899543,-0.38622770805958984
6256,-0.7221139806495441,-0.5992608040570736,-0.12285317659247053
6258,-0.5541505543468088,-0.13669532548290173,-0.41745522886390707
6266,1.125483708680545,1.2017684846929853,-0.07628477601244033
6269,-0.4701688411954412,-0.5766804944564714,0.10651165326103018
6270,-0.4701688411954412,0.7551570964425105,-1.2253259376379517
6272,-0.4701688411954412,-0.10307033192702393,-0.3670985092684173
6286,-0.7221139806495441,-0.2662625693655172,-0.45585141128402695
6288,-0.7221139806495441,-0.21369997635938867,-0.5084140042901555
6296,0.5376117166209713,0.43885486866749124,0.09875684795348005
6299,0.45363000346960336,0.7668764522674372,-0.3132464487978338
6304,-0.4701688411954412,-0.4680327093620019,-0.002136131833439303
6306,0.8735385692264418,0.05980516523001253,0.8137334039964292
6309,1.629373987588751,-0.35902363855776037,1.9883976261465113
6318,0.8735385692264418,0.10011261184597384,0.7734259573804679
6334,-0.218223701741338,-0.22597545416789488,0.007751752426556874
6343,2.553172832253795,-0.13528886280440458,2.6884616950581997
6348,3.980861955827046,-0.4476209974273944,4.4284829532544405
6357,0.5376117166209713,-0.19407306769139315,0.7316847843123644
6362,0.5376117166209713,0.7258728293482538,-0.18826111272728252
6367,0.5376117166209713,0.45247146231034296,0.08514025431062833
6368,-0.218223701741338,1.1355491135810996,-1.3537728153224375
6375,1.881319127042854,0.20994413442177356,1.6713749926210804
6376,-0.13424198858997038,-0.46278546679890264,0.32854347820893226
6380,-0.3861871280440733,-0.19203869820142738,-0.1941484298426459
6381,-0.05026027543860274,-0.3088737160336087,0.25861344059500596
6382,-0.7221139806495441,0.4469166636200478,-1.169030644269592
6385,2.1332642664969566,-0.15222689092030567,2.2854911574172623
6392,-0.4701688411954412,-0.044156246776570755,-0.42601259441887046
6394,-0.218223701741338,-0.036712738247448765,-0.18151096349388923
6403,-0.7221139806495441,0.09723897341976472,-0.8193529540693089
6404,-0.6381322674981765,-0.2734767351231794,-0.36465553237499715
6417,-0.7221139806495441,-0.5923865074742366,-0.12972747317530753
6424,-0.5541505543468088,-0.5233446129039583,-0.030805941442850537
6429,-0.7221139806495441,0.24141124210750411,-0.9635252227570482
6456,1.041501995529177,0.011329431074493924,1.030172564454683
6460,-0.7221139806495441,-0.5609379741649216,-0.1611760064846225
6464,-0.7221139806495441,0.051210970750274885,-0.773324951399819
6468,-0.6381322674981765,-0.013938531979691346,-0.6241937355184852
6469,0.45363000346960336,1.5488136511073856,-1.095183647637782
6470,2.8051179717078982,-0.16595363195815632,2.9710716036660547
6487,-0.7221139806495441,-0.20819843797518184,-0.5139155426743622
6494,0.8735385692264418,0.8470926030795294,0.026445966146912414
6496,0.2856665771668681,0.19003156033105842,0.09563501683580969
6500,0.45363000346960336,-0.11616434298564705,0.5697943464552504
6503,0.11770315086413255,0.25136076378698136,-0.1336576129228488
6505,-0.7221139806495441,-0.38482018539757984,-0.3372937952519643
6514,-0.6381322674981765,-0.1682520887489327,-0.4698801787492438
6516,-0.3861871280440733,-0.14553988836330428,-0.240647239680769
6517,-0.7221139806495441,0.10465183525934345,-0.8267658159088875
6524,-0.7221139806495441,-0.13698542188345675,-0.5851285587660874
6525,-0.7221139806495441,0.09156087729765669,-0.8136748579472008
6529,-0.7221139806495441,-0.15534989539353902,-0.5667640852560051
6530,-0.7221139806495441,-0.1492003585480689,-0.5729136221014752
6531,3.980861955827046,-0.3761469781923559,4.357008934019402
6538,0.45363000346960336,1.3027159535208246,-0.8490859500512212
6542,-0.7221139806495441,-0.6693424504480288,-0.05277153020151537
6551,-0.7221139806495441,-0.2709438318084886,-0.45117014884105555
6554,-0.6381322674981765,-0.5578879630019392,-0.08024430449623732
6561,-0.7221139806495441,0.44285956960759365,-1.164973550257138
6570,0.20168486401550045,0.1434738544022846,0.05821100961321585
6571,0.2856665771668681,-0.09845478625589556,0.38412136342276365
6577,-0.7221139806495441,-0.39959928735636735,-0.3225146932931768
6588,-0.6381322674981765,0.3206638794507,-0.9587961469488766
6589,-0.7221139806495441,-0.10276597911696385,-0.6193480015325803
6607,-0.30220541489270564,-0.23518601420884927,-0.06701940068385637
6611,-0.6381322674981765,-0.24951063552062103,-0.3886216319775555
6613,-0.30220541489270564,-0.3770622774254356,0.07485686253272994
6626,-0.5541505543468088,-0.5029240323410314,-0.051226522005777375
6630,-0.6381322674981765,0.07478173328872757,-0.7129140007869041
6631,-0.7221139806495441,-0.114236864598608,-0.6078771160509361
6638,-0.4701688411954412,-0.27373227006408557,-0.19643657113135565
6648,-0.4701688411954412,-0.1436759532821354,-0.32649288791330583
6649,-0.13424198858997038,0.537965520467729,-0.6722075090576994
6660,1.629373987588751,1.9087176292413883,-0.27934364165263736
6661,-0.7221139806495441,-0.07645048878252776,-0.6456634918670163
6676,0.9575202823778092,0.1121640930216275,0.8453561893561816
6685,-0.6381322674981765,-0.32170023903166595,-0.3164320284665106
6687,0.45363000346960336,-0.15414503856954287,0.6077750420391462
6690,-0.5541505543468088,-0.22010220220048735,-0.33404835214632145
6702,-0.5541505543468088,0.10050139931678574,-0.6546519536635945
6715,0.2856665771668681,0.1442776401384631,0.14138893702840502
6718,-0.30220541489270564,-0.3558331837362572,0.05362776884355158
6719,2.38520940595106,0.6249786108007197,1.7602307951503402
6722,0.6215934297723387,0.7307650445714041,-0.10917161479906545
6724,-0.6381322674981765,-0.2899252451773232,-0.3482070223208533
6725,-0.7221139806495441,-0.2957258406058088,-0.4263881400437353
6731,-0.7221139806495441,-0.3425425924652091,-0.37957138818433506
6737,0.20168486401550045,0.04564865878746207,0.15603620522803838
6738,1.041501995529177,0.2956548235995117,0.7458471719296654
6744,-0.30220541489270564,-0.5014284955785979,0.19922308068589228
6748,-0.3861871280440733,0.03162479796719304,-0.4178119260112663
6758,-0.5541505543468088,-0.4200012853906883,-0.1341492689561205
6759,-0.5541505543468088,-0.12904395870091462,-0.4251065956458942
6760,1.629373987588751,0.7439903844337183,0.8853836031550326
6762,-0.7221139806495441,-0.37274872574532864,-0.3493652549042155
6764,-0.7221139806495441,-0.0967803214652196,-0.6253336591843245
6766,0.45363000346960336,1.9694525457495171,-1.5158225422799139
6771,1.3774288481346477,0.47755299994236805,0.8998758481922797
6773,-0.3861871280440733,-0.09922715462851196,-0.28695997341556134
6782,0.3696482903182357,-0.2962866758232221,0.6659349661414578
6784,-0.7221139806495441,-0.3404147984773179,-0.3816991821722262
6787,-0.13424198858997038,-0.16985295120170107,0.03561096261173069
6788,-0.7221139806495441,-0.2817256437195764,-0.4403883369299677
6798,-0.30220541489270564,0.15483400990751808,-0.45703942480022375
6800,0.20168486401550045,-0.01916732004294841,0.22085218405844886
6802,-0.5541505543468088,0.26320782606740284,-0.8173583804142117
6810,-0.7221139806495441,0.4582724610065175,-1.1803864416560617
6811,-0.5541505543468088,-0.37760778185496896,-0.17654277249183986
6813,-0.7221139806495441,-0.6690816162557691,-0.05303236439377501
6815,1.125483708680545,0.32375773393493473,0.8017259747456102
6818,-0.13424198858997038,-0.3360120451031865,0.2017700565132161
6820,-0.7221139806495441,-0.40931385940255666,-0.3128001212469875
6824,-0.05026027543860274,0.14482542280347646,-0.1950856982420792
6835,-0.7221139806495441,-0.030153359356602672,-0.6919606212929414
6840,0.45363000346960336,-0.1363541123761441,0.5899841158457475
6848,-0.6381322674981765,-0.16917397086806568,-0.46895829663011085
6851,2.8051179717078982,1.936724483763735,0.8683934879441633
6858,1.629373987588751,0.3193883635370769,1.309985624051674
6861,-0.7221139806495441,-0.21539854448479054,-0.5067154361647536
6864,3.980861955827046,0.15688469042523584,3.82397726540181
6866,-0.3861871280440733,0.5106899162952726,-0.8968770443393459
6874,-0.7221139806495441,-0.006221574580609141,-0.715892406068935
6879,-0.218223701741338,0.4464941963662804,-0.6647178981076184
6890,1.041501995529177,0.28408162276405047,0.7574203727651266
6905,-0.6381322674981765,-0.45286766303374504,-0.1852646044644315
6907,-0.5541505543468088,-0.24208817409388478,-0.31206238025292404
6908,0.3696482903182357,-0.30633437511712697,0.6759826654353627
6912,-0.13424198858997038,-0.23528894952475057,0.10104696093478019
6916,0.20168486401550045,0.2313093157186448,-0.029624451703144344
6917,-0.6381322674981765,-0.3182852372358441,-0.3198470302623324
6920,0.03372143771276491,1.1172687003733814,-1.0835472626606166
6932,-0.7221139806495441,-0.10701424964793459,-0.6150997310016095
6945,-0.05026027543860274,-0.07348375434161862,0.023223478903015883
6947,-0.13424198858997038,-0.09645449569733056,-0.03778749289263983
6959,1.881319127042854,-0.027561584787446424,1.9088807118303004
6967,0.45363000346960336,0.4329527574207011,0.020677246048902254
6968,-0.7221139806495441,-0.26077938992492444,-0.4613345907246197
6982,-0.4701688411954412,-0.24125456494885805,-0.22891427624658317
6984,-0.7221139806495441,-0.08111086945067049,-0.6410031111988737
6989,-0.6381322674981765,-0.3099219214218785,-0.328210346076298
6993,2.8051179717078982,1.6181524006208172,1.186965571087081
6995,2.8051179717078982,-0.17648305300637546,2.9816010247142737
6997,-0.7221139806495441,1.0514788740712981,-1.7735928547208424
6999,0.45363000346960336,0.03427901242147734,0.419350991048126
7001,-0.7221139806495441,-0.08956810325616019,-0.632545877393384
7005,0.3696482903182357,0.1806385328166397,0.18900975750159602
7007,-0.6381322674981765,-0.2770910256191925,-0.361041241878984
7015,-0.7221139806495441,0.16633886125614084,-0.888452841905685
7019,-0.7221139806495441,-0.42963656797920513,-0.292477412670339
7020,0.7055751429237066,-0.1831060064451847,0.8886811493688913
7026,0.7055751429237066,0.0207006850339965,0.6848744578897101
7038,-0.7221139806495441,-0.1768398309801812,-0.5452741496693629
7048,1.041501995529177,0.0685545285240003,0.9729474670051768
7052,-0.7221139806495441,-0.3925659413959731,-0.329548039253571
7053,-0.13424198858997038,0.6795533664746289,-0.8137953550645993
7062,2.049282553345589,0.7358635808841357,1.3134189724614536
7067,-0.7221139806495441,-0.26795703868256676,-0.45415694196697737
7069,-0.7221139806495441,-0.4058196366465975,-0.31629434400294665
7085,-0.6381322674981765,-0.35075206333946946,-0.2873802041587071
7093,-0.7221139806495441,-0.09661524060404997,-0.6254987400454941
7100,-0.6381322674981765,0.6051557717691662,-1.2432880392673429
7114,0.9575202823778092,1.0818715930726361,-0.12435131069482697
7123,-0.7221139806495441,0.047859620239171494,-0.7699736008887156
7125,-0.7221139806495441,-0.2129637273755054,-0.5091502532740387
7127,-0.05026027543860274,0.09567805352983018,-0.14593832896843292
7128,-0.6381322674981765,-0.3461247012247386,-0.29200756627343794
7130,-0.5541505543468088,0.05313748348226067,-0.6072880378290695
7149,-0.30220541489270564,-0.16780401831199357,-0.13440139658071207
7155,-0.7221139806495441,0.27353729871980553,-0.9956512793693497
7157,2.049282553345589,0.2951597226361719,1.7541228307094172
7163,2.8051179717078982,0.06444345337321786,2.7406745183346803
7166,-0.7221139806495441,-0.30598665002221015,-0.416127330627334
7169,0.11770315086413255,-0.002835587212489466,0.12053873807662202
7171,-0.7221139806495441,0.20553100029120205,-0.9276449809407462
7173,0.45363000346960336,-0.32428840076486515,0.7779184042344685
